ANIO,CCDD,NOMBREDD,CCPP,NOMBREPV,CCDI,NOMBREDI,NSEGM,ID_PROD,UA,RESFIN,REGION,ESTRATO,FACTOR_PRODUCTOR,CODIGO,P101A,P142_1,P142_2,P147,P224B,P224B_NOM,P224B_COD,P224B_TIPO,P224D_SUP_1,P224D_SUP_2,P224E_1,P224E_2,P224E_3,P224E_4,P224E_5,P224E_6,P224E_7,OMICAP200_00
2025,01,AMAZONAS,01,CHACHAPOYAS,06,CHUQUIBAMBA,30016,06,06,1,2,010132004,4.379518,1,,1,1,4,1,FRIJOL PINTO,2930,1,0,050,0,0,1,0,0,0,0, 
2025,01,AMAZONAS,01,CHACHAPOYAS,09,LA JALCA,30023,03,03,1,2,010131004,4.533572,1,,1,1,2,1,PAPA BLANCA,2612,1,0,500,0,0,0,0,0,1,0, 
2025,01,AMAZONAS,01,CHACHAPOYAS,09,LA JALCA,30023,03,03,1,2,010131004,4.533572,1,,1,1,1,1,PAPA BLANCA,2612,1,0,301,0,0,0,0,0,1,0, 
2025,01,AMAZONAS,01,CHACHAPOYAS,17,QUINJALCA,30046,01,01,1,2,010131005,77.49801,1,,1,1,1,1,OLLUCO,2609,1,0,400,0,0,1,1,0,1,0, 
2025,01,AMAZONAS,01,CHACHAPOYAS,17,QUINJALCA,30046,01,01,1,2,010131005,77.49801,1,,1,1,1,2,OCA,2608,1,0,030,0,0,1,1,0,1,0, 
2025,01,AMAZONAS,02,BAGUA,01,BAGUA,30060,06,06,1,3,010293004,3.418994,1,,1,0,2,1,ARROZ CASCARA,2101,1,3,500,1,1,0,0,0,0,0, 
2025,01,AMAZONAS,02,BAGUA,01,BAGUA,30060,06,06,1,3,010293004,3.418994,1,,1,0,1,1,ARROZ CASCARA,2101,1,15,000,1,1,0,0,0,0,0, 
2025,01,AMAZONAS,02,BAGUA,01,BAGUA,30060,06,06,1,3,010293004,3.418994,1,,1,0,3,1,ARROZ CASCARA,2101,1,2,000,1,1,0,0,0,0,0, 
2025,01,AMAZONAS,02,BAGUA,01,BAGUA,30060,08,08,1,3,010293004,4.422313,1,,1,0,1,1,LIMON ACIDO,1140,3,1,215,0,0,0,0,0,1,0, 
2025,01,AMAZONAS,02,BAGUA,01,BAGUA,30061,02,02,1,3,010281005,45.37971,1,,1,0,1,1,ARROZ CASCARA,2101,1,5,000,0,0,0,0,0,1,0, 
2025,01,AMAZONAS,02,BAGUA,02,ARAMANGO,30062,06,06,1,3,010282005,2.611727,1,,1,1,2,1,NARANJO,1156,2,0,750,0,0,1,0,0,1,0, 
2025,01,AMAZONAS,02,BAGUA,02,ARAMANGO,30062,07,07,1,3,010282005,10.18427,1,,1,1,1,1,NARANJO,1156,2,0,500,0,0,1,0,0,1,0, 
2025,01,AMAZONAS,02,BAGUA,02,ARAMANGO,30065,06,06,1,3,010272004,6.897732,1,,1,1,2,1,YACON,2619,1,0,500,0,0,0,0,0,1,0, 
2025,01,AMAZONAS,02,BAGUA,02,ARAMANGO,30065,07,07,1,3,010272004,16.46589,1,,1,1,1,1,MAIZ AMARILLO DURO,2107,1,0,200,0,0,0,0,0,1,1, 
2025,01,AMAZONAS,02,BAGUA,02,ARAMANGO,30065,08,08,1,3,010272004,89.00714,1,,1,1,1,1,FRIJOL ASHPA,2904,1,0,050,0,0,0,0,0,1,0, 
2025,01,AMAZONAS,02,BAGUA,02,ARAMANGO,30065,08,08,1,3,010272004,89.00714,1,,1,1,1,2,FRIJOL SHINGO,2939,1,0,050,0,0,0,0,0,1,0, 
2025,01,AMAZONAS,02,BAGUA,02,ARAMANGO,30074,01,01,1,3,010282005,75.17447,1,,1,1,2,1,CACAO,1202,3,0,050,0,0,0,0,0,1,0, 
2025,01,AMAZONAS,02,BAGUA,02,ARAMANGO,30074,02,02,1,3,010282005,256.5258,1,,1,1,2,1,MAIZ AMARILLO DURO,2107,1,0,700,0,0,0,0,0,1,0, 
2025,01,AMAZONAS,02,BAGUA,02,ARAMANGO,30074,04,04,1,3,010282005,11.08695,1,,1,1,1,1,PLATANO,1171,3,0,200,0,0,0,0,0,1,0, 
2025,01,AMAZONAS,02,BAGUA,02,ARAMANGO,30079,01,01,1,3,010282005,85.37811,1,,1,1,1,1,PLATANO,1171,3,2,000,0,0,0,0,0,1,0, 
2025,01,AMAZONAS,02,BAGUA,02,ARAMANGO,30079,01,01,1,3,010282005,85.37811,1,,1,1,3,1,PLATANO,1171,3,1,000,0,0,0,0,0,1,0, 
2025,01,AMAZONAS,02,BAGUA,02,ARAMANGO,30079,01,01,1,3,010282005,85.37811,1,,1,1,1,2,CACAO,1202,3,1,900,0,0,0,0,0,1,0, 
2025,01,AMAZONAS,02,BAGUA,02,ARAMANGO,30079,01,01,1,3,010282005,85.37811,1,,1,1,3,2,PAPAYA,1163,2,1,000,0,0,0,0,0,1,0, 
2025,01,AMAZONAS,02,BAGUA,02,ARAMANGO,30079,02,02,1,3,010282005,11.74448,1,,1,1,2,1,PAPAYA,1163,2,1,000,0,0,0,0,0,1,0, 
2025,01,AMAZONAS,02,BAGUA,02,ARAMANGO,30079,04,04,1,3,010282005,56.11858,1,,1,1,1,1,PLATANO,1171,3,1,250,0,0,0,0,0,1,0, 
2025,01,AMAZONAS,02,BAGUA,02,ARAMANGO,30079,05,05,1,3,010282005,24.384,1,,1,1,1,1,PASTO BRIZANTA,1408,3,1,000,1,0,0,0,0,0,0, 
2025,01,AMAZONAS,02,BAGUA,02,ARAMANGO,30079,05,05,1,3,010282005,24.384,1,,1,1,4,1,MAIZ AMARILLO DURO,2107,1,1,000,0,0,0,0,0,1,0, 
2025,01,AMAZONAS,03,BONGARA,06,FLORIDA,30109,05,05,1,2,010373005,54.38698,1,,1,1,1,1,FRIJOL PINTO,2930,1,1,500,0,0,0,0,0,0,1, 
2025,01,AMAZONAS,03,BONGARA,07,JAZAN,30114,03,03,1,2,010331004,54.2155,1,,1,1,2,1,MAIZ AMILACEO,2108,1,0,250,0,0,1,0,0,0,0, 
2025,01,AMAZONAS,03,BONGARA,10,SHIPASBAMBA,30117,01,01,1,3,010372005,1.850492,1,,1,0,1,1,ZAPALLO,2345,1,1,500,0,0,1,0,0,0,0, 
2025,01,AMAZONAS,03,BONGARA,10,SHIPASBAMBA,30118,01,01,1,3,010373005,36.27275,1,,1,1,2,1,CAFE PERGAMINO,1203,2,0,250,0,0,1,0,0,0,0, 
2025,01,AMAZONAS,03,BONGARA,12,YAMBRASBAMBA,30119,03,03,1,3,010371005,4.237248,1,,1,1,2,1,CAFE PERGAMINO,1203,2,0,040,0,0,0,0,0,1,0, 
2025,01,AMAZONAS,03,BONGARA,12,YAMBRASBAMBA,30119,09,09,1,3,010371005,2.185297,1,,1,1,1,1,MAIZ AMILACEO,2108,1,0,500,0,0,1,0,0,0,0, 
2025,01,AMAZONAS,03,BONGARA,12,YAMBRASBAMBA,30119,09,09,1,3,010371005,2.185297,1,,1,1,1,2,FRIJOL PINTO,2930,1,0,500,0,0,0,0,0,1,0, 
2025,01,AMAZONAS,03,BONGARA,12,YAMBRASBAMBA,30126,02,02,1,3,010371005,21.48995,1,,1,1,1,1,FRIJOL PINTO,2930,1,0,750,0,0,0,0,0,1,0, 
2025,01,AMAZONAS,03,BONGARA,12,YAMBRASBAMBA,30126,04,04,1,3,010371005,15.55003,1,,1,1,1,1,ARRACACHA,2602,1,0,050,0,0,0,0,0,1,0, 
2025,01,AMAZONAS,03,BONGARA,12,YAMBRASBAMBA,30126,04,04,1,3,010371005,15.55003,1,,1,1,1,2,YUCA,2620,1,0,010,0,0,0,0,0,1,0, 
2025,01,AMAZONAS,03,BONGARA,12,YAMBRASBAMBA,30126,04,04,1,3,010371005,15.55003,1,,1,1,1,3,FRIJOL PINTO,2930,1,0,013,0,0,0,0,0,1,0, 
2025,01,AMAZONAS,03,BONGARA,12,YAMBRASBAMBA,30126,04,04,1,3,010371005,15.55003,1,,1,1,1,4,MAIZ AMARILLO DURO,2107,1,0,060,0,0,0,0,0,1,0, 
2025,01,AMAZONAS,04,CONDORCANQUI,01,NIEVA,30129,02,02,1,3,010493005,30.58053,1,,1,1,1,1,PLATANO,1171,3,10,500,0,1,0,0,0,0,0, 
2025,01,AMAZONAS,04,CONDORCANQUI,01,NIEVA,30129,02,02,1,3,010493005,30.58053,1,,1,1,2,1,PLATANO,1171,3,3,750,0,1,0,0,0,0,0, 
2025,01,AMAZONAS,04,CONDORCANQUI,01,NIEVA,30129,03,03,1,3,010493005,14.57145,1,,1,1,2,1,PLATANO,1171,3,2,000,0,1,0,0,0,0,0, 
2025,01,AMAZONAS,05,LUYA,04,COLCAMAR,30149,01,01,1,2,010571003,3.049581,1,,1,1,1,1,ARVEJA,2901,1,0,024,0,0,0,0,0,1,0, 
2025,01,AMAZONAS,05,LUYA,04,COLCAMAR,30149,02,02,1,2,010571003,74.79375,1,,1,1,5,1,MAIZ AMILACEO,2108,1,0,250,0,0,0,0,0,1,0, 
2025,01,AMAZONAS,05,LUYA,06,INGUILPATA,30150,02,02,1,2,010532003,6.743883,1,,1,1,2,1,FRIJOL PINTO,2930,1,0,050,0,0,1,0,0,0,0, 
2025,01,AMAZONAS,05,LUYA,08,LONYA CHICO,30159,04,04,1,2,010531003,.2689622,1,,1,1,1,1,ARVEJA,2901,1,0,550,0,0,0,0,0,1,1, 
2025,01,AMAZONAS,05,LUYA,13,OCUMAL,30175,01,01,1,3,010573004,234.6196,1,,1,1,7,1,NARANJO,1156,2,0,004,0,0,1,0,0,0,0, 
2025,01,AMAZONAS,05,LUYA,16,SAN CRISTOBAL,30180,03,03,1,2,010532003,.4661645,1,,1,1,1,1,CAÑA DE AZUCAR PARA AZUCAR,2808,1,0,125,0,0,0,0,0,0,1, 
2025,01,AMAZONAS,05,LUYA,18,SAN JERONIMO,30183,05,05,1,3,010573004,12.2444,1,,1,1,2,1,CHIRIMOYO,1121,2,0,020,0,0,1,0,0,0,0, 
2025,01,AMAZONAS,05,LUYA,18,SAN JERONIMO,30183,05,05,1,3,010573004,12.2444,1,,1,1,2,2,NARANJO,1156,2,0,006,0,0,1,0,0,0,0, 
2025,01,AMAZONAS,05,LUYA,18,SAN JERONIMO,30185,05,05,1,2,010531003,6.625759,1,,1,0,2,1,COL,2319,1,0,250,0,0,0,0,0,1,1, 
2025,01,AMAZONAS,06,RODRIGUEZ DE MENDOZA,09,OMIA,30212,03,03,1,3,010673004,12.94711,1,,1,1,3,1,ZAPOTE,1193,2,0,050,0,0,1,0,0,0,0, 
2025,01,AMAZONAS,07,UTCUBAMBA,01,BAGUA GRANDE,30236,04,04,1,3,010784004,270.9428,1,,1,1,2,1,MAIZ AMARILLO DURO,2107,1,5,500,0,0,0,0,0,1,0, 
2025,01,AMAZONAS,07,UTCUBAMBA,01,BAGUA GRANDE,30236,04,04,1,3,010784004,270.9428,1,,1,1,1,1,MAIZ AMARILLO DURO,2107,1,7,865,0,0,0,0,0,1,0, 
2025,01,AMAZONAS,07,UTCUBAMBA,01,BAGUA GRANDE,30236,05,05,1,3,010784004,16.90501,1,,1,0,1,1,MAIZ AMARILLO DURO,2107,1,1,300,0,0,0,0,0,1,0, 
2025,01,AMAZONAS,07,UTCUBAMBA,01,BAGUA GRANDE,30241,06,06,1,3,010782004,3.539069,1,,1,0,1,1,MAIZ AMARILLO DURO,2107,1,3,100,0,0,0,0,0,1,0, 
2025,01,AMAZONAS,07,UTCUBAMBA,02,CAJARURO,30245,01,01,1,3,010781004,220.4864,1,,1,1,1,1,PLATANO,1171,3,9,500,0,0,0,0,0,1,0, 
2025,01,AMAZONAS,07,UTCUBAMBA,02,CAJARURO,30246,03,03,1,3,010783005,167.6457,1,,1,1,3,1,CAFE PERGAMINO,1203,2,0,060,0,0,1,0,0,1,0, 
2025,01,AMAZONAS,07,UTCUBAMBA,02,CAJARURO,30246,06,06,1,3,010783005,6.130284,1,,1,1,2,1,ARROZ CASCARA,2101,1,4,000,0,1,0,0,0,0,0, 
2025,01,AMAZONAS,07,UTCUBAMBA,02,CAJARURO,30258,01,01,1,3,010782004,105.2826,1,,1,1,1,1,ARROZ CASCARA,2101,1,4,000,1,1,0,0,0,0,0, 
2025,01,AMAZONAS,07,UTCUBAMBA,02,CAJARURO,30265,05,05,1,3,010781004,2.355266,1,,1,1,1,1,PACAE,1159,2,0,006,0,0,1,0,0,0,0, 
2025,01,AMAZONAS,07,UTCUBAMBA,02,CAJARURO,30268,01,01,1,3,010782004,489.9895,1,,1,1,1,1,YUCA,2620,1,0,500,1,0,0,0,0,0,0, 
2025,01,AMAZONAS,07,UTCUBAMBA,03,CUMBA,30280,01,01,1,3,010781002,1.031494,1,,1,1,2,1,PLATANO,1171,3,2,500,0,1,0,0,0,0,0, 
2025,01,AMAZONAS,07,UTCUBAMBA,03,CUMBA,30280,02,02,1,3,010781002,.7581008,1,,1,1,2,1,PLATANO,1171,3,1,998,0,1,0,0,0,0,0, 
2025,01,AMAZONAS,07,UTCUBAMBA,03,CUMBA,30285,02,02,1,3,010772004,35.44473,1,,1,0,1,1,PLATANO,1171,3,0,020,0,0,1,0,0,0,0, 
2025,01,AMAZONAS,07,UTCUBAMBA,03,CUMBA,30285,02,02,1,3,010772004,35.44473,1,,1,0,1,2,PACAE,1159,2,0,020,0,0,1,0,0,0,0, 
2025,01,AMAZONAS,07,UTCUBAMBA,03,CUMBA,30285,03,03,1,3,010772004,37.72021,1,,1,1,1,1,PLATANO,1171,3,0,007,0,0,1,0,0,0,0, 
2025,01,AMAZONAS,07,UTCUBAMBA,04,EL MILAGRO,30300,04,04,1,3,010781005,13.68823,1,,1,0,1,1,MAIZ AMARILLO DURO,2107,1,1,000,0,0,0,0,0,1,0, 
2025,01,AMAZONAS,07,UTCUBAMBA,04,EL MILAGRO,30301,02,02,1,3,010783005,57.5888,1,,1,1,2,1,MAIZ AMARILLO DURO,2107,1,1,000,0,0,0,0,0,1,0, 
2025,01,AMAZONAS,07,UTCUBAMBA,04,EL MILAGRO,30301,03,03,1,3,010783005,30.45129,1,,1,1,1,1,YUCA,2620,1,0,020,0,0,0,0,0,1,0, 
2025,01,AMAZONAS,07,UTCUBAMBA,04,EL MILAGRO,30304,01,01,1,3,010771004,247.1571,1,,1,1,3,1,MAIZ AMARILLO DURO,2107,1,1,500,0,0,0,0,0,1,0, 
2025,01,AMAZONAS,07,UTCUBAMBA,04,EL MILAGRO,30304,02,02,1,3,010771004,94.40005,1,,1,1,4,1,MAIZ AMARILLO DURO,2107,1,2,000,0,0,0,0,0,1,0, 
2025,01,AMAZONAS,07,UTCUBAMBA,04,EL MILAGRO,30304,02,02,1,3,010771004,94.40005,1,,1,1,1,1,MAIZ AMARILLO DURO,2107,1,1,300,0,0,0,0,0,1,0, 
2025,01,AMAZONAS,07,UTCUBAMBA,04,EL MILAGRO,30304,02,02,1,3,010771004,94.40005,1,,1,1,2,1,MAIZ AMARILLO DURO,2107,1,1,000,0,0,0,0,0,1,0, 
2025,01,AMAZONAS,07,UTCUBAMBA,04,EL MILAGRO,30306,02,02,1,3,010793004,1.915485,1,,1,0,1,1,ARROZ CASCARA,2101,1,3,600,1,1,0,0,0,0,0, 
2025,01,AMAZONAS,07,UTCUBAMBA,04,EL MILAGRO,30307,02,02,1,3,010781004,42.58478,1,,1,1,1,1,MAIZ AMARILLO DURO,2107,1,1,500,0,0,0,0,0,1,0, 
2025,01,AMAZONAS,07,UTCUBAMBA,04,EL MILAGRO,30307,05,05,1,3,010781004,32.76258,1,,1,0,1,1,FRIJOL SHINGO,2939,1,0,200,0,0,0,0,0,1,0, 
2025,01,AMAZONAS,07,UTCUBAMBA,04,EL MILAGRO,30307,05,05,1,3,010781004,32.76258,1,,1,0,1,2,MAIZ AMARILLO DURO,2107,1,0,300,0,0,0,0,0,1,0, 
2025,01,AMAZONAS,07,UTCUBAMBA,04,EL MILAGRO,30308,01,01,1,3,010792003,1.87653,1,,1,0,1,1,ARROZ CASCARA,2101,1,1,000,0,1,0,0,0,0,0, 
2025,01,AMAZONAS,07,UTCUBAMBA,04,EL MILAGRO,30308,02,02,1,3,010792003,.0510195,1,,1,1,1,1,ARROZ CASCARA,2101,1,0,250,1,1,0,0,0,0,0, 
2025,01,AMAZONAS,07,UTCUBAMBA,04,EL MILAGRO,30308,02,02,1,3,010792003,.0510195,1,,1,1,2,1,ARROZ CASCARA,2101,1,2,000,0,1,0,0,0,0,0, 
2025,01,AMAZONAS,07,UTCUBAMBA,05,JAMALCA,30312,11,11,1,3,010772004,21.96764,1,,1,0,1,1,CAFE PERGAMINO,1203,2,0,788,0,0,1,0,0,1,0, 
2025,01,AMAZONAS,07,UTCUBAMBA,05,JAMALCA,30312,11,11,1,3,010772004,21.96764,1,,1,0,1,2,PLATANO,1171,3,0,007,0,0,0,0,0,1,0, 
2025,01,AMAZONAS,07,UTCUBAMBA,05,JAMALCA,30316,06,06,1,3,010783004,71.99982,1,,1,0,1,1,MAIZ AMARILLO DURO,2107,1,2,000,0,0,1,0,0,1,0, 
2025,01,AMAZONAS,07,UTCUBAMBA,05,JAMALCA,30321,01,01,1,3,010772004,3.613051,1,,1,1,3,1,CAFE PERGAMINO,1203,2,0,500,0,0,1,0,0,1,0, 
2025,01,AMAZONAS,07,UTCUBAMBA,05,JAMALCA,30321,04,04,1,3,010772004,46.25534,1,,1,1,3,1,ZAPOTE,1193,2,0,030,0,0,1,0,0,0,0, 
2025,01,AMAZONAS,07,UTCUBAMBA,05,JAMALCA,30322,04,04,1,3,010773004,40.44501,1,,1,1,3,1,CAFE PERGAMINO,1203,2,0,250,0,0,1,0,0,1,0, 
2025,02,ANCASH,01,HUARAZ,01,HUARAZ,30340,02,02,1,2,020131002,65.6078,1,,1,1,2,1,TRIGO,2113,1,5000,000,0,0,1,0,0,0,0, 
2025,02,ANCASH,01,HUARAZ,01,HUARAZ,30340,02,02,1,2,020131002,65.6078,1,,1,1,3,1,PAPA BLANCA,2612,1,3800,000,0,0,1,0,0,0,1, 
2025,02,ANCASH,01,HUARAZ,01,HUARAZ,30340,02,02,1,2,020131002,65.6078,1,,1,1,3,2,ARVEJA,2901,1,1200,000,0,0,0,0,0,0,1, 
2025,02,ANCASH,01,HUARAZ,01,HUARAZ,30340,02,02,1,2,020131002,65.6078,1,,1,1,2,2,ARVEJA,2901,1,5000,000,0,0,1,0,0,0,0, 
2025,02,ANCASH,01,HUARAZ,01,HUARAZ,30340,03,03,1,2,020131002,40.5876,1,,1,1,3,1,PAPA BLANCA,2612,1,800,000,0,0,1,0,1,0,0, 
2025,02,ANCASH,01,HUARAZ,02,COCHABAMBA,30343,01,01,1,2,020131004,100.8958,1,,1,1,1,1,TRIGO,2113,1,0,150,0,1,0,0,0,0,0, 
2025,02,ANCASH,01,HUARAZ,02,COCHABAMBA,30343,01,01,1,2,020131004,100.8958,1,,1,1,4,1,PAPA BLANCA,2612,1,0,100,0,0,1,0,0,0,0, 
2025,02,ANCASH,01,HUARAZ,02,COCHABAMBA,30343,01,01,1,2,020131004,100.8958,1,,1,1,1,2,TARHUI,2947,1,0,100,0,1,1,0,0,0,0, 
2025,02,ANCASH,01,HUARAZ,02,COCHABAMBA,30343,01,01,1,2,020131004,100.8958,1,,1,1,1,3,CEBADA GRANO,2104,1,0,091,0,1,0,0,0,0,0, 
2025,02,ANCASH,01,HUARAZ,02,COCHABAMBA,30343,04,04,1,2,020131004,24.35466,1,,1,1,4,1,PAPA BLANCA,2612,1,0,500,0,0,1,1,0,0,0, 
2025,02,ANCASH,01,HUARAZ,04,HUANCHAY,30347,03,03,1,2,020141004,19.77648,1,,1,1,1,1,HABA,2942,1,0,400,0,0,0,0,0,1,0, 
2025,02,ANCASH,01,HUARAZ,04,HUANCHAY,30347,06,06,1,2,020141004,.0577805,1,,1,1,1,1,TRIGO,2113,1,0,400,0,0,1,0,0,1,0, 
2025,02,ANCASH,01,HUARAZ,04,HUANCHAY,30349,05,05,1,1,020122004,255.9901,1,,1,1,2,1,MAIZ MORADO,2110,1,0,290,0,0,1,0,0,0,0, 
2025,02,ANCASH,01,HUARAZ,05,INDEPENDENCIA,30351,01,01,1,2,020141003,22.73499,1,,1,1,1,1,PAPA BLANCA,2612,1,0,029,0,0,1,0,0,0,0, 
2025,02,ANCASH,01,HUARAZ,05,INDEPENDENCIA,30351,01,01,1,2,020141003,22.73499,1,,1,1,1,2,CEBADA GRANO,2104,1,0,060,0,0,1,0,1,0,0, 
2025,02,ANCASH,01,HUARAZ,05,INDEPENDENCIA,30351,01,01,1,2,020141003,22.73499,1,,1,1,1,3,OLLUCO,2609,1,0,011,0,0,1,0,0,0,0, 
2025,02,ANCASH,01,HUARAZ,05,INDEPENDENCIA,30351,03,03,1,2,020141003,40.91103,1,,1,1,1,1,PAPA BLANCA,2612,1,0,159,0,0,1,0,0,0,0, 
2025,02,ANCASH,01,HUARAZ,05,INDEPENDENCIA,30354,02,02,1,2,020141004,9.41663,1,,1,1,2,1,PAPA BLANCA,2612,1,0,100,0,0,1,1,0,0,0, 
2025,02,ANCASH,01,HUARAZ,05,INDEPENDENCIA,30354,07,07,1,2,020141004,23.65585,1,,1,1,5,1,PAPA BLANCA,2612,1,0,100,0,0,1,1,0,0,0, 
2025,02,ANCASH,01,HUARAZ,05,INDEPENDENCIA,30355,04,04,1,2,020141003,9.559123,1,,1,1,1,1,QUINUA,2111,1,0,090,0,0,1,0,0,0,0, 
2025,02,ANCASH,01,HUARAZ,05,INDEPENDENCIA,30362,02,02,1,2,020142004,66.52916,1,,1,1,5,1,PAPA BLANCA,2612,1,0,200,0,0,0,0,0,1,0, 
2025,02,ANCASH,01,HUARAZ,05,INDEPENDENCIA,30362,02,02,1,2,020142004,66.52916,1,,1,1,3,1,PAPA BLANCA,2612,1,0,200,0,0,1,0,0,0,0, 
2025,02,ANCASH,01,HUARAZ,05,INDEPENDENCIA,30363,07,07,1,2,020131002,16.82853,1,,1,1,3,1,MAIZ AMILACEO,2108,1,0,150,0,0,1,0,0,0,0, 
2025,02,ANCASH,01,HUARAZ,06,JANGAS,30368,05,05,1,2,020131003,24.29472,1,,1,1,5,1,MAIZ AMILACEO,2108,1,0,100,0,0,0,0,1,0,0, 
2025,02,ANCASH,01,HUARAZ,06,JANGAS,30368,05,05,1,2,020131003,24.29472,1,,1,1,7,1,OCA,2608,1,0,050,0,0,1,0,0,0,0, 
2025,02,ANCASH,01,HUARAZ,06,JANGAS,30369,03,03,1,2,020131003,.3022341,1,,1,1,11,1,PAPA BLANCA,2612,1,0,020,0,0,1,0,0,0,0, 
2025,02,ANCASH,01,HUARAZ,06,JANGAS,30369,03,03,1,2,020131003,.3022341,1,,1,1,14,1,TARHUI,2947,1,0,020,0,0,1,0,0,0,0, 
2025,02,ANCASH,01,HUARAZ,06,JANGAS,30369,03,03,1,2,020131003,.3022341,1,,1,1,10,1,PAPA BLANCA,2612,1,0,020,0,0,1,0,0,0,0, 
2025,02,ANCASH,01,HUARAZ,06,JANGAS,30369,03,03,1,2,020131003,.3022341,1,,1,1,8,1,ALFALFA,1401,3,0,020,0,0,1,0,0,0,0, 
2025,02,ANCASH,01,HUARAZ,07,LA LIBERTAD,30372,02,02,1,2,020131004,138.4278,1,,1,1,2,1,TRIGO,2113,1,0,500,0,0,1,0,0,0,0, 
2025,02,ANCASH,01,HUARAZ,08,OLLEROS,30373,01,01,1,2,020143004,9.299629,1,,1,1,4,1,PAPA NATIVA,2615,1,500,000,0,0,1,1,0,0,0, 
2025,02,ANCASH,01,HUARAZ,08,OLLEROS,30373,06,06,1,2,020143004,3.742364,1,,1,1,4,1,PAPA BLANCA,2612,1,0,050,0,0,1,1,0,0,0, 
2025,02,ANCASH,01,HUARAZ,11,PIRA,30392,04,04,1,2,020133004,.2032038,1,,1,1,3,1,PAPA BLANCA,2612,1,0,100,0,0,1,0,1,0,0, 
2025,02,ANCASH,01,HUARAZ,12,TARICA,30397,01,01,1,2,020131004,49.09757,1,,1,1,1,1,PAPA BLANCA,2612,1,0,150,0,1,0,0,1,0,0, 
2025,02,ANCASH,01,HUARAZ,12,TARICA,30397,01,01,1,2,020131004,49.09757,1,,1,1,1,2,MAIZ AMILACEO,2108,1,0,100,0,0,1,0,0,0,0, 
2025,02,ANCASH,01,HUARAZ,12,TARICA,30397,04,04,1,2,020131004,6.544526,1,,1,1,8,1,ARVEJA,2901,1,0,008,0,0,0,1,0,0,0, 
2025,02,ANCASH,01,HUARAZ,12,TARICA,30397,04,04,1,2,020131004,6.544526,1,,1,1,3,1,PAPA BLANCA,2612,1,0,250,0,0,1,0,0,0,0, 
2025,02,ANCASH,02,AIJA,01,AIJA,30399,01,01,1,2,020241004,.0649775,1,,1,1,3,1,PAPA BLANCA,2612,1,4000,000,0,0,1,0,0,0,0, 
2025,02,ANCASH,02,AIJA,01,AIJA,30399,04,04,1,2,020241004,16.40953,1,,1,1,4,1,PAPA BLANCA,2612,1,0,350,0,0,1,0,0,0,0, 
2025,02,ANCASH,02,AIJA,02,CORIS,30407,01,01,1,2,020243003,4.38644,1,,1,1,7,1,ARVEJA,2901,1,0,130,0,0,0,0,0,1,0, 
2025,02,ANCASH,02,AIJA,02,CORIS,30407,01,01,1,2,020243003,4.38644,1,,1,1,7,2,HABA,2942,1,0,170,0,0,0,0,0,1,0, 
2025,02,ANCASH,02,AIJA,02,CORIS,30410,03,03,1,2,020243002,2.685762,1,,1,1,3,1,ARVEJA,2901,1,0,100,0,0,0,0,0,1,0, 
2025,02,ANCASH,02,AIJA,02,CORIS,30410,03,03,1,2,020243002,2.685762,1,,1,1,11,1,ARVEJA,2901,1,0,100,0,0,1,0,0,1,0, 
2025,02,ANCASH,02,AIJA,02,CORIS,30410,03,03,1,2,020243002,2.685762,1,,1,1,11,2,HABA,2942,1,0,100,0,0,1,0,0,1,0, 
2025,02,ANCASH,02,AIJA,02,CORIS,30412,01,01,1,2,020241002,13.30302,1,,1,1,3,1,PAPA BLANCA,2612,1,0,250,0,0,1,1,0,0,1, 
2025,02,ANCASH,02,AIJA,03,HUACLLAN,30414,03,03,1,2,020231004,1.607885,1,,1,1,2,1,PAPA BLANCA,2612,1,0,250,0,0,1,0,0,0,0, 
2025,02,ANCASH,02,AIJA,03,HUACLLAN,30415,05,05,1,2,020231003,14.24199,1,,1,1,3,1,ARVEJA,2901,1,0,250,0,0,1,0,0,0,0, 
2025,02,ANCASH,02,AIJA,03,HUACLLAN,30415,05,05,1,2,020231003,14.24199,1,,1,1,4,1,PAPA BLANCA,2612,1,0,125,0,0,1,0,0,0,0, 
2025,02,ANCASH,02,AIJA,04,LA MERCED,30416,03,03,1,2,020252004,.5886771,1,,1,1,5,1,TARHUI,2947,1,0,050,0,0,1,0,0,0,0, 
2025,02,ANCASH,02,AIJA,04,LA MERCED,30416,07,07,1,2,020252004,.907255,1,,1,1,4,1,TARHUI,2947,1,0,100,0,0,1,0,0,0,0, 
2025,02,ANCASH,02,AIJA,04,LA MERCED,30417,01,01,1,2,020231004,1.273532,1,,1,1,5,1,PAPA BLANCA,2612,1,0,250,0,0,1,0,0,0,0, 
2025,02,ANCASH,02,AIJA,04,LA MERCED,30417,02,02,1,2,020231004,3.194345,1,,1,1,4,1,PAPA BLANCA,2612,1,2000,000,0,0,1,0,0,0,0, 
2025,02,ANCASH,02,AIJA,04,LA MERCED,30417,04,04,1,2,020231004,1.075123,1,,1,1,1,1,PAPA BLANCA,2612,1,700,000,0,0,1,0,0,0,0, 
2025,02,ANCASH,02,AIJA,04,LA MERCED,30420,01,01,1,2,020241003,.68651,1,,1,0,2,1,TARHUI,2947,1,0,200,0,0,1,0,0,0,0, 
2025,02,ANCASH,02,AIJA,04,LA MERCED,30420,02,02,1,2,020241003,1.458804,1,,1,1,4,1,PAPA BLANCA,2612,1,0,250,0,0,1,0,0,0,0, 
2025,02,ANCASH,02,AIJA,04,LA MERCED,30420,02,02,1,2,020241003,1.458804,1,,1,1,3,1,PAPA BLANCA,2612,1,0,250,0,0,1,0,0,0,0, 
2025,02,ANCASH,02,AIJA,04,LA MERCED,30422,04,04,1,2,020231004,23.42735,1,,1,1,4,1,HABA,2942,1,1500,000,0,0,1,0,0,0,0, 
2025,02,ANCASH,03,ANTONIO RAYMONDI,03,CHACCHO,30437,01,01,1,2,020341004,147.4986,1,,1,1,4,1,PAPA BLANCA,2612,1,0,080,0,0,1,1,1,0,0, 
2025,02,ANCASH,03,ANTONIO RAYMONDI,03,CHACCHO,30437,03,03,1,2,020341004,107.2627,1,,1,1,2,1,PAPA BLANCA,2612,1,0,144,0,0,1,1,1,0,0, 
2025,02,ANCASH,03,ANTONIO RAYMONDI,03,CHACCHO,30437,03,03,1,2,020341004,107.2627,1,,1,1,1,1,HABA,2942,1,0,072,0,0,1,1,1,0,0, 
2025,02,ANCASH,03,ANTONIO RAYMONDI,03,CHACCHO,30437,04,04,1,2,020341004,1.738553,1,,1,1,3,1,PAPA BLANCA,2612,1,0,100,0,0,1,1,1,0,0, 
2025,02,ANCASH,03,ANTONIO RAYMONDI,03,CHACCHO,30437,04,04,1,2,020341004,1.738553,1,,1,1,2,1,MAIZ AMILACEO,2108,1,0,100,0,0,1,0,1,0,0, 
2025,02,ANCASH,03,ANTONIO RAYMONDI,05,MIRGAS,30449,06,06,1,2,020341004,38.84592,1,,1,1,3,1,LINAZA,2819,1,0,100,0,0,1,0,0,0,0, 
2025,02,ANCASH,03,ANTONIO RAYMONDI,06,SAN JUAN DE RONTOY,30456,06,06,1,2,020342004,30.41167,1,,1,1,6,1,CEBADA GRANO,2104,1,1250,000,0,0,1,0,0,0,0, 
2025,02,ANCASH,04,ASUNCION,01,CHACAS,30461,01,01,1,2,020433003,6.785104,1,,1,1,1,1,PAPA BLANCA,2612,1,0,240,0,0,1,0,0,0,0, 
2025,02,ANCASH,04,ASUNCION,02,ACOCHACA,30479,01,01,1,2,020441003,3.161685,1,,1,1,2,1,TARHUI,2947,1,0,050,0,0,0,1,0,0,0, 
2025,02,ANCASH,05,BOLOGNESI,04,AQUIA,30489,02,02,1,2,020553002,13.68815,1,,1,1,5,1,PAPA NATIVA,2615,1,0,100,0,0,1,0,0,0,0, 
2025,02,ANCASH,05,BOLOGNESI,07,COLQUIOC,30500,04,04,1,1,020521004,12.80145,1,,1,1,3,1,MANZANO,1149,2,0,100,0,0,1,0,0,1,0, 
2025,02,ANCASH,05,BOLOGNESI,07,COLQUIOC,30500,07,07,1,1,020521004,25.19091,1,,1,0,2,1,MANZANO,1149,2,0,084,0,0,1,0,0,0,0, 
2025,02,ANCASH,05,BOLOGNESI,11,LA PRIMAVERA,30517,03,03,1,2,020531004,1.139122,1,,1,1,4,1,MAIZ AMILACEO,2108,1,0,015,0,0,1,1,0,0,0, 
2025,02,ANCASH,05,BOLOGNESI,11,LA PRIMAVERA,30517,04,04,1,2,020531004,25.84449,1,,1,1,3,1,MAIZ AMILACEO,2108,1,0,100,0,0,1,1,0,0,0, 
2025,02,ANCASH,05,BOLOGNESI,12,MANGAS,30519,01,01,1,2,020532004,8.911968,1,,1,1,2,1,PAPA BLANCA,2612,1,0,050,0,0,1,0,0,0,0, 
2025,02,ANCASH,05,BOLOGNESI,12,MANGAS,30519,02,02,1,2,020532004,7.017038,1,,1,1,4,1,PAPA BLANCA,2612,1,0,050,0,0,1,1,0,0,0, 
2025,02,ANCASH,06,CARHUAZ,01,CARHUAZ,30533,02,02,1,2,020643002,10.33613,1,,1,1,1,1,HABA,2942,1,600,000,0,0,1,0,0,0,0, 
2025,02,ANCASH,06,CARHUAZ,01,CARHUAZ,30538,05,05,1,2,020643004,164.3056,1,,1,1,1,1,PAPA BLANCA,2612,1,1200,000,0,0,1,0,0,0,0, 
2025,02,ANCASH,06,CARHUAZ,11,YUNGAR,30555,01,01,1,2,020641002,1.627261,1,,1,1,5,1,PAPA BLANCA,2612,1,0,200,0,0,1,0,0,0,0, 
2025,02,ANCASH,06,CARHUAZ,11,YUNGAR,30555,03,03,1,2,020641002,3.923229,1,,1,1,2,1,PAPA BLANCA,2612,1,0,200,0,0,1,0,0,0,0, 
2025,02,ANCASH,06,CARHUAZ,11,YUNGAR,30556,06,06,1,2,020631002,8.841788,1,,1,1,1,1,QUINUA,2111,1,0,035,1,1,1,0,0,0,0, 
2025,02,ANCASH,06,CARHUAZ,11,YUNGAR,30560,06,06,1,2,020641004,2.551551,1,,1,1,3,1,PAPA BLANCA,2612,1,0,200,0,0,1,0,0,0,0, 
2025,02,ANCASH,06,CARHUAZ,11,YUNGAR,30560,06,06,1,2,020641004,2.551551,1,,1,1,2,1,PAPA BLANCA,2612,1,0,200,0,0,1,0,0,0,0, 
2025,02,ANCASH,06,CARHUAZ,11,YUNGAR,30560,06,06,1,2,020641004,2.551551,1,,1,1,3,2,PAPA HUAYRO,2614,1,0,108,0,0,1,0,0,0,0, 
2025,02,ANCASH,07,CARLOS FERMIN FITZCARRALD,01,SAN LUIS,30576,02,02,1,2,020752003,.4979239,1,,1,1,3,1,PAPA BLANCA,2612,1,0,050,0,0,1,0,0,0,0, 
2025,02,ANCASH,07,CARLOS FERMIN FITZCARRALD,02,SAN NICOLAS,30584,02,02,1,2,020732004,20.79784,1,,1,1,3,1,NUÑA,2945,1,0,100,0,0,1,0,0,0,0, 
2025,02,ANCASH,07,CARLOS FERMIN FITZCARRALD,03,YAUYA,30586,02,02,1,2,020742004,55.20142,1,,1,1,1,1,TRIGO,2113,1,0,170,0,0,1,0,0,0,0, 
2025,02,ANCASH,08,CASMA,01,CASMA,30597,07,07,1,1,020811004,1.941752,1,,1,1,1,1,PACAE,1159,2,0,106,0,0,0,0,0,1,0, 
2025,02,ANCASH,08,CASMA,02,BUENA VISTA ALTA,30599,01,01,1,1,020811004,.4969576,1,,1,1,7,1,MANGO,1147,2,1,000,0,0,0,0,0,1,0, 
2025,02,ANCASH,08,CASMA,02,BUENA VISTA ALTA,30599,05,05,1,1,020811004,53.19743,1,,1,0,2,1,MARACUYA,2205,1,0,990,0,0,1,0,0,1,0, 
2025,02,ANCASH,09,CORONGO,01,CORONGO,30609,01,01,1,2,020931004,8.413873,1,,1,1,5,1,HABA,2942,1,0,100,0,0,1,1,0,0,0, 
2025,02,ANCASH,09,CORONGO,04,CUSCA,30630,03,03,1,2,020941004,43.41988,1,,1,1,1,1,PAPA BLANCA,2612,1,0,411,0,0,1,0,0,0,0, 
2025,02,ANCASH,10,HUARI,01,HUARI,30640,01,01,1,2,021041004,7.263149,1,,1,1,3,1,PAPA NATIVA,2615,1,0,080,0,0,0,1,1,0,0, 
2025,02,ANCASH,10,HUARI,01,HUARI,30640,01,01,1,2,021041004,7.263149,1,,1,1,3,2,OCA,2608,1,0,060,0,0,0,0,1,0,0, 
2025,02,ANCASH,10,HUARI,01,HUARI,30640,01,01,1,2,021041004,7.263149,1,,1,1,3,3,OLLUCO,2609,1,0,060,0,0,0,0,1,0,0, 
2025,02,ANCASH,10,HUARI,01,HUARI,30640,02,02,1,2,021041004,25.01834,1,,1,1,3,1,PAPA BLANCA,2612,1,0,075,0,0,0,0,1,0,0, 
2025,02,ANCASH,10,HUARI,01,HUARI,30643,02,02,1,2,021031003,41.07537,1,,1,1,3,1,ALFALFA,1401,3,0,100,0,0,0,0,0,1,0, 
2025,02,ANCASH,10,HUARI,01,HUARI,30647,05,05,1,2,021031004,1.980822,1,,1,1,2,1,PAPA BLANCA,2612,1,0,050,0,0,1,0,0,0,0, 
2025,02,ANCASH,10,HUARI,01,HUARI,30648,02,02,1,2,021031002,136.8056,1,,1,1,2,1,MAIZ AMILACEO,2108,1,0,058,0,1,0,0,0,0,0, 
2025,02,ANCASH,10,HUARI,05,HUACACHI,30665,01,01,1,2,021042003,17.42445,1,,1,1,5,1,TRIGO,2113,1,1200,000,0,0,0,0,1,0,0, 
2025,02,ANCASH,10,HUARI,05,HUACACHI,30665,01,01,1,2,021042003,17.42445,1,,1,1,4,1,MAIZ AMILACEO,2108,1,1200,000,0,0,1,0,1,0,0, 
2025,02,ANCASH,10,HUARI,08,HUANTAR,30676,02,02,1,2,021053004,18.32483,1,,1,1,2,1,OCA,2608,1,0,050,0,0,1,0,0,0,0, 
2025,02,ANCASH,10,HUARI,10,PAUCAS,30685,01,01,1,2,021043004,1.184351,1,,1,1,5,1,PALTO,1162,2,0,050,0,0,1,0,0,0,0, 
2025,02,ANCASH,10,HUARI,10,PAUCAS,30685,01,01,1,2,021043004,1.184351,1,,1,1,5,2,CHIRIMOYO,1121,2,0,080,0,0,1,0,0,0,0, 
2025,02,ANCASH,10,HUARI,11,PONTO,30689,04,04,1,2,021031004,11.92583,1,,1,1,2,1,MAIZ AMILACEO,2108,1,7500,000,0,0,1,1,0,0,0, 
2025,02,ANCASH,11,HUARMEY,02,COCHAPETI,30715,04,04,1,2,021131004,5.492252,1,,1,1,5,1,PAPA BLANCA,2612,1,0,025,0,0,0,1,0,0,0, 
2025,02,ANCASH,11,HUARMEY,05,MALVAS,30726,03,03,1,2,021131002,31.95261,1,,1,1,1,1,ARVEJA,2901,1,0,110,0,0,1,0,0,0,0, 
2025,02,ANCASH,12,HUAYLAS,01,CARAZ,30731,02,02,1,2,021231003,109.6826,1,,1,1,2,1,MAIZ CHOCLO,2109,1,0,190,0,1,0,0,0,0,1, 
2025,02,ANCASH,12,HUAYLAS,06,PAMPAROMAS,30757,02,02,1,2,021231004,.2441997,1,,1,1,5,1,TRIGO,2113,1,0,100,0,0,1,0,0,0,0, 
2025,02,ANCASH,12,HUAYLAS,08,SANTA CRUZ,30766,02,02,1,2,021231004,79.91379,1,,1,1,4,1,MAIZ AMILACEO,2108,1,0,100,0,0,1,1,0,0,0, 
2025,02,ANCASH,13,MARISCAL LUZURIAGA,02,CASCA,30787,01,01,1,2,021331004,39.28194,1,,1,1,2,1,TRIGO,2113,1,0,050,0,0,1,0,0,0,0, 
2025,02,ANCASH,13,MARISCAL LUZURIAGA,06,LLUMPA,30800,05,05,1,2,021341004,24.67785,1,,1,1,2,1,CAPULI,1113,2,0,004,0,0,1,0,0,0,0, 
2025,02,ANCASH,14,OCROS,05,COCHAS,30820,02,02,1,1,021411003,48.99841,1,,1,1,1,1,NARANJO,1156,2,0,100,0,0,0,0,0,1,0, 
2025,02,ANCASH,14,OCROS,06,CONGAS,30827,01,01,1,2,021442003,.7303553,1,,1,1,1,1,PAPA BLANCA,2612,1,0,050,0,0,1,1,0,0,0, 
2025,02,ANCASH,14,OCROS,08,SAN CRISTOBAL DE RAJAN,30835,01,01,1,2,021432003,5.892213,1,,1,1,6,1,MAIZ AMILACEO,2108,1,0,001,0,0,0,0,0,0,1, 
2025,02,ANCASH,14,OCROS,08,SAN CRISTOBAL DE RAJAN,30835,01,01,1,2,021432003,5.892213,1,,1,1,4,1,PALTO,1162,2,0,100,0,0,1,0,0,0,0, 
2025,02,ANCASH,15,PALLASCA,01,CABANA,30848,01,01,1,1,021522002,14.83683,1,,1,1,1,1,NARANJO,1156,2,0,002,0,0,1,0,0,0,0, 
2025,02,ANCASH,15,PALLASCA,01,CABANA,30848,01,01,1,1,021522002,14.83683,1,,1,1,1,2,CHIRIMOYO,1121,2,0,001,0,0,1,0,0,0,0, 
2025,02,ANCASH,15,PALLASCA,01,CABANA,30848,01,01,1,1,021522002,14.83683,1,,1,1,1,3,LUCUMO,1143,3,0,002,0,0,1,0,0,0,0, 
2025,02,ANCASH,15,PALLASCA,01,CABANA,30848,01,01,1,1,021522002,14.83683,1,,1,1,1,4,PALTO,1162,2,0,002,0,0,1,0,0,0,0, 
2025,02,ANCASH,15,PALLASCA,01,CABANA,30848,01,01,1,1,021522002,14.83683,1,,1,1,1,5,GRANADO,1132,2,0,002,0,0,1,0,0,0,0, 
2025,02,ANCASH,15,PALLASCA,03,CONCHUCOS,30854,06,06,1,2,021571003,6.509028,1,,1,1,7,1,MAIZ AMILACEO,2108,1,0,200,0,0,0,0,0,0,1, 
2025,02,ANCASH,15,PALLASCA,06,LACABAMBA,30857,02,02,1,2,021542004,4.873487,1,,1,1,14,1,TRIGO,2113,1,0,100,0,0,1,0,0,0,0, 
2025,02,ANCASH,15,PALLASCA,06,LACABAMBA,30857,03,03,1,2,021542004,11.5463,1,,1,1,8,1,PAPA BLANCA,2612,1,0,150,0,0,1,0,0,0,0, 
2025,02,ANCASH,15,PALLASCA,06,LACABAMBA,30857,04,04,1,2,021542004,1.180025,1,,1,1,6,1,PAPA BLANCA,2612,1,0,150,0,0,1,0,0,0,0, 
2025,02,ANCASH,15,PALLASCA,06,LACABAMBA,30857,05,05,1,2,021542004,6.909934,1,,1,0,3,1,PAPA BLANCA,2612,1,0,100,0,0,1,0,0,0,0, 
2025,02,ANCASH,15,PALLASCA,06,LACABAMBA,30857,06,06,1,2,021542004,2.34347,1,,1,1,6,1,PAPA BLANCA,2612,1,0,150,0,0,1,0,0,0,0, 
2025,02,ANCASH,15,PALLASCA,06,LACABAMBA,30857,06,06,1,2,021542004,2.34347,1,,1,1,5,1,MAIZ AMILACEO,2108,1,0,200,0,0,1,0,0,0,0, 
2025,02,ANCASH,15,PALLASCA,03,CONCHUCOS,30858,01,01,1,2,021541004,.9116743,1,,1,0,1,1,OCA,2608,1,0,125,0,0,0,1,0,0,0, 
2025,02,ANCASH,15,PALLASCA,06,LACABAMBA,30872,01,01,1,2,021542002,11.3594,1,,1,1,7,1,MAIZ AMILACEO,2108,1,0,100,0,0,1,0,0,0,0, 
2025,02,ANCASH,15,PALLASCA,06,LACABAMBA,30872,01,01,1,2,021542002,11.3594,1,,1,1,6,1,ARVEJA,2901,1,0,100,0,0,1,0,0,0,0, 
2025,02,ANCASH,15,PALLASCA,06,LACABAMBA,30872,02,02,1,2,021542002,28.4589,1,,1,1,10,1,TARHUI,2947,1,0,250,0,0,1,0,0,0,0, 
2025,02,ANCASH,15,PALLASCA,06,LACABAMBA,30872,02,02,1,2,021542002,28.4589,1,,1,1,11,1,TARHUI,2947,1,0,300,0,0,0,0,0,0,1, 
2025,02,ANCASH,15,PALLASCA,07,LLAPO,30876,02,02,1,2,021531004,9.010049,1,,1,1,4,1,PAPA NATIVA,2615,1,0,200,0,0,1,0,0,0,0, 
2025,02,ANCASH,15,PALLASCA,07,LLAPO,30876,06,06,1,2,021531004,60.42836,1,,1,1,3,1,TRIGO,2113,1,0,500,0,0,1,0,0,0,0, 
2025,02,ANCASH,15,PALLASCA,08,PALLASCA,30878,05,05,1,2,021531004,13.02616,1,,1,1,4,1,MAIZ AMILACEO,2108,1,0,100,0,0,1,0,0,0,0, 
2025,02,ANCASH,15,PALLASCA,08,PALLASCA,30878,05,05,1,2,021531004,13.02616,1,,1,1,3,1,MAIZ AMILACEO,2108,1,0,100,0,0,1,0,0,0,0, 
2025,02,ANCASH,15,PALLASCA,08,PALLASCA,30878,05,05,1,2,021531004,13.02616,1,,1,1,5,1,PAPA BLANCA,2612,1,0,100,0,0,1,0,0,0,0, 
2025,02,ANCASH,15,PALLASCA,08,PALLASCA,30882,01,01,1,2,021531004,11.01714,1,,1,1,3,1,MAIZ AMILACEO,2108,1,0,500,0,0,0,1,0,0,0, 
2025,02,ANCASH,15,PALLASCA,08,PALLASCA,30882,07,07,1,2,021531004,.3534506,1,,1,1,2,1,MAIZ AMILACEO,2108,1,0,150,0,0,1,0,0,1,0, 
2025,02,ANCASH,15,PALLASCA,09,PAMPAS,30886,04,04,1,2,021533003,2.84314,1,,1,1,2,1,PAPA BLANCA,2612,1,0,242,0,0,1,0,0,0,0, 
2025,02,ANCASH,15,PALLASCA,09,PAMPAS,30892,05,05,1,2,021541002,2.259393,1,,1,1,2,1,PAPA BLANCA,2612,1,0,200,0,0,1,1,0,0,0, 
2025,02,ANCASH,15,PALLASCA,09,PAMPAS,30892,06,06,1,2,021541002,52.48598,1,,1,1,5,1,PAPA BLANCA,2612,1,0,100,0,0,1,0,0,0,0, 
2025,02,ANCASH,15,PALLASCA,09,PAMPAS,30892,06,06,1,2,021541002,52.48598,1,,1,1,1,1,TARHUI,2947,1,0,224,0,0,1,0,0,0,0, 
2025,02,ANCASH,15,PALLASCA,09,PAMPAS,30892,06,06,1,2,021541002,52.48598,1,,1,1,4,1,TARHUI,2947,1,0,200,0,0,1,0,0,0,0, 
2025,02,ANCASH,15,PALLASCA,10,SANTA ROSA,30896,01,01,1,1,021521003,6.124831,1,,1,1,1,1,TUNA FRUTA,1186,2,0,460,0,0,1,0,0,0,0, 
2025,02,ANCASH,15,PALLASCA,10,SANTA ROSA,30896,03,03,1,1,021521003,15.06963,1,,1,1,1,1,PALTO,1162,2,0,130,0,0,0,0,0,0,1, 
2025,02,ANCASH,15,PALLASCA,10,SANTA ROSA,30896,11,11,1,1,021521003,8.228751,1,,1,1,1,1,TUNA FRUTA,1186,2,0,160,0,0,1,0,0,0,0, 
2025,02,ANCASH,16,POMABAMBA,03,PAROBAMBA,30919,01,01,1,2,021631004,28.62012,1,,1,1,1,1,HABA,2942,1,0,030,0,0,1,0,0,0,1, 
2025,02,ANCASH,17,RECUAY,01,RECUAY,30929,05,05,1,2,021741003,76.42262,1,,1,1,8,1,PAPA BLANCA,2612,1,0,250,0,0,1,1,1,0,0, 
2025,02,ANCASH,17,RECUAY,01,RECUAY,30930,05,05,1,2,021731002,52.65058,1,,1,1,6,1,ARVEJA,2901,1,0,100,0,0,1,0,0,0,0, 
2025,02,ANCASH,17,RECUAY,01,RECUAY,30934,01,01,1,2,021753003,1.367262,1,,1,1,2,1,PAPA BLANCA,2612,1,0,300,0,0,1,0,0,0,0, 
2025,02,ANCASH,17,RECUAY,01,RECUAY,30936,05,05,1,2,021741003,15.40012,1,,1,1,1,1,PAPA BLANCA,2612,1,0,150,0,0,1,1,1,0,0, 
2025,02,ANCASH,17,RECUAY,01,RECUAY,30937,01,01,1,2,021731004,110.3095,1,,1,1,1,1,QUINUA,2111,1,0,100,0,0,1,0,0,0,0, 
2025,02,ANCASH,17,RECUAY,01,RECUAY,30937,02,02,1,2,021731004,8.890708,1,,1,1,1,1,PAPA BLANCA,2612,1,0,080,0,0,1,0,0,0,0, 
2025,02,ANCASH,18,SANTA,01,CHIMBOTE,30967,01,01,1,1,021811004,1.037044,1,,1,0,1,1,GRANADO,1132,2,0,047,0,0,1,0,0,0,0, 
2025,02,ANCASH,18,SANTA,01,CHIMBOTE,30967,01,01,1,1,021811004,1.037044,1,,1,0,1,2,NARANJO,1156,2,0,005,0,0,0,0,0,1,0, 
2025,02,ANCASH,18,SANTA,01,CHIMBOTE,30967,01,01,1,1,021811004,1.037044,1,,1,0,1,3,MANGO,1147,2,0,010,0,0,0,0,0,1,0, 
2025,02,ANCASH,18,SANTA,01,CHIMBOTE,30967,01,01,1,1,021811004,1.037044,1,,1,0,1,4,GUANABANO,1133,2,0,003,0,0,0,0,0,1,0, 
2025,02,ANCASH,18,SANTA,01,CHIMBOTE,30967,02,02,1,1,021811004,.2340767,1,,1,1,1,1,PACAE,1159,2,0,006,0,0,1,0,0,0,0, 
2025,02,ANCASH,18,SANTA,01,CHIMBOTE,30967,02,02,1,1,021811004,.2340767,1,,1,1,1,2,GUAYABO,1134,2,0,003,0,0,1,0,0,0,0, 
2025,02,ANCASH,18,SANTA,01,CHIMBOTE,30967,07,07,1,1,021811004,15.75373,1,,1,1,1,1,PACAE,1159,2,0,070,0,0,1,0,0,0,0, 
2025,02,ANCASH,18,SANTA,01,CHIMBOTE,30967,07,07,1,1,021811004,15.75373,1,,1,1,1,2,GUANABANO,1133,2,0,003,0,0,1,0,0,0,0, 
2025,02,ANCASH,18,SANTA,01,CHIMBOTE,30971,01,01,1,1,021811004,65.32716,1,,1,0,3,1,MAIZ AMARILLO DURO,2107,1,2,750,1,1,0,0,0,0,0, 
2025,02,ANCASH,18,SANTA,01,CHIMBOTE,30971,01,01,1,1,021811004,65.32716,1,,1,0,2,1,MARACUYA,2205,1,2,000,1,0,0,0,0,0,0, 
2025,02,ANCASH,18,SANTA,01,CHIMBOTE,30971,02,02,1,1,021811004,45.78932,1,,1,1,1,1,PAPRIKA,2824,1,1,000,1,1,0,0,0,0,0, 
2025,02,ANCASH,18,SANTA,01,CHIMBOTE,30972,05,05,1,1,021811004,.845363,1,,1,0,1,1,MAIZ AMARILLO DURO,2107,1,2,928,0,0,1,0,0,0,0, 
2025,02,ANCASH,18,SANTA,01,CHIMBOTE,30993,01,01,1,1,021811003,121.4471,1,,1,1,1,1,GRANADO,1132,2,0,070,0,0,1,0,0,0,0, 
2025,02,ANCASH,18,SANTA,02,CACERES DEL PERU,30994,03,03,1,2,021823004,.0627704,1,,1,0,2,1,PALTO,1162,2,2,000,0,0,1,0,0,0,1, 
2025,02,ANCASH,18,SANTA,02,CACERES DEL PERU,30994,07,07,1,2,021823004,.3667833,1,,1,0,2,1,MELOCOTONERO,1152,2,0,360,0,0,1,0,0,0,0, 
2025,02,ANCASH,18,SANTA,02,CACERES DEL PERU,30994,08,08,1,2,021823004,.7071125,1,,1,1,2,1,CHIRIMOYO,1121,2,0,496,0,0,1,0,0,0,0, 
2025,02,ANCASH,18,SANTA,02,CACERES DEL PERU,31000,05,05,1,1,021823003,.0619107,1,,1,1,3,1,PALTO,1162,2,0,500,0,0,1,0,0,0,0, 
2025,02,ANCASH,18,SANTA,02,CACERES DEL PERU,31000,05,05,1,1,021823003,.0619107,1,,1,1,2,1,PALTO,1162,2,1,000,0,0,1,0,0,0,0, 
2025,02,ANCASH,18,SANTA,02,CACERES DEL PERU,31003,01,01,1,2,021831004,48.97453,1,,1,1,2,1,PALTO,1162,2,0,129,0,0,1,0,0,0,0, 
2025,02,ANCASH,18,SANTA,02,CACERES DEL PERU,31003,01,01,1,2,021831004,48.97453,1,,1,1,4,1,PALTO,1162,2,0,100,0,0,1,0,0,0,0, 
2025,02,ANCASH,18,SANTA,02,CACERES DEL PERU,31003,02,02,1,2,021831004,19.9296,1,,1,1,1,1,PALTO,1162,2,0,340,0,0,1,0,0,0,0, 
2025,02,ANCASH,18,SANTA,02,CACERES DEL PERU,31003,04,04,1,2,021831004,24.84684,1,,1,1,1,1,PALTO,1162,2,0,155,0,0,1,0,0,0,0, 
2025,02,ANCASH,18,SANTA,02,CACERES DEL PERU,31003,04,04,1,2,021831004,24.84684,1,,1,1,5,1,PALTO,1162,2,0,150,0,0,1,0,0,0,0, 
2025,02,ANCASH,18,SANTA,02,CACERES DEL PERU,31003,04,04,1,2,021831004,24.84684,1,,1,1,2,1,PALTO,1162,2,0,343,0,0,1,0,0,1,0, 
2025,02,ANCASH,18,SANTA,02,CACERES DEL PERU,31003,05,05,1,2,021831004,17.43159,1,,1,1,3,1,PALTO,1162,2,0,390,0,0,1,1,0,0,0, 
2025,02,ANCASH,18,SANTA,02,CACERES DEL PERU,31003,06,06,1,2,021831004,6.68471,1,,1,1,2,1,PALTO,1162,2,0,240,0,0,1,1,0,0,0, 
2025,02,ANCASH,18,SANTA,02,CACERES DEL PERU,31003,06,06,1,2,021831004,6.68471,1,,1,1,1,1,FRIJOL CANARIO,2910,1,0,166,0,0,1,1,0,0,0, 
2025,02,ANCASH,18,SANTA,02,CACERES DEL PERU,31003,06,06,1,2,021831004,6.68471,1,,1,1,3,1,PALTO,1162,2,0,030,0,0,1,1,0,0,0, 
2025,02,ANCASH,18,SANTA,02,CACERES DEL PERU,31003,07,07,1,2,021831004,23.35861,1,,1,1,1,1,PALTO,1162,2,0,244,0,0,1,1,0,0,0, 
2025,02,ANCASH,18,SANTA,02,CACERES DEL PERU,31003,07,07,1,2,021831004,23.35861,1,,1,1,2,1,PALTO,1162,2,0,190,0,0,1,1,0,0,0, 
2025,02,ANCASH,18,SANTA,02,CACERES DEL PERU,31003,07,07,1,2,021831004,23.35861,1,,1,1,2,2,ZARZAMORA,1194,2,0,010,0,0,1,1,0,0,0, 
2025,02,ANCASH,18,SANTA,02,CACERES DEL PERU,31003,07,07,1,2,021831004,23.35861,1,,1,1,2,3,MEMBRILLERO,1153,2,0,010,0,0,1,1,0,0,0, 
2025,02,ANCASH,18,SANTA,02,CACERES DEL PERU,31003,09,09,1,2,021831004,11.60511,1,,1,0,2,1,PALTO,1162,2,0,350,0,0,1,1,0,0,0, 
2025,02,ANCASH,18,SANTA,02,CACERES DEL PERU,31003,09,09,1,2,021831004,11.60511,1,,1,0,1,1,PALTO,1162,2,0,242,0,0,1,1,0,0,0, 
2025,02,ANCASH,18,SANTA,02,CACERES DEL PERU,31003,09,09,1,2,021831004,11.60511,1,,1,0,1,2,MANZANO,1149,2,0,010,0,0,1,1,0,0,0, 
2025,02,ANCASH,18,SANTA,02,CACERES DEL PERU,31003,09,09,1,2,021831004,11.60511,1,,1,0,1,3,MELOCOTONERO,1152,2,0,020,0,0,1,1,0,0,0, 
2025,02,ANCASH,18,SANTA,02,CACERES DEL PERU,31003,09,09,1,2,021831004,11.60511,1,,1,0,1,4,MEMBRILLERO,1153,2,0,010,0,0,1,1,0,0,0, 
2025,02,ANCASH,18,SANTA,02,CACERES DEL PERU,31005,03,03,1,2,021821004,3.920122,1,,1,1,1,1,MAIZ CHALA,2706,1,0,058,0,0,1,0,0,0,0, 
2025,02,ANCASH,18,SANTA,04,MACATE,31006,01,01,1,2,021831004,418.7763,1,,1,1,2,1,PALTO,1162,2,0,195,0,0,1,0,0,1,0, 
2025,02,ANCASH,18,SANTA,04,MACATE,31006,01,01,1,2,021831004,418.7763,1,,1,1,1,1,PALTO,1162,2,0,388,0,0,1,0,0,1,0, 
2025,02,ANCASH,18,SANTA,04,MACATE,31006,01,01,1,2,021831004,418.7763,1,,1,1,3,1,PALTO,1162,2,0,096,0,0,1,0,0,1,0, 
2025,02,ANCASH,18,SANTA,04,MACATE,31006,03,03,1,2,021831004,123.1119,1,,1,0,2,1,PALTO,1162,2,0,049,0,0,1,0,0,1,0, 
2025,02,ANCASH,18,SANTA,04,MACATE,31006,03,03,1,2,021831004,123.1119,1,,1,0,1,1,PALTO,1162,2,0,070,0,0,1,0,0,1,0, 
2025,02,ANCASH,18,SANTA,04,MACATE,31006,05,05,1,2,021831004,32.83148,1,,1,1,2,1,PALTO,1162,2,0,165,0,0,1,0,0,1,0, 
2025,02,ANCASH,18,SANTA,04,MACATE,31006,05,05,1,2,021831004,32.83148,1,,1,1,3,1,PALTO,1162,2,0,050,0,0,1,0,0,1,0, 
2025,02,ANCASH,18,SANTA,04,MACATE,31006,05,05,1,2,021831004,32.83148,1,,1,1,4,1,PALTO,1162,2,0,156,0,0,1,0,0,1,0, 
2025,02,ANCASH,18,SANTA,04,MACATE,31006,06,06,1,2,021831004,47.11723,1,,1,1,1,1,PALTO,1162,2,0,090,0,0,1,0,0,1,0, 
2025,02,ANCASH,18,SANTA,04,MACATE,31006,07,07,1,2,021831004,80.03139,1,,1,0,1,1,PALTO,1162,2,0,104,0,0,1,0,0,1,0, 
2025,02,ANCASH,18,SANTA,04,MACATE,31009,01,01,1,2,021833002,89.09847,1,,1,0,1,1,MAIZ AMILACEO,2108,1,0,444,1,0,0,0,0,1,0, 
2025,02,ANCASH,19,SIHUAS,02,ACOBAMBA,31042,02,02,1,2,021933003,1.063702,1,,1,1,5,1,ARVEJA,2901,1,0,500,0,0,0,0,0,0,1, 
2025,02,ANCASH,19,SIHUAS,04,CASHAPAMPA,31050,03,03,1,2,021941004,2.056131,1,,1,1,1,1,TARHUI,2947,1,0,150,0,0,1,0,1,1,0, 
2025,02,ANCASH,19,SIHUAS,07,QUICHES,31067,01,01,1,2,021931004,15.58296,1,,1,1,2,1,ARVEJA,2901,1,0,230,0,0,1,0,0,0,0, 
2025,02,ANCASH,20,YUNGAY,01,YUNGAY,31082,01,01,1,2,022031004,8.228197,1,,1,1,5,1,QUINUA,2111,1,0,250,0,0,1,0,0,0,0, 
2025,02,ANCASH,20,YUNGAY,01,YUNGAY,31084,04,04,1,2,022031004,16.43991,1,,1,1,4,1,ROCOTO,2338,1,0,050,0,1,0,0,0,0,0, 
2025,02,ANCASH,20,YUNGAY,01,YUNGAY,31084,06,06,1,2,022031004,35.32433,1,,1,1,3,1,ROCOTO,2338,1,0,100,0,1,0,0,0,0,0, 
2025,02,ANCASH,20,YUNGAY,02,CASCAPARA,31091,02,02,1,2,022043004,45.36761,1,,1,1,1,1,ARVEJA,2901,1,0,150,0,0,1,0,0,0,0, 
2025,02,ANCASH,20,YUNGAY,08,YANAMA,31123,02,02,1,2,022042004,27.83813,1,,1,1,2,1,MAIZ AMILACEO,2108,1,0,500,0,0,1,1,0,0,0, 
2025,03,APURIMAC,01,ABANCAY,01,ABANCAY,31137,01,01,1,2,030131003,86.89247,1,,1,1,1,1,MAIZ AMILACEO,2108,1,0,062,0,0,1,0,0,0,1, 
2025,03,APURIMAC,01,ABANCAY,04,CURAHUASI,31146,05,05,1,2,030141003,.5962392,1,,1,1,4,1,TARHUI,2947,1,0,700,0,0,1,1,1,0,0, 
2025,03,APURIMAC,01,ABANCAY,04,CURAHUASI,31149,01,01,1,2,030132003,51.33787,1,,1,1,4,1,MAIZ AMILACEO,2108,1,0,300,0,0,0,0,1,0,1, 
2025,03,APURIMAC,01,ABANCAY,04,CURAHUASI,31149,01,01,1,2,030132003,51.33787,1,,1,1,1,1,ARVEJA,2901,1,0,200,0,0,1,1,1,0,0, 
2025,03,APURIMAC,01,ABANCAY,04,CURAHUASI,31149,01,01,1,2,030132003,51.33787,1,,1,1,1,2,PAPA BLANCA,2612,1,0,220,0,0,1,1,1,0,0, 
2025,03,APURIMAC,01,ABANCAY,04,CURAHUASI,31149,02,02,1,2,030132003,12.46025,1,,1,1,3,1,LINAZA,2819,1,0,250,0,1,0,1,1,0,1, 
2025,03,APURIMAC,01,ABANCAY,04,CURAHUASI,31153,01,01,1,2,030131003,1.10806,1,,1,1,1,1,ARVEJA,2901,1,0,550,0,1,0,0,0,0,0, 
2025,03,APURIMAC,01,ABANCAY,04,CURAHUASI,31156,01,01,1,2,030134004,3.850571,1,,1,1,3,1,QUINUA,2111,1,0,250,0,0,1,1,0,0,0, 
2025,03,APURIMAC,01,ABANCAY,04,CURAHUASI,31156,01,01,1,2,030134004,3.850571,1,,1,1,3,2,TRIGO,2113,1,0,250,0,0,1,1,0,0,0, 
2025,03,APURIMAC,01,ABANCAY,05,HUANIPACA,31163,10,10,1,2,030131003,.580438,1,,1,1,1,1,ARVEJA,2901,1,0,161,0,0,1,0,0,0,0, 
2025,03,APURIMAC,01,ABANCAY,05,HUANIPACA,31165,02,02,1,2,030142002,.2741054,1,,1,0,2,1,ARVEJA,2901,1,0,050,0,0,1,0,1,0,1, 
2025,03,APURIMAC,01,ABANCAY,05,HUANIPACA,31165,02,02,1,2,030142002,.2741054,1,,1,0,2,2,OLLUCO,2609,1,0,050,0,0,1,0,1,0,1, 
2025,03,APURIMAC,01,ABANCAY,05,HUANIPACA,31166,02,02,1,2,030131003,16.95675,1,,1,1,1,1,MAIZ AMILACEO,2108,1,0,250,0,0,0,0,1,0,1, 
2025,03,APURIMAC,01,ABANCAY,05,HUANIPACA,31167,02,02,1,2,030131003,40.57694,1,,1,1,3,1,MAIZ AMILACEO,2108,1,0,150,0,0,1,0,0,0,0, 
2025,03,APURIMAC,01,ABANCAY,05,HUANIPACA,31167,04,04,1,2,030131003,10.61397,1,,1,1,5,1,MAIZ AMILACEO,2108,1,0,250,0,0,1,0,1,0,0, 
2025,03,APURIMAC,01,ABANCAY,06,LAMBRAMA,31173,01,01,1,2,030131001,2.372681,1,,1,1,1,1,CEBADA GRANO,2104,1,0,163,0,0,1,1,0,0,0, 
2025,03,APURIMAC,01,ABANCAY,06,LAMBRAMA,31174,01,01,1,2,030131003,1.205489,1,,1,1,2,1,AJO,2303,1,0,008,0,0,1,0,0,0,0, 
2025,03,APURIMAC,01,ABANCAY,06,LAMBRAMA,31174,05,05,1,2,030131003,4.90152,1,,1,1,6,1,MAIZ AMILACEO,2108,1,0,050,1,0,0,0,0,0,0, 
2025,03,APURIMAC,01,ABANCAY,07,PICHIRHUA,31181,01,01,1,2,030132004,76.23673,1,,1,1,1,1,CEBADA GRANO,2104,1,0,100,0,0,1,0,0,0,0, 
2025,03,APURIMAC,01,ABANCAY,07,PICHIRHUA,31181,01,01,1,2,030132004,76.23673,1,,1,1,1,2,MAIZ AMILACEO,2108,1,0,100,0,0,1,0,0,0,0, 
2025,03,APURIMAC,01,ABANCAY,07,PICHIRHUA,31183,04,04,1,2,030131003,85.24896,1,,1,1,3,1,PAPA BLANCA,2612,1,0,300,0,0,1,1,0,1,0, 
2025,03,APURIMAC,02,ANDAHUAYLAS,01,ANDAHUAYLAS,31192,01,01,1,2,030241003,29.5706,1,,1,1,3,1,CEBADA FORRAJERA,2703,1,0,300,0,0,0,0,0,1,0, 
2025,03,APURIMAC,02,ANDAHUAYLAS,01,ANDAHUAYLAS,31194,04,04,1,2,030231003,7.244128,1,,1,1,1,1,MAIZ AMILACEO,2108,1,0,120,0,0,1,0,1,0,1, 
2025,03,APURIMAC,02,ANDAHUAYLAS,02,ANDARAPA,31196,03,03,1,2,030231003,2.757391,1,,1,1,1,1,MAIZ CHOCLO,2109,1,0,900,1,1,1,0,0,0,0, 
2025,03,APURIMAC,02,ANDAHUAYLAS,02,ANDARAPA,31198,01,01,1,2,030231003,10.60067,1,,1,1,6,1,QUINUA,2111,1,0,300,1,0,1,0,0,0,0, 
2025,03,APURIMAC,02,ANDAHUAYLAS,04,HUANCARAMA,31205,06,06,1,2,030231003,25.1263,1,,1,1,2,1,MAIZ AMILACEO,2108,1,0,650,0,0,1,0,0,0,0, 
2025,03,APURIMAC,02,ANDAHUAYLAS,05,HUANCARAY,31212,04,04,1,2,030231002,1.059237,1,,1,1,3,1,OLLUCO,2609,1,0,378,0,0,0,0,1,0,0, 
2025,03,APURIMAC,02,ANDAHUAYLAS,05,HUANCARAY,31212,11,11,1,2,030231002,4.409349,1,,1,1,2,1,MAIZ AMILACEO,2108,1,800,000,0,0,1,0,1,0,0, 
2025,03,APURIMAC,02,ANDAHUAYLAS,05,HUANCARAY,31212,11,11,1,2,030231002,4.409349,1,,1,1,2,2,FRIJOL HUEVO DE PALOMA,2919,1,800,000,0,0,0,0,1,0,0, 
2025,03,APURIMAC,02,ANDAHUAYLAS,05,HUANCARAY,31217,05,05,1,2,030241003,30.91273,1,,1,1,7,1,TARHUI,2947,1,0,250,0,0,0,1,0,0,0, 
2025,03,APURIMAC,02,ANDAHUAYLAS,05,HUANCARAY,31219,02,02,1,2,030241003,2.264199,1,,1,1,2,1,MAIZ AMILACEO,2108,1,0,150,0,0,1,0,0,0,0, 
2025,03,APURIMAC,02,ANDAHUAYLAS,05,HUANCARAY,31219,06,06,1,2,030241003,4.412438,1,,1,1,6,1,MAIZ AMILACEO,2108,1,0,100,0,0,0,0,0,1,0, 
2025,03,APURIMAC,02,ANDAHUAYLAS,05,HUANCARAY,31220,08,08,1,2,030242004,1.996414,1,,1,1,5,1,HABA,2942,1,0,080,0,0,1,1,1,0,0, 
2025,03,APURIMAC,02,ANDAHUAYLAS,08,PACOBAMBA,31234,12,12,1,2,030232003,6.794144,1,,1,1,6,1,PAPA AMARILLA,2611,1,0,500,0,0,1,0,0,0,0, 
2025,03,APURIMAC,02,ANDAHUAYLAS,09,PACUCHA,31245,03,03,1,2,030241003,5.666996,1,,1,1,2,1,QUINUA,2111,1,0,150,0,1,0,0,0,0,0, 
2025,03,APURIMAC,02,ANDAHUAYLAS,09,PACUCHA,31245,03,03,1,2,030241003,5.666996,1,,1,1,3,1,QUINUA,2111,1,0,080,0,1,0,0,0,0,0, 
2025,03,APURIMAC,02,ANDAHUAYLAS,12,SAN ANTONIO DE CACHI,31260,01,01,1,2,030231003,6.039604,1,,1,1,3,1,MAIZ AMILACEO,2108,1,0,120,0,0,0,0,0,1,0, 
2025,03,APURIMAC,02,ANDAHUAYLAS,12,SAN ANTONIO DE CACHI,31263,05,05,1,2,030241003,24.59589,1,,1,1,2,1,FRIJOL CANARIO,2910,1,0,150,0,0,1,0,0,0,0, 
2025,03,APURIMAC,02,ANDAHUAYLAS,13,SAN JERONIMO,31272,05,05,1,2,030242003,12.67696,1,,1,1,5,1,MAIZ AMILACEO,2108,1,0,050,0,0,0,0,0,0,1, 
2025,03,APURIMAC,02,ANDAHUAYLAS,15,SANTA MARIA DE CHICMO,31279,03,03,1,2,030241002,26.91222,1,,1,1,5,1,PAPA AMARILLA,2611,1,0,150,0,0,1,0,0,0,0, 
2025,03,APURIMAC,02,ANDAHUAYLAS,16,TALAVERA,31294,04,04,1,2,030231002,12.15845,1,,1,1,4,1,KIWICHA,2106,1,0,500,0,0,0,0,1,0,1, 
2025,03,APURIMAC,02,ANDAHUAYLAS,17,TUMAY HUARACA,31302,02,02,1,2,030243002,2.9448,1,,1,1,4,1,PAPA NATIVA,2615,1,0,200,0,0,1,1,1,0,0, 
2025,03,APURIMAC,02,ANDAHUAYLAS,18,TURPO,31308,03,03,1,2,030231003,70.67204,1,,1,1,2,1,QUINUA,2111,1,0,300,0,0,1,1,1,1,1, 
2025,03,APURIMAC,02,ANDAHUAYLAS,18,TURPO,31308,04,04,1,2,030231003,3.427407,1,,1,1,5,1,PAPA NATIVA,2615,1,0,100,0,0,1,1,1,0,0, 
2025,03,APURIMAC,02,ANDAHUAYLAS,18,TURPO,31311,11,11,1,2,030241003,2.977196,1,,1,1,1,1,TARHUI,2947,1,0,186,0,0,0,0,1,0,0, 
2025,03,APURIMAC,02,ANDAHUAYLAS,18,TURPO,31312,05,05,1,2,030241003,69.42245,1,,1,1,3,1,MAIZ AMILACEO,2108,1,0,200,0,0,0,0,1,0,1, 
2025,03,APURIMAC,02,ANDAHUAYLAS,19,KAQUIABAMBA,31315,06,06,1,2,030231002,32.83876,1,,1,1,19,1,FRIJOL HUEVO DE PALOMA,2919,1,0,500,0,0,1,0,0,0,0, 
2025,03,APURIMAC,02,ANDAHUAYLAS,20,JOSÉ MARÍA ARGUEDAS,31320,05,05,1,2,030241003,18.23654,1,,1,0,3,1,QUINUA,2111,1,0,200,0,0,0,1,0,0,0, 
2025,03,APURIMAC,02,ANDAHUAYLAS,20,JOSÉ MARÍA ARGUEDAS,31321,01,01,1,2,030241003,16.88298,1,,1,1,4,1,QUINUA,2111,1,0,450,0,0,1,0,0,0,1, 
2025,03,APURIMAC,02,ANDAHUAYLAS,20,JOSÉ MARÍA ARGUEDAS,31321,01,01,1,2,030241003,16.88298,1,,1,1,2,1,QUINUA,2111,1,0,033,0,0,1,0,0,0,1, 
2025,03,APURIMAC,02,ANDAHUAYLAS,20,JOSÉ MARÍA ARGUEDAS,31321,01,01,1,2,030241003,16.88298,1,,1,1,3,1,QUINUA,2111,1,0,500,0,0,1,0,0,0,1, 
2025,03,APURIMAC,02,ANDAHUAYLAS,20,JOSÉ MARÍA ARGUEDAS,31321,01,01,1,2,030241003,16.88298,1,,1,1,1,1,QUINUA,2111,1,0,180,0,0,1,0,0,0,1, 
2025,03,APURIMAC,02,ANDAHUAYLAS,20,JOSÉ MARÍA ARGUEDAS,31321,05,05,1,2,030241003,.0073456,1,,1,1,5,1,QUINUA,2111,1,0,500,0,0,1,0,0,0,0, 
2025,03,APURIMAC,02,ANDAHUAYLAS,20,JOSÉ MARÍA ARGUEDAS,31321,05,05,1,2,030241003,.0073456,1,,1,1,4,1,PAPA BLANCA,2612,1,0,250,0,0,1,0,0,0,0, 
2025,03,APURIMAC,02,ANDAHUAYLAS,20,JOSÉ MARÍA ARGUEDAS,31321,06,06,1,2,030241003,8.880581,1,,1,1,5,1,QUINUA,2111,1,0,250,0,0,1,0,0,0,0, 
2025,03,APURIMAC,02,ANDAHUAYLAS,20,JOSÉ MARÍA ARGUEDAS,31321,06,06,1,2,030241003,8.880581,1,,1,1,4,1,QUINUA,2111,1,0,250,0,0,1,0,0,0,0, 
2025,03,APURIMAC,02,ANDAHUAYLAS,20,JOSÉ MARÍA ARGUEDAS,31322,02,02,1,2,030241003,35.82126,1,,1,1,3,1,QUINUA,2111,1,4000,000,0,0,0,0,1,0,0, 
2025,03,APURIMAC,02,ANDAHUAYLAS,20,JOSÉ MARÍA ARGUEDAS,31322,08,08,1,2,030241003,46.94848,1,,1,0,1,1,HABA,2942,1,856,000,0,0,0,1,1,0,0, 
2025,03,APURIMAC,02,ANDAHUAYLAS,20,JOSÉ MARÍA ARGUEDAS,31324,02,02,1,2,030242003,67.31171,1,,1,1,2,1,QUINUA,2111,1,0,500,0,0,0,1,0,0,0, 
2025,03,APURIMAC,03,ANTABAMBA,06,PACHACONAS,31343,05,05,1,2,030333004,6.45268,1,,1,0,1,1,MAIZ AMILACEO,2108,1,0,167,0,0,0,0,0,0,1, 
2025,03,APURIMAC,04,AYMARAES,01,CHALHUANCA,31352,02,02,1,2,030433004,37.81384,1,,1,1,3,1,MAIZ AMILACEO,2108,1,0,080,0,1,0,0,1,0,0, 
2025,03,APURIMAC,04,AYMARAES,01,CHALHUANCA,31352,02,02,1,2,030433004,37.81384,1,,1,1,4,1,PAPA BLANCA,2612,1,0,050,0,0,1,0,1,0,0, 
2025,03,APURIMAC,04,AYMARAES,01,CHALHUANCA,31352,05,05,1,2,030433004,.5412591,1,,1,1,1,1,MAIZ AMILACEO,2108,1,0,040,1,0,0,0,0,0,0, 
2025,03,APURIMAC,04,AYMARAES,06,COTARUSE,31361,04,04,1,2,030441004,384.4232,1,,1,1,2,1,PAPA BLANCA,2612,1,0,150,0,0,0,1,1,0,0, 
2025,03,APURIMAC,04,AYMARAES,13,SORAYA,31371,04,04,1,2,030431003,.3785059,1,,1,1,1,1,PAPA BLANCA,2612,1,0,060,0,0,1,0,0,0,0, 
2025,03,APURIMAC,04,AYMARAES,14,TAPAIRIHUA,31373,01,01,1,2,030433002,6.070111,1,,1,1,4,1,MAIZ AMILACEO,2108,1,0,100,0,0,0,0,1,0,1, 
2025,03,APURIMAC,04,AYMARAES,17,YANACA,31386,01,01,1,2,030442004,.7887434,1,,1,1,4,1,HABA,2942,1,0,010,0,0,1,0,0,0,0, 
2025,03,APURIMAC,04,AYMARAES,17,YANACA,31387,01,01,1,2,030444004,8.252706,1,,1,1,8,1,MAIZ AMILACEO,2108,1,0,005,0,0,1,0,0,0,0, 
2025,03,APURIMAC,04,AYMARAES,17,YANACA,31387,01,01,1,2,030444004,8.252706,1,,1,1,8,2,COL,2319,1,0,002,0,0,1,0,0,0,0, 
2025,03,APURIMAC,04,AYMARAES,17,YANACA,31387,01,01,1,2,030444004,8.252706,1,,1,1,8,3,ZANAHORIA,2344,1,0,003,0,0,1,0,0,0,0, 
2025,03,APURIMAC,05,COTABAMBAS,01,TAMBOBAMBA,31397,01,01,1,2,030541003,162.504,1,,1,1,5,1,PAPA NATIVA,2615,1,0,100,0,0,0,1,1,0,0, 
2025,03,APURIMAC,05,COTABAMBAS,01,TAMBOBAMBA,31398,01,01,1,2,030541002,23.64842,1,,1,1,2,1,MAIZ AMILACEO,2108,1,0,060,0,0,1,0,1,0,0, 
2025,03,APURIMAC,05,COTABAMBAS,03,COYLLURQUI,31410,01,01,1,2,030532004,77.81216,1,,1,1,5,1,HABA,2942,1,0,150,0,0,1,1,1,0,0, 
2025,03,APURIMAC,05,COTABAMBAS,03,COYLLURQUI,31419,02,02,1,2,030542002,10.7282,1,,1,1,7,1,MAIZ AMILACEO,2108,1,0,080,0,0,1,0,0,0,0, 
2025,03,APURIMAC,05,COTABAMBAS,04,HAQUIRA,31426,04,04,1,2,030531003,248.9289,1,,1,1,5,1,HABA,2942,1,0,080,0,0,0,0,1,0,0, 
2025,03,APURIMAC,06,CHINCHEROS,02,ANCO_HUALLO,31449,04,04,1,2,030631003,60.48009,1,,1,1,4,1,MAIZ AMILACEO,2108,1,0,240,0,0,1,0,1,0,0, 
2025,03,APURIMAC,06,CHINCHEROS,02,ANCO_HUALLO,31449,04,04,1,2,030631003,60.48009,1,,1,1,2,1,MAIZ AMILACEO,2108,1,0,520,0,0,1,0,1,0,0, 
2025,03,APURIMAC,06,CHINCHEROS,03,COCHARCAS,31457,01,01,1,2,030643002,.1587097,1,,1,1,3,1,HABA,2942,1,0,500,0,0,0,1,1,0,0, 
2025,03,APURIMAC,06,CHINCHEROS,03,COCHARCAS,31457,02,02,1,2,030643002,1.648097,1,,1,1,2,1,TARHUI,2947,1,0,200,0,0,0,1,0,0,0, 
2025,03,APURIMAC,06,CHINCHEROS,04,HUACCANA,31459,03,03,1,2,030631003,7.578928,1,,1,1,1,1,HABA,2942,1,0,102,0,0,1,1,1,0,0, 
2025,03,APURIMAC,06,CHINCHEROS,04,HUACCANA,31460,01,01,1,2,030631004,.3368196,1,,1,1,3,1,MAIZ AMILACEO,2108,1,0,250,0,0,1,0,0,1,1, 
2025,03,APURIMAC,06,CHINCHEROS,04,HUACCANA,31463,01,01,1,2,030631003,20.70162,1,,1,1,2,1,MAIZ AMILACEO,2108,1,0,200,0,0,1,1,1,1,0, 
2025,03,APURIMAC,06,CHINCHEROS,04,HUACCANA,31466,05,05,1,2,030631003,5.145098,1,,1,1,2,1,OLLUCO,2609,1,0,050,0,0,1,0,1,0,0, 
2025,03,APURIMAC,06,CHINCHEROS,04,HUACCANA,31466,05,05,1,2,030631003,5.145098,1,,1,1,2,2,OCA,2608,1,0,050,0,0,1,0,1,0,0, 
2025,03,APURIMAC,06,CHINCHEROS,05,OCOBAMBA,31471,06,06,1,2,030631003,6.934353,1,,1,1,4,1,MAIZ AMILACEO,2108,1,0,500,0,0,1,1,0,0,0, 
2025,03,APURIMAC,06,CHINCHEROS,05,OCOBAMBA,31475,03,03,1,2,030631003,13.56242,1,,1,1,3,1,QUINUA,2111,1,0,050,0,0,1,0,0,0,0, 
2025,03,APURIMAC,06,CHINCHEROS,07,URANMARCA,31485,05,05,1,2,030631003,97.69257,1,,1,1,1,1,QUINUA,2111,1,0,400,0,0,1,1,1,0,0, 
2025,03,APURIMAC,06,CHINCHEROS,08,RANRACANCHA,31490,04,04,1,2,030641003,4.069925,1,,1,1,4,1,HABA,2942,1,0,150,0,0,0,1,0,0,0, 
2025,03,APURIMAC,06,CHINCHEROS,08,RANRACANCHA,31490,04,04,1,2,030641003,4.069925,1,,1,1,5,1,QUINUA,2111,1,0,150,0,0,1,0,0,0,0, 
2025,03,APURIMAC,06,CHINCHEROS,09,ROCCHACC,31491,03,03,1,2,030631003,1.466432,1,,1,1,8,1,MAIZ AMILACEO,2108,1,0,500,0,0,0,1,1,0,0, 
2025,03,APURIMAC,06,CHINCHEROS,09,ROCCHACC,31491,05,05,1,2,030631003,55.74171,1,,1,1,3,1,MAIZ AMILACEO,2108,1,0,750,1,0,0,0,0,0,0, 
2025,03,APURIMAC,06,CHINCHEROS,10,EL PORVENIR,31492,04,04,1,2,030631003,92.18742,1,,1,1,1,1,MELOCOTONERO,1152,2,0,040,0,0,1,0,0,0,0, 
2025,03,APURIMAC,06,CHINCHEROS,10,EL PORVENIR,31493,01,01,1,2,030631003,66.13427,1,,1,1,3,1,TRIGO,2113,1,0,100,0,0,1,0,0,0,0, 
2025,03,APURIMAC,07,GRAU,01,CHUQUIBAMBILLA,31497,04,04,1,2,030741003,52.91006,1,,1,1,3,1,MAIZ AMILACEO,2108,1,0,200,0,0,1,0,0,0,1, 
2025,03,APURIMAC,07,GRAU,01,CHUQUIBAMBILLA,31497,07,07,1,2,030741003,248.2159,1,,1,1,2,1,PAPA NATIVA,2615,1,0,200,0,0,0,1,1,1,0, 
2025,03,APURIMAC,07,GRAU,01,CHUQUIBAMBILLA,31497,07,07,1,2,030741003,248.2159,1,,1,1,3,1,PAPA COLOR,2613,1,0,100,0,0,1,1,1,1,0, 
2025,03,APURIMAC,07,GRAU,03,GAMARRA,31502,02,02,1,2,030731003,38.13414,1,,1,1,1,1,MAIZ AMILACEO,2108,1,0,040,0,0,1,0,0,0,0, 
2025,03,APURIMAC,07,GRAU,03,GAMARRA,31502,03,03,1,2,030731003,27.32968,1,,1,0,2,1,MAIZ AMILACEO,2108,1,0,200,0,0,1,1,0,0,0, 
2025,03,APURIMAC,07,GRAU,03,GAMARRA,31502,04,04,1,2,030731003,7.111745,1,,1,1,6,1,TARHUI,2947,1,0,100,0,0,1,1,0,0,0, 
2025,03,APURIMAC,07,GRAU,03,GAMARRA,31504,04,04,1,2,030731003,24.44449,1,,1,1,6,1,PALTO,1162,2,0,100,0,0,0,0,0,0,1, 
2025,03,APURIMAC,07,GRAU,03,GAMARRA,31507,05,05,1,2,030734003,129.3232,1,,1,1,1,1,OLLUCO,2609,1,0,050,0,0,1,0,0,0,0, 
2025,03,APURIMAC,07,GRAU,04,HUAYLLATI,31511,01,01,1,2,030731003,23.87522,1,,1,1,3,1,TRIGO,2113,1,0,500,0,0,0,0,0,0,1, 
2025,03,APURIMAC,07,GRAU,04,HUAYLLATI,31512,03,03,1,2,030743004,1.559607,1,,1,1,9,1,TRIGO,2113,1,0,130,0,0,0,0,0,0,1, 
2025,03,APURIMAC,07,GRAU,05,MAMARA,31515,01,01,1,2,030741001,.6085317,1,,1,1,1,1,HABA,2942,1,0,003,0,0,1,0,0,0,0, 
2025,03,APURIMAC,07,GRAU,05,MAMARA,31515,05,05,1,2,030741001,.1598795,1,,1,1,1,1,HABA,2942,1,0,010,0,0,1,0,0,0,0, 
2025,03,APURIMAC,07,GRAU,07,PATAYPAMPA,31523,04,04,1,2,030733002,1.723703,1,,1,1,9,1,PAPA NATIVA,2615,1,0,030,0,1,1,1,1,0,0, 
2025,04,AREQUIPA,01,AREQUIPA,04,CERRO COLORADO,31547,03,03,1,2,040131003,4.403599,1,,1,0,3,1,ARVEJON,2902,1,2,400,0,1,0,0,0,0,0, 
2025,04,AREQUIPA,01,AREQUIPA,04,CERRO COLORADO,31548,05,05,1,2,040131003,.3133866,1,,1,1,2,1,ZANAHORIA,2344,1,5,000,0,0,1,0,0,0,0, 
2025,04,AREQUIPA,01,AREQUIPA,07,JACOBO HUNTER,31556,01,01,1,2,040121002,48.16035,1,,1,1,1,1,LECHUGA,2326,1,3,500,0,0,1,0,0,0,1, 
2025,04,AREQUIPA,01,AREQUIPA,08,LA JOYA,31558,01,01,1,1,040121004,4.591963,1,,1,1,1,1,ZANAHORIA,2344,1,1,000,0,0,0,0,0,1,0, 
2025,04,AREQUIPA,01,AREQUIPA,08,LA JOYA,31558,04,04,1,1,040121004,6.971314,1,,1,1,1,1,PAPA BLANCA,2612,1,1,000,0,0,0,0,0,1,0, 
2025,04,AREQUIPA,01,AREQUIPA,08,LA JOYA,31558,06,06,1,1,040121004,.7770784,1,,1,1,1,1,PAPA BLANCA,2612,1,1,000,0,1,0,0,0,0,0, 
2025,04,AREQUIPA,01,AREQUIPA,08,LA JOYA,31559,01,01,1,1,040121003,14.72515,1,,1,1,1,1,PAPA BLANCA,2612,1,1,000,0,0,0,0,0,1,0, 
2025,04,AREQUIPA,01,AREQUIPA,08,LA JOYA,31559,01,01,1,1,040121003,14.72515,1,,1,1,1,2,ZANAHORIA,2344,1,0,500,0,0,0,0,0,1,0, 
2025,04,AREQUIPA,01,AREQUIPA,08,LA JOYA,31563,01,01,1,1,040121003,1.462354,1,,1,0,1,1,ZANAHORIA,2344,1,0,573,0,0,1,0,0,0,1, 
2025,04,AREQUIPA,01,AREQUIPA,08,LA JOYA,31563,04,04,1,1,040121003,.2132229,1,,1,1,1,1,ZANAHORIA,2344,1,0,330,0,0,1,0,0,0,1, 
2025,04,AREQUIPA,01,AREQUIPA,08,LA JOYA,31563,06,06,1,1,040121003,.830013,1,,1,0,1,1,ZANAHORIA,2344,1,0,576,0,0,0,0,0,0,1, 
2025,04,AREQUIPA,01,AREQUIPA,08,LA JOYA,31565,04,04,1,1,040121003,1.351784,1,,1,0,3,1,ZANAHORIA,2344,1,0,500,0,0,0,0,0,0,1, 
2025,04,AREQUIPA,01,AREQUIPA,08,LA JOYA,31565,11,11,1,1,040121003,.0071309,1,,1,1,1,1,ZANAHORIA,2344,1,0,500,0,0,0,0,0,0,1, 
2025,04,AREQUIPA,01,AREQUIPA,13,POCSI,31572,01,01,1,2,040134002,153.2277,1,,1,1,9,1,HABA,2942,1,0,125,0,0,1,0,0,0,0, 
2025,04,AREQUIPA,01,AREQUIPA,13,POCSI,31573,01,01,1,2,040131003,.9714552,1,,1,1,2,1,MAIZ AMILACEO,2108,1,1,000,0,0,0,0,0,0,1, 
2025,04,AREQUIPA,01,AREQUIPA,13,POCSI,31573,01,01,1,2,040131003,.9714552,1,,1,1,4,1,PAPA BLANCA,2612,1,0,500,0,0,0,0,0,0,1, 
2025,04,AREQUIPA,01,AREQUIPA,13,POCSI,31573,02,02,1,2,040131003,1.459568,1,,1,1,5,1,ALFALFA,1401,3,0,400,0,0,0,0,1,0,0, 
2025,04,AREQUIPA,01,AREQUIPA,13,POCSI,31573,02,02,1,2,040131003,1.459568,1,,1,1,8,1,PAPA BLANCA,2612,1,0,070,0,0,1,0,0,0,0, 
2025,04,AREQUIPA,01,AREQUIPA,13,POCSI,31573,02,02,1,2,040131003,1.459568,1,,1,1,13,1,PAPA BLANCA,2612,1,0,250,0,0,1,0,0,0,0, 
2025,04,AREQUIPA,01,AREQUIPA,13,POCSI,31573,02,02,1,2,040131003,1.459568,1,,1,1,8,2,OCA,2608,1,0,080,0,0,1,0,0,0,0, 
2025,04,AREQUIPA,01,AREQUIPA,13,POCSI,31573,04,04,1,2,040131003,.4974299,1,,1,0,17,1,HABA,2942,1,0,250,0,0,0,0,1,0,0, 
2025,04,AREQUIPA,01,AREQUIPA,13,POCSI,31573,04,04,1,2,040131003,.4974299,1,,1,0,1,1,MAIZ AMILACEO,2108,1,0,200,0,0,0,0,0,0,1, 
2025,04,AREQUIPA,01,AREQUIPA,13,POCSI,31573,04,04,1,2,040131003,.4974299,1,,1,0,15,1,MAIZ AMILACEO,2108,1,0,250,0,0,0,0,1,0,0, 
2025,04,AREQUIPA,01,AREQUIPA,13,POCSI,31573,04,04,1,2,040131003,.4974299,1,,1,0,2,1,MAIZ AMILACEO,2108,1,1,000,0,0,0,0,1,0,0, 
2025,04,AREQUIPA,01,AREQUIPA,13,POCSI,31573,07,07,1,2,040131003,.1179253,1,,1,1,5,1,PAPA BLANCA,2612,1,0,300,0,0,0,0,0,0,1, 
2025,04,AREQUIPA,01,AREQUIPA,13,POCSI,31573,07,07,1,2,040131003,.1179253,1,,1,1,6,1,PAPA BLANCA,2612,1,0,250,0,0,0,0,0,0,1, 
2025,04,AREQUIPA,01,AREQUIPA,13,POCSI,31573,07,07,1,2,040131003,.1179253,1,,1,1,11,1,PAPA BLANCA,2612,1,0,500,0,0,0,0,0,0,1, 
2025,04,AREQUIPA,01,AREQUIPA,13,POCSI,31573,08,08,1,2,040131003,.6359859,1,,1,0,4,1,PAPA BLANCA,2612,1,0,500,0,0,0,1,0,0,1, 
2025,04,AREQUIPA,01,AREQUIPA,13,POCSI,31573,08,08,1,2,040131003,.6359859,1,,1,0,3,1,MAIZ AMILACEO,2108,1,0,500,0,0,0,0,1,0,0, 
2025,04,AREQUIPA,01,AREQUIPA,13,POCSI,31573,09,09,1,2,040131003,.3164099,1,,1,1,4,1,MAIZ AMILACEO,2108,1,0,250,0,0,0,0,1,0,0, 
2025,04,AREQUIPA,01,AREQUIPA,17,SACHACA,31581,01,01,1,2,040121002,4.257203,1,,1,1,2,1,LECHUGA,2326,1,0,330,0,0,1,0,0,0,0, 
2025,04,AREQUIPA,01,AREQUIPA,23,TIABAYA,31595,02,02,1,2,040121002,1.136926,1,,1,0,1,1,APIO,2306,1,0,800,0,0,1,0,0,0,1, 
2025,04,AREQUIPA,01,AREQUIPA,23,TIABAYA,31597,01,01,1,2,040121002,12.94797,1,,1,0,1,1,LECHUGA,2326,1,1,500,0,1,0,0,0,0,0, 
2025,04,AREQUIPA,01,AREQUIPA,25,VITOR,31607,01,01,1,1,040121004,3.362619,1,,1,0,1,1,GUAYABO,1134,2,0,100,0,0,1,0,0,0,0, 
2025,04,AREQUIPA,01,AREQUIPA,25,VITOR,31607,01,01,1,1,040121004,3.362619,1,,1,0,1,2,HIGUERA,1136,2,0,050,0,0,1,0,0,0,0, 
2025,04,AREQUIPA,01,AREQUIPA,25,VITOR,31607,01,01,1,1,040121004,3.362619,1,,1,0,1,3,PACAE,1159,2,0,035,0,0,1,0,0,0,0, 
2025,04,AREQUIPA,01,AREQUIPA,25,VITOR,31627,01,01,1,1,040121004,.1080946,1,,1,1,1,1,ZANAHORIA,2344,1,0,600,0,0,1,0,0,0,0, 
2025,04,AREQUIPA,01,AREQUIPA,28,YURA,31635,02,02,1,2,040131004,35.13388,1,,1,0,1,1,PAPA BLANCA,2612,1,2,000,1,0,0,0,0,0,0, 
2025,04,AREQUIPA,01,AREQUIPA,28,YURA,31635,02,02,1,2,040131004,35.13388,1,,1,0,1,2,ZANAHORIA,2344,1,1,000,1,0,0,0,0,0,0, 
2025,04,AREQUIPA,01,AREQUIPA,28,YURA,31635,02,02,1,2,040131004,35.13388,1,,1,0,1,3,HABA,2942,1,1,500,1,0,0,0,0,0,0, 
2025,04,AREQUIPA,01,AREQUIPA,28,YURA,31635,02,02,1,2,040131004,35.13388,1,,1,0,1,4,ARVEJA,2901,1,1,000,1,0,0,0,0,0,0, 
2025,04,AREQUIPA,01,AREQUIPA,28,YURA,31636,03,03,1,2,040131002,423.6651,1,,1,0,2,1,ARVEJA,2901,1,0,143,0,1,0,0,0,0,0, 
2025,04,AREQUIPA,01,AREQUIPA,28,YURA,31636,03,03,1,2,040131002,423.6651,1,,1,0,1,1,ARVEJA,2901,1,0,009,0,1,0,0,0,0,0, 
2025,04,AREQUIPA,01,AREQUIPA,28,YURA,31639,02,02,1,2,040131002,51.06581,1,,1,1,1,1,MAIZ CHALA,2706,1,500,000,0,1,0,0,0,0,0, 
2025,04,AREQUIPA,02,CAMANA,03,MARIANO NICOLAS VALCARCEL,31650,01,01,1,1,040211004,6.047114,1,,1,0,3,1,ARROZ CASCARA,2101,1,1,950,1,0,0,0,0,0,0, 
2025,04,AREQUIPA,02,CAMANA,03,MARIANO NICOLAS VALCARCEL,31650,01,01,1,1,040211004,6.047114,1,,1,0,1,1,ARROZ CASCARA,2101,1,4,000,1,0,0,0,0,0,0, 
2025,04,AREQUIPA,02,CAMANA,03,MARIANO NICOLAS VALCARCEL,31650,01,01,1,1,040211004,6.047114,1,,1,0,4,1,ARROZ CASCARA,2101,1,2,000,1,0,0,0,0,0,0, 
2025,04,AREQUIPA,02,CAMANA,03,MARIANO NICOLAS VALCARCEL,31650,02,02,1,1,040211004,4.827613,1,,1,1,1,1,ARROZ CASCARA,2101,1,2,000,1,0,0,0,0,0,0, 
2025,04,AREQUIPA,02,CAMANA,03,MARIANO NICOLAS VALCARCEL,31650,03,03,1,1,040211004,5.685351,1,,1,0,1,1,ARROZ CASCARA,2101,1,3,750,1,0,0,0,0,0,0, 
2025,04,AREQUIPA,02,CAMANA,03,MARIANO NICOLAS VALCARCEL,31650,04,04,1,1,040211004,1.54456,1,,1,1,1,1,ARROZ CASCARA,2101,1,0,600,1,0,0,0,0,0,0, 
2025,04,AREQUIPA,02,CAMANA,03,MARIANO NICOLAS VALCARCEL,31650,05,05,1,1,040211004,1.808462,1,,1,1,1,1,ARROZ CASCARA,2101,1,1,000,1,0,0,0,0,0,0, 
2025,04,AREQUIPA,02,CAMANA,03,MARIANO NICOLAS VALCARCEL,31650,07,07,1,1,040211004,2.068137,1,,1,0,1,1,PACAE,1159,2,0,002,1,0,0,0,0,1,0, 
2025,04,AREQUIPA,02,CAMANA,06,OCOÑA,31667,12,12,1,1,040211004,.1704397,1,,1,1,3,1,ARROZ CASCARA,2101,1,0,330,1,0,0,0,0,0,0, 
2025,04,AREQUIPA,02,CAMANA,06,OCOÑA,31671,03,03,1,1,040211003,.4726301,1,,1,1,2,1,ARROZ CASCARA,2101,1,1,000,1,1,0,0,0,0,0, 
2025,04,AREQUIPA,03,CARAVELI,02,ACARI,31680,05,05,1,1,040311004,.0473707,1,,1,1,1,1,OLIVO,1218,2,2,000,0,0,0,0,0,1,0, 
2025,04,AREQUIPA,03,CARAVELI,02,ACARI,31682,02,02,1,1,040311003,4.087135,1,,1,0,3,1,TOMATE,2342,1,1,500,0,0,1,0,0,0,1, 
2025,04,AREQUIPA,03,CARAVELI,02,ACARI,31682,02,02,1,1,040311003,4.087135,1,,1,0,3,2,CEBOLLA,2315,1,1,500,0,0,0,0,0,0,1, 
2025,04,AREQUIPA,03,CARAVELI,02,ACARI,31685,01,01,1,1,040311003,6.916383,1,,1,1,1,1,PACAE,1159,2,0,020,0,0,1,0,0,0,0, 
2025,04,AREQUIPA,03,CARAVELI,06,CAHUACHO,31703,03,03,1,2,040331002,.0185486,1,,1,1,6,1,CEBADA GRANO,2104,1,0,500,0,0,0,1,0,0,0, 
2025,04,AREQUIPA,03,CARAVELI,06,CAHUACHO,31703,03,03,1,2,040331002,.0185486,1,,1,1,7,1,CEBADA GRANO,2104,1,0,500,0,0,0,1,0,0,0, 
2025,04,AREQUIPA,03,CARAVELI,06,CAHUACHO,31703,03,03,1,2,040331002,.0185486,1,,1,1,3,1,CEBADA GRANO,2104,1,0,750,0,0,0,1,0,0,0, 
2025,04,AREQUIPA,03,CARAVELI,10,JAQUI,31711,03,03,1,1,040312002,1.56361,1,,1,0,2,1,OLIVO,1218,2,1,500,0,0,0,0,0,1,0, 
2025,04,AREQUIPA,03,CARAVELI,10,JAQUI,31711,03,03,1,1,040312002,1.56361,1,,1,0,1,1,OLIVO,1218,2,0,170,0,0,0,0,0,1,0, 
2025,04,AREQUIPA,03,CARAVELI,13,YAUCA,31724,01,01,1,1,040311004,.7271398,1,,1,0,1,1,CEBOLLA,2315,1,3,500,1,1,0,0,0,0,0, 
2025,04,AREQUIPA,03,CARAVELI,13,YAUCA,31724,03,03,1,1,040311004,.0164451,1,,1,1,1,1,CEBOLLA,2315,1,0,200,1,1,0,0,0,0,0, 
2025,04,AREQUIPA,03,CARAVELI,13,YAUCA,31724,05,05,1,1,040311004,.181138,1,,1,0,1,1,CAMOTE,2603,1,1,200,1,1,0,0,0,0,1, 
2025,04,AREQUIPA,04,CASTILLA,01,APLAO,31725,01,01,1,1,040421003,1.462233,1,,1,1,2,1,ALFALFA,1401,3,0,300,1,0,0,0,0,0,0, 
2025,04,AREQUIPA,04,CASTILLA,01,APLAO,31725,01,01,1,1,040421003,1.462233,1,,1,1,1,1,ALFALFA,1401,3,0,300,1,0,0,0,0,0,0, 
2025,04,AREQUIPA,04,CASTILLA,01,APLAO,31725,02,02,1,1,040421003,2.935385,1,,1,1,2,1,VAINITA,2948,1,0,500,0,0,1,0,0,0,0, 
2025,04,AREQUIPA,04,CASTILLA,01,APLAO,31725,02,02,1,1,040421003,2.935385,1,,1,1,1,1,VAINITA,2948,1,0,530,0,0,1,0,0,0,0, 
2025,04,AREQUIPA,04,CASTILLA,01,APLAO,31726,02,02,1,1,040422004,.6768502,1,,1,1,4,1,VID,1192,2,3,080,1,0,0,0,0,0,0, 
2025,04,AREQUIPA,04,CASTILLA,01,APLAO,31726,02,02,1,1,040422004,.6768502,1,,1,1,4,2,PLATANO,1171,3,0,500,1,0,0,0,0,0,0, 
2025,04,AREQUIPA,04,CASTILLA,01,APLAO,31728,01,01,1,1,040421003,8.153063,1,,1,1,1,1,VID,1192,2,1,790,0,0,1,0,0,1,0, 
2025,04,AREQUIPA,04,CASTILLA,01,APLAO,31728,01,01,1,1,040421003,8.153063,1,,1,1,3,1,VID,1192,2,0,064,0,0,1,0,0,0,0, 
2025,04,AREQUIPA,04,CASTILLA,01,APLAO,31728,04,04,1,1,040421003,2.787786,1,,1,0,2,1,VID,1192,2,1,990,0,0,1,0,0,0,0, 
2025,04,AREQUIPA,04,CASTILLA,01,APLAO,31733,01,01,1,1,040421004,3.074924,1,,1,1,1,1,VID,1192,2,2,000,0,0,1,0,0,0,0, 
2025,04,AREQUIPA,04,CASTILLA,01,APLAO,31733,01,01,1,1,040421004,3.074924,1,,1,1,1,2,PACAE,1159,2,0,002,0,0,1,0,0,0,0, 
2025,04,AREQUIPA,04,CASTILLA,01,APLAO,31733,06,06,1,1,040421004,.0094699,1,,1,1,1,1,VID,1192,2,1,000,0,0,1,0,0,0,0, 
2025,04,AREQUIPA,04,CASTILLA,01,APLAO,31733,10,10,1,1,040421004,1.298853,1,,1,1,1,1,TUNA FRUTA,1186,2,0,005,0,0,1,0,0,0,0, 
2025,04,AREQUIPA,04,CASTILLA,05,CHILCAYMARCA,31744,07,07,1,2,040444003,.5532258,1,,1,1,5,1,PAPA COLOR,2613,1,0,015,0,0,1,0,0,0,0, 
2025,04,AREQUIPA,04,CASTILLA,06,CHOCO,31749,10,10,1,2,040433002,.0090002,1,,1,1,8,1,PAPA NATIVA,2615,1,0,100,0,0,0,0,0,0,1, 
2025,04,AREQUIPA,04,CASTILLA,07,HUANCARQUI,31751,02,02,1,1,040421002,3.391833,1,,1,0,2,1,ARROZ CASCARA,2101,1,1,000,0,1,0,0,0,0,0, 
2025,04,AREQUIPA,04,CASTILLA,08,MACHAGUAY,31754,02,02,1,2,040443004,1.27958,1,,1,1,1,1,PAPA COLOR,2613,1,0,166,0,0,1,0,0,0,0, 
2025,04,AREQUIPA,04,CASTILLA,10,PAMPACOLCA,31770,01,01,1,2,040432003,2.07974,1,,1,1,1,1,TARA,1225,2,0,002,0,0,1,0,0,0,0, 
2025,04,AREQUIPA,04,CASTILLA,13,URACA,31784,03,03,1,1,040411003,.5719088,1,,1,0,1,1,HIGUERA,1136,2,0,020,0,0,1,0,0,0,0, 
2025,04,AREQUIPA,04,CASTILLA,13,URACA,31784,06,06,1,1,040411003,.3245316,1,,1,0,1,1,MEMBRILLERO,1153,2,0,002,0,0,1,0,0,0,0, 
2025,04,AREQUIPA,04,CASTILLA,13,URACA,31784,06,06,1,1,040411003,.3245316,1,,1,0,1,2,PACAE,1159,2,0,020,0,0,1,0,0,0,0, 
2025,04,AREQUIPA,04,CASTILLA,14,VIRACO,31789,02,02,1,2,040432003,.0260899,1,,1,1,1,1,PAPA BLANCA,2612,1,1,000,0,0,1,0,0,0,0, 
2025,04,AREQUIPA,05,CAYLLOMA,02,ACHOMA,31798,02,02,1,2,040541002,20.21993,1,,1,1,5,1,MAIZ AMILACEO,2108,1,0,500,0,0,0,1,0,0,0, 
2025,04,AREQUIPA,05,CAYLLOMA,02,ACHOMA,31801,02,02,1,2,040541003,.3294141,1,,1,0,5,1,HABA,2942,1,0,500,0,0,0,1,0,0,0, 
2025,04,AREQUIPA,05,CAYLLOMA,03,CABANACONDE,31806,02,02,1,2,040531003,15.18695,1,,1,1,1,1,MAIZ AMILACEO,2108,1,0,500,0,0,1,1,0,0,0, 
2025,04,AREQUIPA,05,CAYLLOMA,03,CABANACONDE,31806,03,03,1,2,040531003,65.86753,1,,1,1,1,1,MAIZ AMILACEO,2108,1,0,600,0,0,1,0,0,0,0, 
2025,04,AREQUIPA,05,CAYLLOMA,03,CABANACONDE,31806,03,03,1,2,040531003,65.86753,1,,1,1,3,1,MAIZ AMILACEO,2108,1,0,100,0,0,1,0,0,0,0, 
2025,04,AREQUIPA,05,CAYLLOMA,03,CABANACONDE,31806,03,03,1,2,040531003,65.86753,1,,1,1,2,1,MAIZ AMILACEO,2108,1,0,330,0,1,1,0,0,0,0, 
2025,04,AREQUIPA,05,CAYLLOMA,06,COPORAQUE,31811,04,04,1,2,040531002,7.46549,1,,1,1,1,1,PAPA BLANCA,2612,1,0,400,0,0,0,0,0,0,1, 
2025,04,AREQUIPA,05,CAYLLOMA,07,HUAMBO,31813,04,04,1,2,040531003,216.2297,1,,1,1,1,1,HABA,2942,1,0,250,0,0,0,1,1,0,0, 
2025,04,AREQUIPA,05,CAYLLOMA,07,HUAMBO,31814,01,01,1,2,040533003,.7815475,1,,1,1,2,1,ALFALFA,1401,3,2,500,0,0,1,1,0,0,1, 
2025,04,AREQUIPA,05,CAYLLOMA,07,HUAMBO,31814,05,05,1,2,040533003,93.99354,1,,1,1,3,1,MAIZ AMILACEO,2108,1,1,000,0,0,0,1,0,0,1, 
2025,04,AREQUIPA,05,CAYLLOMA,07,HUAMBO,31814,05,05,1,2,040533003,93.99354,1,,1,1,2,1,CEBADA GRANO,2104,1,1,000,0,0,0,1,0,0,1, 
2025,04,AREQUIPA,05,CAYLLOMA,07,HUAMBO,31814,05,05,1,2,040533003,93.99354,1,,1,1,2,2,ALFALFA,1401,3,1,000,0,0,0,1,0,0,1, 
2025,04,AREQUIPA,05,CAYLLOMA,08,HUANCA,31820,02,02,1,2,040531002,123.5434,1,,1,1,3,1,MAIZ AMILACEO,2108,1,1,500,0,0,0,1,0,0,1, 
2025,04,AREQUIPA,05,CAYLLOMA,10,LARI,31825,05,05,1,2,040531002,.021703,1,,1,0,2,1,PAPA BLANCA,2612,1,1,990,0,0,0,0,0,0,1, 
2025,04,AREQUIPA,05,CAYLLOMA,10,LARI,31827,02,02,1,2,040531002,1.489236,1,,1,1,2,1,MAIZ AMILACEO,2108,1,0,500,0,0,1,1,0,0,0, 
2025,04,AREQUIPA,05,CAYLLOMA,10,LARI,31830,04,04,1,2,040531002,.0035196,1,,1,1,8,1,PAPA BLANCA,2612,1,1,500,0,0,1,0,0,0,0, 
2025,04,AREQUIPA,05,CAYLLOMA,11,LLUTA,31835,02,02,1,2,040532003,18.8939,1,,1,1,1,1,ALFALFA,1401,3,0,600,0,0,1,1,0,0,1, 
2025,04,AREQUIPA,05,CAYLLOMA,11,LLUTA,31838,04,04,1,2,040532003,6.301585,1,,1,1,1,1,ALFALFA,1401,3,1,000,0,0,0,0,0,1,0, 
2025,04,AREQUIPA,05,CAYLLOMA,11,LLUTA,31838,04,04,1,2,040532003,6.301585,1,,1,1,5,1,ALFALFA,1401,3,2,000,0,0,0,0,0,1,0, 
2025,04,AREQUIPA,05,CAYLLOMA,11,LLUTA,31838,04,04,1,2,040532003,6.301585,1,,1,1,3,1,ALFALFA,1401,3,1,000,0,0,0,0,0,1,0, 
2025,04,AREQUIPA,05,CAYLLOMA,11,LLUTA,31838,05,05,1,2,040532003,5.632203,1,,1,0,1,1,ALFALFA,1401,3,0,300,0,0,0,0,0,1,0, 
2025,04,AREQUIPA,05,CAYLLOMA,12,MACA,31844,05,05,1,2,040531003,2.252299,1,,1,1,11,1,ALFALFA,1401,3,1,000,1,0,0,0,0,0,0, 
2025,04,AREQUIPA,05,CAYLLOMA,12,MACA,31844,06,06,1,2,040531003,.0196565,1,,1,1,2,1,HABA,2942,1,1,000,0,0,0,1,0,0,0, 
2025,04,AREQUIPA,05,CAYLLOMA,12,MACA,31845,05,05,1,2,040531003,4.805005,1,,1,0,3,1,CEBADA FORRAJERA,2703,1,1,000,0,0,0,1,0,1,0, 
2025,04,AREQUIPA,05,CAYLLOMA,12,MACA,31845,05,05,1,2,040531003,4.805005,1,,1,0,3,2,QUINUA,2111,1,1,000,0,0,0,1,0,0,0, 
2025,04,AREQUIPA,05,CAYLLOMA,12,MACA,31845,07,07,1,2,040531003,2.362525,1,,1,1,2,1,MAIZ AMILACEO,2108,1,1,000,1,0,0,1,0,0,0, 
2025,04,AREQUIPA,05,CAYLLOMA,12,MACA,31845,11,11,1,2,040531003,29.33275,1,,1,1,4,1,PAPA BLANCA,2612,1,0,500,1,0,0,0,0,0,0, 
2025,04,AREQUIPA,05,CAYLLOMA,12,MACA,31845,12,12,1,2,040531003,1.688441,1,,1,1,4,1,AVENA FORRAJERA,2701,1,1,500,0,0,1,1,0,1,0, 
2025,04,AREQUIPA,05,CAYLLOMA,12,MACA,31845,12,12,1,2,040531003,1.688441,1,,1,1,2,1,HABA,2942,1,0,500,0,0,1,1,0,1,0, 
2025,04,AREQUIPA,05,CAYLLOMA,18,TUTI,31848,02,02,1,2,040542004,16.5486,1,,1,1,1,1,ALFALFA,1401,3,3,000,0,0,0,1,1,1,0, 
2025,04,AREQUIPA,05,CAYLLOMA,18,TUTI,31850,01,01,1,2,040541003,3083.87,1,,1,1,2,1,AVENA FORRAJERA,2701,1,0,900,0,0,0,1,0,0,0, 
2025,04,AREQUIPA,05,CAYLLOMA,18,TUTI,31850,01,01,1,2,040541003,3083.87,1,,1,1,2,2,HABA,2942,1,0,500,0,0,0,1,0,0,0, 
2025,04,AREQUIPA,05,CAYLLOMA,19,YANQUE,31853,08,08,1,2,040531004,1.637413,1,,1,1,4,1,PAPA COLOR,2613,1,0,120,0,0,0,1,1,0,0, 
2025,04,AREQUIPA,05,CAYLLOMA,20,MAJES,31857,02,02,1,1,040521004,2.626957,1,,1,1,1,1,ZAPALLO,2345,1,2,100,0,0,1,0,0,0,0, 
2025,04,AREQUIPA,05,CAYLLOMA,20,MAJES,31862,04,04,1,1,040521004,9.923971,1,,1,1,1,1,CEBOLLA,2315,1,3,200,0,0,1,0,0,0,0, 
2025,04,AREQUIPA,05,CAYLLOMA,20,MAJES,31868,03,03,1,1,040521003,9.290653,1,,1,1,1,1,VAINITA,2948,1,1,000,0,0,1,0,0,0,0, 
2025,04,AREQUIPA,05,CAYLLOMA,20,MAJES,31877,01,01,1,1,040521003,.4299074,1,,1,1,1,1,FRIJOL SHINGO,2939,1,2,400,0,0,1,0,0,0,0, 
2025,04,AREQUIPA,05,CAYLLOMA,20,MAJES,31884,08,08,1,1,040521004,2.748439,1,,1,1,1,1,TOMATE,2342,1,1,000,0,0,1,0,0,0,0, 
2025,04,AREQUIPA,05,CAYLLOMA,20,MAJES,31884,08,08,1,1,040521004,2.748439,1,,1,1,2,1,MAIZ CHALA,2706,1,2,500,0,0,1,0,0,0,0, 
2025,04,AREQUIPA,05,CAYLLOMA,20,MAJES,31885,01,01,1,1,040522003,1.571043,1,,1,1,1,1,PEPINO FRUTA,2207,1,2,500,0,0,1,0,0,0,0, 
2025,04,AREQUIPA,05,CAYLLOMA,20,MAJES,31885,03,03,1,1,040522003,.1939674,1,,1,1,1,1,PEPINO FRUTA,2207,1,2,400,0,0,1,0,0,0,0, 
2025,04,AREQUIPA,05,CAYLLOMA,20,MAJES,31890,04,04,1,1,040521003,8.393601,1,,1,0,1,1,FRIJOL SHINGO,2939,1,2,700,0,0,1,0,0,0,0, 
2025,04,AREQUIPA,06,CONDESUYOS,01,CHUQUIBAMBA,31903,04,04,1,2,040631002,70.82233,1,,1,1,1,1,QUINUA,2111,1,0,125,0,0,0,0,0,0,1, 
2025,04,AREQUIPA,06,CONDESUYOS,01,CHUQUIBAMBA,31903,04,04,1,2,040631002,70.82233,1,,1,1,1,2,KIWICHA,2106,1,0,125,0,0,0,0,0,0,1, 
2025,04,AREQUIPA,06,CONDESUYOS,03,CAYARANI,31913,01,01,1,2,040653003,209.5758,1,,1,1,1,1,QUINUA,2111,1,0,330,0,0,0,1,1,0,0, 
2025,04,AREQUIPA,06,CONDESUYOS,03,CAYARANI,31913,01,01,1,2,040653003,209.5758,1,,1,1,2,1,QUINUA,2111,1,0,330,0,0,0,1,1,0,0, 
2025,04,AREQUIPA,06,CONDESUYOS,03,CAYARANI,31913,01,01,1,2,040653003,209.5758,1,,1,1,2,2,CAÑIHUA,2103,1,0,330,0,0,0,1,1,0,0, 
2025,04,AREQUIPA,06,CONDESUYOS,03,CAYARANI,31913,02,02,1,2,040653003,.8067731,1,,1,1,1,1,PAPA NATIVA,2615,1,0,025,0,0,0,1,1,0,0, 
2025,04,AREQUIPA,06,CONDESUYOS,03,CAYARANI,31913,02,02,1,2,040653003,.8067731,1,,1,1,1,2,CAÑIHUA,2103,1,0,005,0,0,0,1,1,0,0, 
2025,04,AREQUIPA,06,CONDESUYOS,03,CAYARANI,31913,02,02,1,2,040653003,.8067731,1,,1,1,1,3,QUINUA,2111,1,0,009,0,0,0,1,1,0,0, 
2025,04,AREQUIPA,06,CONDESUYOS,03,CAYARANI,31917,07,07,1,2,040641002,16.49888,1,,1,1,4,1,OCA,2608,1,0,020,0,0,1,1,0,0,0, 
2025,04,AREQUIPA,06,CONDESUYOS,03,CAYARANI,31919,01,01,1,2,040654002,347.5346,1,,1,1,1,1,QUINUA,2111,1,0,002,0,0,0,1,1,0,0, 
2025,04,AREQUIPA,06,CONDESUYOS,03,CAYARANI,31922,02,02,1,2,040641003,13.61099,1,,1,1,2,1,PAPA AMARILLA,2611,1,0,330,0,0,0,1,1,0,0, 
2025,04,AREQUIPA,06,CONDESUYOS,06,RIO GRANDE,31935,01,01,1,1,040611002,.5183812,1,,1,1,3,1,MAIZ MORADO,2110,1,0,500,0,1,0,0,0,0,0, 
2025,04,AREQUIPA,06,CONDESUYOS,06,RIO GRANDE,31937,02,02,1,1,040623002,2.78125,1,,1,0,1,1,MELOCOTONERO,1152,2,0,002,0,0,1,0,0,0,0, 
2025,04,AREQUIPA,06,CONDESUYOS,08,YANAQUIHUA,31946,02,02,1,2,040631003,1149.431,1,,1,1,5,1,ALFALFA,1401,3,120,000,1,0,0,0,0,0,0, 
2025,04,AREQUIPA,07,ISLAY,01,MOLLENDO,31948,02,02,1,1,040721004,5.414485,1,,1,0,1,1,TARA,1225,2,1,850,0,1,0,0,0,0,0, 
2025,04,AREQUIPA,07,ISLAY,01,MOLLENDO,31949,01,01,1,1,040721004,.0228582,1,,1,0,1,1,LECHUGA,2326,1,1,000,0,0,1,0,0,1,0, 
2025,04,AREQUIPA,07,ISLAY,01,MOLLENDO,31949,04,04,1,1,040721004,.8175323,1,,1,1,3,1,PAPA BLANCA,2612,1,1,000,0,0,1,0,0,1,0, 
2025,04,AREQUIPA,07,ISLAY,01,MOLLENDO,31949,11,11,1,1,040721004,5.561357,1,,1,0,1,1,ZANAHORIA,2344,1,2,000,0,1,0,0,0,0,0, 
2025,04,AREQUIPA,07,ISLAY,01,MOLLENDO,31950,05,05,1,1,040721002,.0572154,1,,1,1,3,1,PAPA BLANCA,2612,1,1,000,0,0,1,0,0,0,0, 
2025,04,AREQUIPA,07,ISLAY,01,MOLLENDO,31955,06,06,1,1,040721004,9.713227,1,,1,1,1,1,TOMATE,2342,1,1,500,0,0,0,0,0,1,0, 
2025,04,AREQUIPA,07,ISLAY,01,MOLLENDO,31955,06,06,1,1,040721004,9.713227,1,,1,1,1,2,SANDIA,2209,1,1,000,0,0,0,0,0,1,0, 
2025,04,AREQUIPA,07,ISLAY,03,DEAN VALDIVIA,31965,05,05,1,1,040711004,.013578,1,,1,0,1,1,CAMOTE,2603,1,0,015,0,0,1,0,0,0,0, 
2025,04,AREQUIPA,08,LA UNION,02,ALCA,31993,02,02,1,2,040832004,.7827929,1,,1,1,7,1,ALFALFA,1401,3,0,050,1,0,0,0,0,0,0, 
2025,04,AREQUIPA,08,LA UNION,02,ALCA,31993,05,05,1,2,040832004,.2884488,1,,1,1,6,1,ALFALFA,1401,3,0,500,1,0,0,0,0,0,0, 
2025,04,AREQUIPA,08,LA UNION,02,ALCA,31995,01,01,1,2,040831002,3.224379,1,,1,1,2,1,MAIZ AMILACEO,2108,1,0,100,1,0,0,0,0,0,0, 
2025,04,AREQUIPA,08,LA UNION,02,ALCA,31995,02,02,1,2,040831002,.0466557,1,,1,1,1,1,ALFALFA,1401,3,1,578,1,0,0,0,0,1,0, 
2025,04,AREQUIPA,08,LA UNION,02,ALCA,31996,03,03,1,2,040831003,4.775738,1,,1,1,5,1,MAIZ AMILACEO,2108,1,0,500,0,0,1,1,0,0,0, 
2025,04,AREQUIPA,08,LA UNION,02,ALCA,31996,04,04,1,2,040831003,.9584825,1,,1,1,5,1,MAIZ AMILACEO,2108,1,0,500,0,0,1,1,0,0,0, 
2025,04,AREQUIPA,08,LA UNION,04,HUAYNACOTAS,32000,04,04,1,2,040841002,16.30783,1,,1,1,5,1,MAIZ AMILACEO,2108,1,0,010,0,0,1,0,0,0,0, 
2025,04,AREQUIPA,08,LA UNION,04,HUAYNACOTAS,32002,01,01,1,2,040831003,30.47157,1,,1,1,1,1,PAPA BLANCA,2612,1,2,000,1,1,0,0,0,0,0, 
2025,04,AREQUIPA,08,LA UNION,04,HUAYNACOTAS,32003,06,06,1,2,040832003,44.81042,1,,1,1,3,1,PAPA BLANCA,2612,1,0,020,0,1,0,0,0,0,0, 
2025,04,AREQUIPA,08,LA UNION,04,HUAYNACOTAS,32003,08,08,1,2,040832003,23.5148,1,,1,1,4,1,QUINUA,2111,1,0,100,1,0,0,0,0,0,0, 
2025,04,AREQUIPA,08,LA UNION,04,HUAYNACOTAS,32003,11,11,1,2,040832003,15.53134,1,,1,1,3,1,QUINUA,2111,1,0,020,0,0,1,0,0,0,0, 
2025,04,AREQUIPA,08,LA UNION,05,PAMPAMARCA,32007,02,02,1,2,040842002,.0636643,1,,1,1,3,1,MAIZ AMILACEO,2108,1,0,270,0,0,1,0,0,0,1, 
2025,04,AREQUIPA,08,LA UNION,10,TOMEPAMPA,32023,01,01,1,2,040832002,12.55291,1,,1,1,1,1,ALFALFA,1401,3,1,212,1,0,0,0,0,0,0, 
2025,04,AREQUIPA,08,LA UNION,10,TOMEPAMPA,32023,02,02,1,2,040832002,.702145,1,,1,0,2,1,ALFALFA,1401,3,0,250,1,0,0,0,0,0,0, 
2025,04,AREQUIPA,08,LA UNION,11,TORO,32027,02,02,1,1,040823003,.8955441,1,,1,0,1,1,VID,1192,2,0,600,0,0,1,0,0,0,0, 
2025,04,AREQUIPA,08,LA UNION,11,TORO,32027,04,04,1,1,040823003,.8468286,1,,1,1,1,1,VID,1192,2,1,100,0,0,1,0,0,0,0, 
2025,05,AYACUCHO,01,HUAMANGA,01,AYACUCHO,32030,01,01,1,2,050131003,14.19555,1,,1,1,7,1,ARVEJA,2901,1,0,125,0,0,1,0,0,0,1, 
2025,05,AYACUCHO,01,HUAMANGA,01,AYACUCHO,32030,05,05,1,2,050131003,37.37634,1,,1,1,1,1,ARVEJA,2901,1,0,010,0,0,1,1,0,0,0, 
2025,05,AYACUCHO,01,HUAMANGA,01,AYACUCHO,32031,04,04,1,2,050132003,23.36933,1,,1,1,4,1,MAIZ AMILACEO,2108,1,0,125,1,0,0,0,0,0,0, 
2025,05,AYACUCHO,01,HUAMANGA,02,ACOCRO,32034,02,02,1,2,050131004,29.46788,1,,1,1,1,1,QUINUA,2111,1,0,300,0,0,1,0,0,0,0, 
2025,05,AYACUCHO,01,HUAMANGA,02,ACOCRO,32035,07,07,1,2,050141003,4.512967,1,,1,1,8,1,QUINUA,2111,1,0,500,0,0,0,0,0,0,1, 
2025,05,AYACUCHO,01,HUAMANGA,02,ACOCRO,32036,01,01,1,2,050141003,.7732543,1,,1,1,4,1,QUINUA,2111,1,0,500,0,0,1,0,0,0,0, 
2025,05,AYACUCHO,01,HUAMANGA,02,ACOCRO,32036,01,01,1,2,050141003,.7732543,1,,1,1,5,1,QUINUA,2111,1,0,500,0,0,1,0,0,0,0, 
2025,05,AYACUCHO,01,HUAMANGA,02,ACOCRO,32036,06,06,1,2,050141003,25.578,1,,1,1,6,1,QUINUA,2111,1,0,250,0,1,0,0,0,0,0, 
2025,05,AYACUCHO,01,HUAMANGA,02,ACOCRO,32039,12,12,1,2,050131003,9.380845,1,,1,1,3,1,TARHUI,2947,1,2,000,0,0,1,1,1,0,0, 
2025,05,AYACUCHO,01,HUAMANGA,02,ACOCRO,32040,01,01,1,2,050131003,33.41264,1,,1,1,1,1,QUINUA,2111,1,2,260,0,0,1,0,1,0,0, 
2025,05,AYACUCHO,01,HUAMANGA,02,ACOCRO,32040,02,02,1,2,050131003,29.70185,1,,1,0,1,1,TUNA FRUTA,1186,2,0,002,0,0,1,0,0,0,0, 
2025,05,AYACUCHO,01,HUAMANGA,02,ACOCRO,32040,04,04,1,2,050131003,103.8795,1,,1,1,2,1,TUNA FRUTA,1186,2,0,012,0,0,1,0,0,0,0, 
2025,05,AYACUCHO,01,HUAMANGA,02,ACOCRO,32040,05,05,1,2,050131003,57.22717,1,,1,1,1,1,TUNA FRUTA,1186,2,0,013,0,0,1,0,0,0,1, 
2025,05,AYACUCHO,01,HUAMANGA,02,ACOCRO,32040,06,06,1,2,050131003,4.645505,1,,1,0,1,1,TUNA FRUTA,1186,2,0,010,0,0,1,0,0,0,1, 
2025,05,AYACUCHO,01,HUAMANGA,02,ACOCRO,32040,12,12,1,2,050131003,.3214412,1,,1,0,1,1,TUNA FRUTA,1186,2,0,003,0,0,1,0,0,0,1, 
2025,05,AYACUCHO,01,HUAMANGA,02,ACOCRO,32047,01,01,1,2,050131003,70.39522,1,,1,1,4,1,QUINUA,2111,1,0,250,0,0,0,1,1,0,1, 
2025,05,AYACUCHO,01,HUAMANGA,02,ACOCRO,32047,01,01,1,2,050131003,70.39522,1,,1,1,6,1,PAPA BLANCA,2612,1,0,250,0,0,0,1,1,0,0, 
2025,05,AYACUCHO,01,HUAMANGA,02,ACOCRO,32047,02,02,1,2,050131003,10.51847,1,,1,1,3,1,ARVEJA,2901,1,0,002,0,0,0,0,1,0,0, 
2025,05,AYACUCHO,01,HUAMANGA,02,ACOCRO,32047,08,08,1,2,050131003,.8539816,1,,1,1,5,1,PAPA BLANCA,2612,1,0,250,0,0,1,0,0,0,0, 
2025,05,AYACUCHO,01,HUAMANGA,02,ACOCRO,32047,11,11,1,2,050131003,5.189326,1,,1,1,2,1,QUINUA,2111,1,0,100,0,0,0,1,1,0,0, 
2025,05,AYACUCHO,01,HUAMANGA,02,ACOCRO,32047,12,12,1,2,050131003,14.88072,1,,1,1,1,1,QUINUA,2111,1,600,000,0,0,0,0,0,0,1, 
2025,05,AYACUCHO,01,HUAMANGA,02,ACOCRO,32048,04,04,1,2,050141003,6.42049,1,,1,1,1,1,CEBADA GRANO,2104,1,0,077,0,0,1,1,1,0,0, 
2025,05,AYACUCHO,01,HUAMANGA,02,ACOCRO,32049,03,03,1,2,050131003,14.47204,1,,1,1,4,1,QUINUA,2111,1,1,500,0,0,0,0,1,0,0, 
2025,05,AYACUCHO,01,HUAMANGA,02,ACOCRO,32051,02,02,1,2,050133004,19.07886,1,,1,1,3,1,MAIZ AMILACEO,2108,1,0,200,0,0,1,0,0,0,0, 
2025,05,AYACUCHO,01,HUAMANGA,02,ACOCRO,32051,04,04,1,2,050133004,50.40086,1,,1,0,1,1,QUINUA,2111,1,0,500,1,0,0,0,1,0,0, 
2025,05,AYACUCHO,01,HUAMANGA,03,ACOS VINCHOS,32056,02,02,1,2,050131003,18.83904,1,,1,1,4,1,TARHUI,2947,1,0,375,0,0,1,1,0,0,1, 
2025,05,AYACUCHO,01,HUAMANGA,03,ACOS VINCHOS,32056,06,06,1,2,050131003,225.6596,1,,1,1,1,1,TARHUI,2947,1,1,087,0,0,1,0,0,0,0, 
2025,05,AYACUCHO,01,HUAMANGA,03,ACOS VINCHOS,32057,01,01,1,2,050131003,.0654992,1,,1,1,2,1,TARHUI,2947,1,0,125,0,0,1,0,1,0,0, 
2025,05,AYACUCHO,01,HUAMANGA,05,CHIARA,32063,02,02,1,2,050141003,13.55936,1,,1,1,3,1,PAPA BLANCA,2612,1,0,150,0,0,0,1,1,0,0, 
2025,05,AYACUCHO,01,HUAMANGA,05,CHIARA,32067,01,01,1,2,050141004,34.67206,1,,1,1,1,1,QUINUA,2111,1,2,020,0,0,1,1,0,0,0, 
2025,05,AYACUCHO,01,HUAMANGA,05,CHIARA,32073,03,03,1,2,050141003,11.52054,1,,1,1,2,1,PAPA AMARILLA,2611,1,0,100,0,0,0,1,1,0,0, 
2025,05,AYACUCHO,01,HUAMANGA,05,CHIARA,32075,02,02,1,2,050141003,64.79197,1,,1,1,1,1,QUINUA,2111,1,1,500,0,0,0,1,0,0,0, 
2025,05,AYACUCHO,01,HUAMANGA,06,OCROS,32078,01,01,1,2,050131003,3.924625,1,,1,0,1,1,TARHUI,2947,1,0,163,0,0,1,0,0,0,0, 
2025,05,AYACUCHO,01,HUAMANGA,06,OCROS,32083,08,08,1,2,050131003,5.054562,1,,1,1,1,1,MAIZ AMILACEO,2108,1,0,080,0,0,1,0,0,0,0, 
2025,05,AYACUCHO,01,HUAMANGA,06,OCROS,32083,08,08,1,2,050131003,5.054562,1,,1,1,5,1,PAPA AMARILLA,2611,1,0,125,0,1,1,0,0,0,0, 
2025,05,AYACUCHO,01,HUAMANGA,06,OCROS,32083,08,08,1,2,050131003,5.054562,1,,1,1,4,1,HABA,2942,1,0,125,0,0,1,0,0,0,0, 
2025,05,AYACUCHO,01,HUAMANGA,06,OCROS,32086,03,03,1,2,050131003,56.33238,1,,1,1,3,1,MAIZ AMILACEO,2108,1,0,345,0,0,1,0,0,0,0, 
2025,05,AYACUCHO,01,HUAMANGA,06,OCROS,32086,04,04,1,2,050131003,5.111198,1,,1,0,1,1,MAIZ AMILACEO,2108,1,0,087,0,0,1,0,0,0,0, 
2025,05,AYACUCHO,01,HUAMANGA,06,OCROS,32086,04,04,1,2,050131003,5.111198,1,,1,0,2,1,MAIZ AMILACEO,2108,1,0,171,0,0,1,0,0,0,0, 
2025,05,AYACUCHO,01,HUAMANGA,06,OCROS,32086,06,06,1,2,050131003,5.197969,1,,1,1,1,1,MAIZ AMILACEO,2108,1,0,061,0,0,1,0,0,0,0, 
2025,05,AYACUCHO,01,HUAMANGA,06,OCROS,32086,07,07,1,2,050131003,3.994056,1,,1,1,2,1,FRIJOL BLANCO,2907,1,0,100,0,0,1,0,0,0,0, 
2025,05,AYACUCHO,01,HUAMANGA,06,OCROS,32087,01,01,1,2,050132003,30.30208,1,,1,0,4,1,ARVEJA,2901,1,0,500,0,0,0,1,0,0,0, 
2025,05,AYACUCHO,01,HUAMANGA,06,OCROS,32087,03,03,1,2,050132003,11.31948,1,,1,1,2,1,MAIZ AMILACEO,2108,1,0,500,0,0,0,1,1,0,1, 
2025,05,AYACUCHO,01,HUAMANGA,06,OCROS,32087,05,05,1,2,050132003,17.0132,1,,1,1,8,1,MAIZ CHOCLO,2109,1,1,000,0,0,0,1,1,0,0, 
2025,05,AYACUCHO,01,HUAMANGA,06,OCROS,32087,06,06,1,2,050132003,19.09931,1,,1,1,2,1,MAIZ AMILACEO,2108,1,0,450,0,0,1,0,1,0,0, 
2025,05,AYACUCHO,01,HUAMANGA,06,OCROS,32087,07,07,1,2,050132003,23.67289,1,,1,1,1,1,MAIZ CHOCLO,2109,1,0,500,0,0,1,1,0,0,0, 
2025,05,AYACUCHO,01,HUAMANGA,08,QUINUA,32090,02,02,1,2,050131002,76.7226,1,,1,1,3,1,PAPA BLANCA,2612,1,0,125,0,0,0,1,1,0,0, 
2025,05,AYACUCHO,01,HUAMANGA,08,QUINUA,32090,02,02,1,2,050131002,76.7226,1,,1,1,2,1,PAPA BLANCA,2612,1,0,125,0,0,0,1,1,0,0, 
2025,05,AYACUCHO,01,HUAMANGA,08,QUINUA,32090,03,03,1,2,050131002,5.468592,1,,1,1,4,1,MAIZ AMILACEO,2108,1,0,250,0,0,0,1,0,0,0, 
2025,05,AYACUCHO,01,HUAMANGA,08,QUINUA,32090,03,03,1,2,050131002,5.468592,1,,1,1,2,1,MAIZ AMILACEO,2108,1,0,250,0,0,0,1,0,0,0, 
2025,05,AYACUCHO,01,HUAMANGA,08,QUINUA,32090,03,03,1,2,050131002,5.468592,1,,1,1,2,2,ARVEJA,2901,1,0,250,0,0,0,1,0,0,0, 
2025,05,AYACUCHO,01,HUAMANGA,08,QUINUA,32090,03,03,1,2,050131002,5.468592,1,,1,1,2,3,HABA,2942,1,0,250,0,0,0,1,0,0,0, 
2025,05,AYACUCHO,01,HUAMANGA,08,QUINUA,32091,06,06,1,2,050131003,14.85057,1,,1,1,1,1,PAPA BLANCA,2612,1,0,200,0,0,0,0,1,0,1, 
2025,05,AYACUCHO,01,HUAMANGA,08,QUINUA,32092,02,02,1,2,050131002,21.29621,1,,1,1,2,1,PAPA BLANCA,2612,1,1,000,0,0,0,1,1,0,0, 
2025,05,AYACUCHO,01,HUAMANGA,08,QUINUA,32092,03,03,1,2,050131002,101.5445,1,,1,1,4,1,TRIGO,2113,1,0,250,0,0,0,0,1,0,0, 
2025,05,AYACUCHO,01,HUAMANGA,08,QUINUA,32092,03,03,1,2,050131002,101.5445,1,,1,1,6,1,MAIZ AMILACEO,2108,1,0,250,0,0,0,0,1,0,0, 
2025,05,AYACUCHO,01,HUAMANGA,08,QUINUA,32092,03,03,1,2,050131002,101.5445,1,,1,1,7,1,MAIZ AMILACEO,2108,1,0,750,0,0,0,0,1,0,0, 
2025,05,AYACUCHO,01,HUAMANGA,08,QUINUA,32092,03,03,1,2,050131002,101.5445,1,,1,1,4,2,ARVEJA,2901,1,0,250,0,0,0,0,1,0,0, 
2025,05,AYACUCHO,01,HUAMANGA,08,QUINUA,32092,03,03,1,2,050131002,101.5445,1,,1,1,4,3,PAPA BLANCA,2612,1,0,250,0,0,0,0,1,0,0, 
2025,05,AYACUCHO,01,HUAMANGA,08,QUINUA,32092,04,04,1,2,050131002,27.2133,1,,1,1,4,1,MAIZ AMILACEO,2108,1,0,250,0,0,0,0,1,0,0, 
2025,05,AYACUCHO,01,HUAMANGA,08,QUINUA,32093,01,01,1,2,050131002,42.07627,1,,1,1,2,1,PALTO,1162,2,0,029,0,0,1,0,0,0,0, 
2025,05,AYACUCHO,01,HUAMANGA,09,SAN JOSE DE TICLLAS,32096,01,01,1,2,050134003,108.7904,1,,1,1,10,1,TARHUI,2947,1,2,000,0,0,0,0,0,0,1, 
2025,05,AYACUCHO,01,HUAMANGA,11,SANTIAGO DE PISCHA,32098,01,01,1,2,050143003,249.3277,1,,1,1,4,1,MAIZ AMILACEO,2108,1,0,125,0,0,0,1,1,0,0, 
2025,05,AYACUCHO,01,HUAMANGA,11,SANTIAGO DE PISCHA,32098,01,01,1,2,050143003,249.3277,1,,1,1,3,1,MAIZ AMILACEO,2108,1,0,250,0,0,0,1,1,0,0, 
2025,05,AYACUCHO,01,HUAMANGA,11,SANTIAGO DE PISCHA,32098,04,04,1,2,050143003,19.17455,1,,1,1,3,1,HABA,2942,1,1,000,0,0,0,0,1,0,0, 
2025,05,AYACUCHO,01,HUAMANGA,11,SANTIAGO DE PISCHA,32099,03,03,1,2,050141003,55.70607,1,,1,1,6,1,CHIRIMOYO,1121,2,0,020,0,0,0,0,0,1,0, 
2025,05,AYACUCHO,01,HUAMANGA,11,SANTIAGO DE PISCHA,32099,03,03,1,2,050141003,55.70607,1,,1,1,8,1,MAIZ AMILACEO,2108,1,0,250,0,0,0,0,1,0,0, 
2025,05,AYACUCHO,01,HUAMANGA,12,SOCOS,32109,02,02,1,2,050141002,172.6768,1,,1,1,1,1,PAPA BLANCA,2612,1,0,077,0,0,1,0,0,0,0, 
2025,05,AYACUCHO,01,HUAMANGA,12,SOCOS,32112,04,04,1,2,050141002,18.16089,1,,1,1,3,1,MAIZ AMILACEO,2108,1,0,030,0,0,1,0,1,0,0, 
2025,05,AYACUCHO,01,HUAMANGA,12,SOCOS,32112,06,06,1,2,050141002,59.92671,1,,1,1,8,1,MAIZ AMILACEO,2108,1,0,010,0,0,1,1,0,0,0, 
2025,05,AYACUCHO,01,HUAMANGA,12,SOCOS,32112,09,09,1,2,050141002,38.51745,1,,1,0,6,1,MAIZ AMILACEO,2108,1,0,062,0,0,1,0,0,0,0, 
2025,05,AYACUCHO,01,HUAMANGA,12,SOCOS,32112,10,10,1,2,050141002,14.53159,1,,1,0,8,1,MAIZ AMILACEO,2108,1,0,062,0,0,1,0,0,0,0, 
2025,05,AYACUCHO,01,HUAMANGA,12,SOCOS,32112,10,10,1,2,050141002,14.53159,1,,1,0,7,1,MAIZ AMILACEO,2108,1,0,125,0,0,0,1,0,0,0, 
2025,05,AYACUCHO,01,HUAMANGA,13,TAMBILLO,32113,02,02,1,2,050132004,27.64242,1,,1,1,5,1,QUINUA,2111,1,7,000,0,0,1,0,0,0,1, 
2025,05,AYACUCHO,01,HUAMANGA,13,TAMBILLO,32113,02,02,1,2,050132004,27.64242,1,,1,1,4,1,MAIZ AMILACEO,2108,1,0,250,0,0,1,0,0,0,1, 
2025,05,AYACUCHO,01,HUAMANGA,13,TAMBILLO,32113,03,03,1,2,050132004,7.298175,1,,1,1,3,1,QUINUA,2111,1,0,250,0,0,0,0,0,0,1, 
2025,05,AYACUCHO,01,HUAMANGA,13,TAMBILLO,32113,03,03,1,2,050132004,7.298175,1,,1,1,1,1,QUINUA,2111,1,0,500,0,0,0,0,0,0,1, 
2025,05,AYACUCHO,01,HUAMANGA,13,TAMBILLO,32113,03,03,1,2,050132004,7.298175,1,,1,1,1,2,PAPA BLANCA,2612,1,0,250,0,0,0,0,0,0,1, 
2025,05,AYACUCHO,01,HUAMANGA,13,TAMBILLO,32113,05,05,1,2,050132004,.322755,1,,1,1,2,1,QUINUA,2111,1,1,000,0,0,0,1,0,0,1, 
2025,05,AYACUCHO,01,HUAMANGA,13,TAMBILLO,32113,12,12,1,2,050132004,.4313861,1,,1,1,4,1,MAIZ AMILACEO,2108,1,0,250,0,0,1,0,0,0,0, 
2025,05,AYACUCHO,01,HUAMANGA,13,TAMBILLO,32114,03,03,1,2,050132003,181.5415,1,,1,1,1,1,PAPA BLANCA,2612,1,0,500,0,0,1,0,0,0,1, 
2025,05,AYACUCHO,01,HUAMANGA,13,TAMBILLO,32114,03,03,1,2,050132003,181.5415,1,,1,1,1,2,QUINUA,2111,1,0,500,0,0,0,1,1,0,1, 
2025,05,AYACUCHO,01,HUAMANGA,13,TAMBILLO,32117,07,07,1,2,050131004,7.464184,1,,1,1,5,1,QUINUA,2111,1,1,000,0,1,0,0,1,0,0, 
2025,05,AYACUCHO,01,HUAMANGA,13,TAMBILLO,32117,09,09,1,2,050131004,7.609773,1,,1,1,1,1,QUINUA,2111,1,0,750,0,0,0,0,1,0,0, 
2025,05,AYACUCHO,01,HUAMANGA,13,TAMBILLO,32119,01,01,1,2,050132003,47.74241,1,,1,1,1,1,PALTO,1162,2,0,005,0,0,1,0,0,0,0, 
2025,05,AYACUCHO,01,HUAMANGA,13,TAMBILLO,32119,02,02,1,2,050132003,55.65358,1,,1,1,1,1,MELOCOTONERO,1152,2,0,010,0,0,1,0,0,0,0, 
2025,05,AYACUCHO,01,HUAMANGA,13,TAMBILLO,32120,03,03,1,2,050141003,14.94038,1,,1,1,2,1,QUINUA,2111,1,1,000,0,0,0,0,0,0,1, 
2025,05,AYACUCHO,01,HUAMANGA,13,TAMBILLO,32120,08,08,1,2,050141003,5.087594,1,,1,1,3,1,QUINUA,2111,1,0,500,0,0,1,0,0,0,1, 
2025,05,AYACUCHO,01,HUAMANGA,14,VINCHOS,32121,02,02,1,2,050151004,2.180453,1,,1,1,5,1,LINAZA,2819,1,0,125,0,0,0,1,1,1,0, 
2025,05,AYACUCHO,01,HUAMANGA,14,VINCHOS,32121,02,02,1,2,050151004,2.180453,1,,1,1,5,2,QUINUA,2111,1,0,125,0,0,0,1,1,1,0, 
2025,05,AYACUCHO,01,HUAMANGA,14,VINCHOS,32122,06,06,1,2,050133003,29.36537,1,,1,1,5,1,MAIZ AMILACEO,2108,1,0,020,0,0,0,1,1,0,0, 
2025,05,AYACUCHO,01,HUAMANGA,14,VINCHOS,32122,06,06,1,2,050133003,29.36537,1,,1,1,6,1,PAPA AMARILLA,2611,1,1,000,0,0,0,1,1,0,0, 
2025,05,AYACUCHO,01,HUAMANGA,14,VINCHOS,32126,04,04,1,2,050143004,49.21561,1,,1,1,1,1,OLLUCO,2609,1,1,000,0,0,0,1,0,0,0, 
2025,05,AYACUCHO,01,HUAMANGA,14,VINCHOS,32126,09,09,1,2,050143004,92.54266,1,,1,1,2,1,OLLUCO,2609,1,0,125,0,0,0,1,1,0,0, 
2025,05,AYACUCHO,01,HUAMANGA,14,VINCHOS,32127,01,01,1,2,050143003,27.83353,1,,1,1,4,1,PAPA NATIVA,2615,1,0,125,0,0,0,1,1,0,0, 
2025,05,AYACUCHO,01,HUAMANGA,14,VINCHOS,32128,03,03,1,2,050141003,106.8198,1,,1,1,9,1,PAPA BLANCA,2612,1,1,000,0,0,1,1,0,0,0, 
2025,05,AYACUCHO,01,HUAMANGA,14,VINCHOS,32128,04,04,1,2,050141003,22.98335,1,,1,0,7,1,ARVEJA,2901,1,0,500,0,0,1,0,0,0,0, 
2025,05,AYACUCHO,01,HUAMANGA,14,VINCHOS,32133,02,02,1,2,050141003,7.087082,1,,1,1,2,1,PAPA BLANCA,2612,1,0,500,0,0,0,1,1,0,0, 
2025,05,AYACUCHO,01,HUAMANGA,14,VINCHOS,32133,04,04,1,2,050141003,159.6656,1,,1,1,3,1,ARVEJA,2901,1,0,100,0,0,1,1,1,0,0, 
2025,05,AYACUCHO,01,HUAMANGA,14,VINCHOS,32133,08,08,1,2,050141003,1.529982,1,,1,1,1,1,ARVEJA,2901,1,0,170,0,0,0,1,1,0,0, 
2025,05,AYACUCHO,01,HUAMANGA,14,VINCHOS,32133,08,08,1,2,050141003,1.529982,1,,1,1,5,1,PAPA BLANCA,2612,1,0,500,0,0,1,1,0,0,0, 
2025,05,AYACUCHO,01,HUAMANGA,14,VINCHOS,32137,01,01,1,2,050131003,107.4345,1,,1,1,2,1,QUINUA,2111,1,2,000,0,0,0,0,1,0,0, 
2025,05,AYACUCHO,01,HUAMANGA,14,VINCHOS,32137,03,03,1,2,050131003,178.9897,1,,1,1,1,1,ZANAHORIA,2344,1,0,500,0,0,0,0,1,0,0, 
2025,05,AYACUCHO,01,HUAMANGA,14,VINCHOS,32137,03,03,1,2,050131003,178.9897,1,,1,1,5,1,ZANAHORIA,2344,1,2,000,0,0,0,0,1,0,0, 
2025,05,AYACUCHO,01,HUAMANGA,14,VINCHOS,32137,03,03,1,2,050131003,178.9897,1,,1,1,7,1,PAPA BLANCA,2612,1,1,250,0,0,0,0,1,0,0, 
2025,05,AYACUCHO,01,HUAMANGA,14,VINCHOS,32137,05,05,1,2,050131003,19.70301,1,,1,1,4,1,PAPA BLANCA,2612,1,0,750,0,0,0,1,1,0,0, 
2025,05,AYACUCHO,01,HUAMANGA,14,VINCHOS,32138,06,06,1,2,050153003,4.791292,1,,1,1,5,1,PAPA BLANCA,2612,1,0,250,0,0,1,1,1,0,0, 
2025,05,AYACUCHO,01,HUAMANGA,16,ANDRÉS AVELINO CÁCERES DORREGARAY,32139,01,01,1,2,050131004,7.025144,1,,1,1,1,1,MELOCOTONERO,1152,2,0,001,0,0,1,0,0,0,0, 
2025,05,AYACUCHO,02,CANGALLO,01,CANGALLO,32141,07,07,1,2,050231003,17.39823,1,,1,1,4,1,TARHUI,2947,1,1,000,0,0,0,0,1,0,0, 
2025,05,AYACUCHO,02,CANGALLO,01,CANGALLO,32143,03,03,1,2,050241003,.1680286,1,,1,0,4,1,MAIZ AMILACEO,2108,1,0,125,0,1,0,0,0,0,1, 
2025,05,AYACUCHO,02,CANGALLO,01,CANGALLO,32146,04,04,1,2,050232003,.613652,1,,1,1,4,1,PAPA BLANCA,2612,1,0,125,0,0,1,0,0,0,0, 
2025,05,AYACUCHO,02,CANGALLO,01,CANGALLO,32147,04,04,1,2,050232003,6.427612,1,,1,0,12,1,QUINUA,2111,1,0,500,0,1,0,0,0,0,0, 
2025,05,AYACUCHO,02,CANGALLO,01,CANGALLO,32147,04,04,1,2,050232003,6.427612,1,,1,0,11,1,QUINUA,2111,1,1,000,0,1,0,0,0,0,0, 
2025,05,AYACUCHO,02,CANGALLO,01,CANGALLO,32147,04,04,1,2,050232003,6.427612,1,,1,0,3,1,CEBADA GRANO,2104,1,0,500,0,1,0,0,0,0,0, 
2025,05,AYACUCHO,02,CANGALLO,01,CANGALLO,32147,07,07,1,2,050232003,.2648508,1,,1,1,1,1,CEBADA GRANO,2104,1,0,300,0,0,1,0,0,0,0, 
2025,05,AYACUCHO,02,CANGALLO,01,CANGALLO,32149,01,01,1,2,050231003,58.40604,1,,1,0,3,1,MELOCOTONERO,1152,2,0,070,0,0,1,0,0,0,0, 
2025,05,AYACUCHO,02,CANGALLO,01,CANGALLO,32149,03,03,1,2,050231003,19.38797,1,,1,0,1,1,TARA,1225,2,0,100,1,0,0,0,0,0,0, 
2025,05,AYACUCHO,02,CANGALLO,01,CANGALLO,32149,04,04,1,2,050231003,58.26109,1,,1,1,1,1,MELOCOTONERO,1152,2,0,015,0,0,1,0,0,0,0, 
2025,05,AYACUCHO,02,CANGALLO,01,CANGALLO,32149,04,04,1,2,050231003,58.26109,1,,1,1,3,1,PALTO,1162,2,0,380,0,0,1,0,0,0,0, 
2025,05,AYACUCHO,02,CANGALLO,01,CANGALLO,32149,04,04,1,2,050231003,58.26109,1,,1,1,2,1,MELOCOTONERO,1152,2,0,200,0,0,1,0,0,0,0, 
2025,05,AYACUCHO,02,CANGALLO,01,CANGALLO,32150,02,02,1,2,050231003,10.43436,1,,1,1,2,1,MANZANO,1149,2,0,002,0,0,1,0,0,0,0, 
2025,05,AYACUCHO,02,CANGALLO,01,CANGALLO,32150,05,05,1,2,050231003,21.07566,1,,1,1,1,1,PACAE,1159,2,0,002,0,0,1,0,0,0,0, 
2025,05,AYACUCHO,02,CANGALLO,02,CHUSCHI,32153,06,06,1,2,050241003,3.478765,1,,1,1,2,1,PAPA AMARILLA,2611,1,0,179,0,0,0,1,0,0,0, 
2025,05,AYACUCHO,02,CANGALLO,02,CHUSCHI,32154,07,07,1,2,050241003,7.508221,1,,1,1,3,1,PAPA AMARILLA,2611,1,0,246,0,0,0,1,1,0,0, 
2025,05,AYACUCHO,02,CANGALLO,02,CHUSCHI,32156,01,01,1,2,050243002,.6091734,1,,1,1,1,1,OCA,2608,1,0,062,0,0,0,1,0,0,0, 
2025,05,AYACUCHO,02,CANGALLO,02,CHUSCHI,32156,01,01,1,2,050243002,.6091734,1,,1,1,1,2,PAPA NATIVA,2615,1,0,125,0,0,0,1,0,0,0, 
2025,05,AYACUCHO,02,CANGALLO,02,CHUSCHI,32159,05,05,1,2,050231003,375.9802,1,,1,1,3,1,MAIZ AMILACEO,2108,1,0,060,0,0,1,0,0,0,0, 
2025,05,AYACUCHO,02,CANGALLO,02,CHUSCHI,32159,06,06,1,2,050231003,1.45167,1,,1,0,1,1,TARA,1225,2,0,001,0,0,1,0,0,0,0, 
2025,05,AYACUCHO,02,CANGALLO,02,CHUSCHI,32161,01,01,1,2,050241003,1.35445,1,,1,1,2,1,PAPA NATIVA,2615,1,0,020,0,0,0,1,1,0,0, 
2025,05,AYACUCHO,02,CANGALLO,02,CHUSCHI,32161,01,01,1,2,050241003,1.35445,1,,1,1,2,2,HABA,2942,1,0,020,0,0,0,1,1,0,0, 
2025,05,AYACUCHO,02,CANGALLO,02,CHUSCHI,32161,03,03,1,2,050241003,.2180262,1,,1,1,3,1,PAPA BLANCA,2612,1,0,125,0,0,0,1,1,0,0, 
2025,05,AYACUCHO,02,CANGALLO,02,CHUSCHI,32161,03,03,1,2,050241003,.2180262,1,,1,1,5,1,PAPA NATIVA,2615,1,0,035,0,0,0,1,1,0,0, 
2025,05,AYACUCHO,02,CANGALLO,02,CHUSCHI,32161,03,03,1,2,050241003,.2180262,1,,1,1,5,2,OCA,2608,1,0,040,0,0,0,1,1,0,0, 
2025,05,AYACUCHO,02,CANGALLO,02,CHUSCHI,32161,03,03,1,2,050241003,.2180262,1,,1,1,5,3,OLLUCO,2609,1,0,035,0,0,0,1,1,0,0, 
2025,05,AYACUCHO,02,CANGALLO,02,CHUSCHI,32162,01,01,1,2,050253003,10.9378,1,,1,1,3,1,AVENA FORRAJERA,2701,1,1,000,0,0,0,1,0,0,0, 
2025,05,AYACUCHO,02,CANGALLO,03,LOS MOROCHUCOS,32168,01,01,1,2,050232003,90.33552,1,,1,1,5,1,QUINUA,2111,1,1,000,0,0,0,1,0,0,0, 
2025,05,AYACUCHO,02,CANGALLO,03,LOS MOROCHUCOS,32168,01,01,1,2,050232003,90.33552,1,,1,1,5,2,PAPA BLANCA,2612,1,0,500,0,0,0,1,0,0,0, 
2025,05,AYACUCHO,02,CANGALLO,03,LOS MOROCHUCOS,32169,04,04,1,2,050232002,.1280722,1,,1,1,1,1,MAIZ AMILACEO,2108,1,0,050,0,0,0,1,0,0,0, 
2025,05,AYACUCHO,02,CANGALLO,03,LOS MOROCHUCOS,32169,04,04,1,2,050232002,.1280722,1,,1,1,1,2,HABA,2942,1,0,025,0,0,0,1,0,0,0, 
2025,05,AYACUCHO,02,CANGALLO,03,LOS MOROCHUCOS,32169,04,04,1,2,050232002,.1280722,1,,1,1,1,3,ARVEJA,2901,1,0,025,0,0,0,1,0,0,0, 
2025,05,AYACUCHO,02,CANGALLO,03,LOS MOROCHUCOS,32170,01,01,1,2,050231002,456.2018,1,,1,1,1,1,MAIZ AMILACEO,2108,1,0,154,0,0,0,1,0,0,1, 
2025,05,AYACUCHO,02,CANGALLO,03,LOS MOROCHUCOS,32170,02,02,1,2,050231002,37.85842,1,,1,1,3,1,MAIZ AMILACEO,2108,1,0,125,0,0,0,1,0,0,0, 
2025,05,AYACUCHO,02,CANGALLO,03,LOS MOROCHUCOS,32170,02,02,1,2,050231002,37.85842,1,,1,1,2,1,MAIZ AMILACEO,2108,1,0,125,0,0,0,1,0,0,1, 
2025,05,AYACUCHO,02,CANGALLO,03,LOS MOROCHUCOS,32170,03,03,1,2,050231002,105.6706,1,,1,0,1,1,MAIZ AMILACEO,2108,1,0,190,0,0,0,1,0,0,1, 
2025,05,AYACUCHO,02,CANGALLO,03,LOS MOROCHUCOS,32170,04,04,1,2,050231002,48.08696,1,,1,1,4,1,MAIZ AMILACEO,2108,1,0,250,0,0,0,1,1,0,0, 
2025,05,AYACUCHO,02,CANGALLO,03,LOS MOROCHUCOS,32170,04,04,1,2,050231002,48.08696,1,,1,1,5,1,MAIZ AMILACEO,2108,1,0,025,0,0,0,1,1,0,0, 
2025,05,AYACUCHO,02,CANGALLO,03,LOS MOROCHUCOS,32171,11,11,1,2,050231003,22.85847,1,,1,1,5,1,QUINUA,2111,1,0,250,0,0,1,1,1,0,0, 
2025,05,AYACUCHO,02,CANGALLO,03,LOS MOROCHUCOS,32174,09,09,1,2,050231003,5.014431,1,,1,1,4,1,MAIZ AMILACEO,2108,1,0,250,0,0,0,1,0,0,0, 
2025,05,AYACUCHO,02,CANGALLO,03,LOS MOROCHUCOS,32178,02,02,1,2,050231004,5.078424,1,,1,1,5,1,MAIZ AMILACEO,2108,1,0,065,0,0,0,1,0,0,0, 
2025,05,AYACUCHO,02,CANGALLO,03,LOS MOROCHUCOS,32178,05,05,1,2,050231004,9.320346,1,,1,1,3,1,PAPA BLANCA,2612,1,0,125,0,1,0,0,0,0,0, 
2025,05,AYACUCHO,02,CANGALLO,03,LOS MOROCHUCOS,32178,07,07,1,2,050231004,18.019,1,,1,1,3,1,CEBADA GRANO,2104,1,0,400,0,0,1,0,0,0,0, 
2025,05,AYACUCHO,02,CANGALLO,03,LOS MOROCHUCOS,32178,08,08,1,2,050231004,20.75171,1,,1,1,3,1,CEBADA GRANO,2104,1,0,300,0,1,0,1,0,0,0, 
2025,05,AYACUCHO,02,CANGALLO,03,LOS MOROCHUCOS,32178,08,08,1,2,050231004,20.75171,1,,1,1,4,1,CEBADA GRANO,2104,1,0,250,0,1,0,0,0,0,1, 
2025,05,AYACUCHO,02,CANGALLO,03,LOS MOROCHUCOS,32178,08,08,1,2,050231004,20.75171,1,,1,1,5,1,MAIZ AMILACEO,2108,1,0,375,0,0,0,1,0,0,0, 
2025,05,AYACUCHO,02,CANGALLO,03,LOS MOROCHUCOS,32178,08,08,1,2,050231004,20.75171,1,,1,1,2,1,MAIZ AMILACEO,2108,1,0,125,0,0,0,1,0,0,0, 
2025,05,AYACUCHO,02,CANGALLO,03,LOS MOROCHUCOS,32178,12,12,1,2,050231004,5.993681,1,,1,1,5,1,AVENA FORRAJERA,2701,1,0,250,0,0,0,1,0,0,1, 
2025,05,AYACUCHO,02,CANGALLO,03,LOS MOROCHUCOS,32178,12,12,1,2,050231004,5.993681,1,,1,1,7,1,PAPA BLANCA,2612,1,0,062,0,0,0,1,0,0,1, 
2025,05,AYACUCHO,02,CANGALLO,03,LOS MOROCHUCOS,32178,13,13,1,2,050231004,17.16252,1,,1,1,2,1,MAIZ AMILACEO,2108,1,0,062,0,0,0,1,0,0,0, 
2025,05,AYACUCHO,02,CANGALLO,03,LOS MOROCHUCOS,32178,13,13,1,2,050231004,17.16252,1,,1,1,5,1,MAIZ AMILACEO,2108,1,0,125,0,0,0,1,1,0,0, 
2025,05,AYACUCHO,02,CANGALLO,03,LOS MOROCHUCOS,32178,16,16,1,2,050231004,8.538421,1,,1,1,3,1,MAIZ AMILACEO,2108,1,0,250,0,0,0,1,1,0,1, 
2025,05,AYACUCHO,02,CANGALLO,03,LOS MOROCHUCOS,32178,16,16,1,2,050231004,8.538421,1,,1,1,5,1,MAIZ AMILACEO,2108,1,0,250,0,0,0,1,1,0,1, 
2025,05,AYACUCHO,02,CANGALLO,03,LOS MOROCHUCOS,32178,16,16,1,2,050231004,8.538421,1,,1,1,6,1,MAIZ AMILACEO,2108,1,0,500,0,0,0,1,1,0,1, 
2025,05,AYACUCHO,02,CANGALLO,03,LOS MOROCHUCOS,32178,16,16,1,2,050231004,8.538421,1,,1,1,4,1,MAIZ AMILACEO,2108,1,0,250,0,0,0,1,1,0,1, 
2025,05,AYACUCHO,02,CANGALLO,03,LOS MOROCHUCOS,32178,16,16,1,2,050231004,8.538421,1,,1,1,6,2,QUINUA,2111,1,0,500,0,0,0,1,1,0,1, 
2025,05,AYACUCHO,02,CANGALLO,03,LOS MOROCHUCOS,32179,04,04,1,2,050243003,6.196671,1,,1,1,3,1,QUINUA,2111,1,1,000,0,0,0,1,0,0,0, 
2025,05,AYACUCHO,02,CANGALLO,03,LOS MOROCHUCOS,32181,08,08,1,2,050231003,74.11658,1,,1,1,7,1,CEBADA GRANO,2104,1,0,250,0,0,0,1,1,0,0, 
2025,05,AYACUCHO,02,CANGALLO,03,LOS MOROCHUCOS,32182,03,03,1,2,050241003,39.01875,1,,1,1,1,1,CAPULI,1113,2,0,009,0,0,0,1,1,0,0, 
2025,05,AYACUCHO,02,CANGALLO,03,LOS MOROCHUCOS,32182,04,04,1,2,050241003,23.03667,1,,1,1,1,1,CAPULI,1113,2,0,002,0,0,1,0,0,0,0, 
2025,05,AYACUCHO,02,CANGALLO,03,LOS MOROCHUCOS,32184,02,02,1,2,050241003,49.56633,1,,1,1,2,1,PAPA BLANCA,2612,1,4,000,0,0,0,1,0,0,0, 
2025,05,AYACUCHO,02,CANGALLO,04,MARIA PARADO DE BELLIDO,32186,03,03,1,2,050241002,.4254049,1,,1,0,2,1,PAPA BLANCA,2612,1,0,075,0,0,0,1,0,0,0, 
2025,05,AYACUCHO,02,CANGALLO,04,MARIA PARADO DE BELLIDO,32186,03,03,1,2,050241002,.4254049,1,,1,0,1,1,PAPA BLANCA,2612,1,0,161,0,0,0,1,0,0,0, 
2025,05,AYACUCHO,02,CANGALLO,04,MARIA PARADO DE BELLIDO,32188,01,01,1,2,050241003,6.873894,1,,1,1,3,1,PAPA BLANCA,2612,1,0,020,0,0,0,1,0,0,0, 
2025,05,AYACUCHO,02,CANGALLO,04,MARIA PARADO DE BELLIDO,32188,05,05,1,2,050241003,13.43061,1,,1,1,4,1,PAPA BLANCA,2612,1,0,450,0,0,0,1,0,0,0, 
2025,05,AYACUCHO,02,CANGALLO,04,MARIA PARADO DE BELLIDO,32188,07,07,1,2,050241003,17.25401,1,,1,1,5,1,PAPA BLANCA,2612,1,0,500,0,0,0,1,0,0,0, 
2025,05,AYACUCHO,02,CANGALLO,04,MARIA PARADO DE BELLIDO,32189,07,07,1,2,050231003,43.00715,1,,1,1,3,1,HABA,2942,1,0,500,0,0,1,1,1,0,0, 
2025,05,AYACUCHO,02,CANGALLO,04,MARIA PARADO DE BELLIDO,32189,07,07,1,2,050231003,43.00715,1,,1,1,1,1,ARVEJA,2901,1,0,059,0,0,1,1,1,0,0, 
2025,05,AYACUCHO,02,CANGALLO,04,MARIA PARADO DE BELLIDO,32189,07,07,1,2,050231003,43.00715,1,,1,1,3,2,ARVEJA,2901,1,0,250,0,0,1,1,1,0,0, 
2025,05,AYACUCHO,02,CANGALLO,05,PARAS,32197,01,01,1,2,050231003,1.72539,1,,1,1,2,1,MELOCOTONERO,1152,2,0,001,0,0,1,0,0,0,0, 
2025,05,AYACUCHO,02,CANGALLO,05,PARAS,32197,01,01,1,2,050231003,1.72539,1,,1,1,1,1,MELOCOTONERO,1152,2,0,004,0,0,1,0,0,0,0, 
2025,05,AYACUCHO,02,CANGALLO,05,PARAS,32197,01,01,1,2,050231003,1.72539,1,,1,1,1,2,CAPULI,1113,2,0,001,0,0,1,0,0,0,0, 
2025,05,AYACUCHO,02,CANGALLO,05,PARAS,32197,06,06,1,2,050231003,11.90903,1,,1,1,1,1,ALFALFA,1401,3,0,259,0,0,1,0,0,0,0, 
2025,05,AYACUCHO,02,CANGALLO,05,PARAS,32197,06,06,1,2,050231003,11.90903,1,,1,1,1,2,MELOCOTONERO,1152,2,0,004,0,0,1,0,0,0,0, 
2025,05,AYACUCHO,02,CANGALLO,05,PARAS,32197,06,06,1,2,050231003,11.90903,1,,1,1,1,3,CAPULI,1113,2,0,002,0,0,1,0,0,0,1, 
2025,05,AYACUCHO,02,CANGALLO,05,PARAS,32197,07,07,1,2,050231003,12.5477,1,,1,0,1,1,CAPULI,1113,2,0,002,0,0,1,0,0,0,1, 
2025,05,AYACUCHO,02,CANGALLO,05,PARAS,32197,08,08,1,2,050231003,8.454283,1,,1,1,1,1,TUNA FRUTA,1186,2,0,002,0,0,1,0,0,0,1, 
2025,05,AYACUCHO,02,CANGALLO,06,TOTOS,32198,02,02,1,2,050241003,158.7,1,,1,1,2,1,CAPULI,1113,2,0,012,0,0,1,0,0,0,0, 
2025,05,AYACUCHO,02,CANGALLO,06,TOTOS,32198,02,02,1,2,050241003,158.7,1,,1,1,1,1,CAPULI,1113,2,0,012,0,0,1,0,0,0,0, 
2025,05,AYACUCHO,02,CANGALLO,06,TOTOS,32198,03,03,1,2,050241003,5.143605,1,,1,1,4,1,PAPA BLANCA,2612,1,1,000,0,0,1,1,0,0,0, 
2025,05,AYACUCHO,02,CANGALLO,06,TOTOS,32200,08,08,1,2,050231003,122.6901,1,,1,0,1,1,TUNA FRUTA,1186,2,0,030,0,0,1,0,0,0,0, 
2025,05,AYACUCHO,03,HUANCA SANCOS,01,SANCOS,32201,02,02,1,2,050331004,.0032756,1,,1,1,2,1,MAIZ AMILACEO,2108,1,0,025,0,0,0,1,0,0,1, 
2025,05,AYACUCHO,03,HUANCA SANCOS,01,SANCOS,32206,05,05,1,2,050332002,.0135463,1,,1,1,1,1,MAIZ AMILACEO,2108,1,0,010,0,0,0,1,0,0,0, 
2025,05,AYACUCHO,03,HUANCA SANCOS,02,CARAPO,32208,04,04,1,2,050331003,64.93359,1,,1,1,2,1,ARVEJA,2901,1,0,400,0,0,1,1,0,1,0, 
2025,05,AYACUCHO,03,HUANCA SANCOS,04,SANTIAGO DE LUCANAMARCA,32213,02,02,1,2,050331003,64.95094,1,,1,1,14,1,PAPA BLANCA,2612,1,0,250,0,0,1,1,0,0,0, 
2025,05,AYACUCHO,04,HUANTA,01,HUANTA,32220,01,01,1,2,050431002,24.00222,1,,1,1,1,1,LUCUMO,1143,3,0,006,0,0,1,0,0,0,0, 
2025,05,AYACUCHO,04,HUANTA,01,HUANTA,32220,02,02,1,2,050431002,59.9432,1,,1,1,3,1,PACAE,1159,2,0,015,0,0,1,0,0,0,0, 
2025,05,AYACUCHO,04,HUANTA,01,HUANTA,32220,03,03,1,2,050431002,78.68398,1,,1,0,1,1,PACAE,1159,2,0,015,0,0,1,0,0,0,0, 
2025,05,AYACUCHO,04,HUANTA,01,HUANTA,32220,03,03,1,2,050431002,78.68398,1,,1,0,2,1,PACAE,1159,2,0,045,0,0,1,0,0,0,0, 
2025,05,AYACUCHO,04,HUANTA,02,AYAHUANCO,32225,04,04,1,2,050472003,1.129464,1,,1,0,1,1,TUNA FRUTA,1186,2,0,337,0,0,0,0,0,1,0, 
2025,05,AYACUCHO,04,HUANTA,02,AYAHUANCO,32225,13,13,1,2,050472003,2.804934,1,,1,1,5,1,LUCUMO,1143,3,0,100,0,0,1,0,0,0,0, 
2025,05,AYACUCHO,04,HUANTA,02,AYAHUANCO,32226,01,01,1,2,050432003,1.334456,1,,1,1,4,1,MELOCOTONERO,1152,2,0,080,0,0,1,0,0,0,0, 
2025,05,AYACUCHO,04,HUANTA,02,AYAHUANCO,32226,10,10,1,2,050432003,2.778878,1,,1,1,4,1,MAIZ AMILACEO,2108,1,0,125,0,0,1,0,0,1,0, 
2025,05,AYACUCHO,04,HUANTA,03,HUAMANGUILLA,32228,04,04,1,2,050432003,31.6182,1,,1,1,2,1,KIWICHA,2106,1,0,250,0,0,1,0,0,0,0, 
2025,05,AYACUCHO,04,HUANTA,03,HUAMANGUILLA,32230,02,02,1,2,050441004,.8623834,1,,1,1,7,1,ARVEJA,2901,1,0,250,0,0,0,1,1,0,0, 
2025,05,AYACUCHO,04,HUANTA,03,HUAMANGUILLA,32232,01,01,1,2,050431002,117.4784,1,,1,1,1,1,HABA,2942,1,0,032,0,0,0,0,1,0,0, 
2025,05,AYACUCHO,04,HUANTA,03,HUAMANGUILLA,32232,02,02,1,2,050431002,140.5027,1,,1,0,1,1,MAIZ AMILACEO,2108,1,0,125,0,0,0,0,1,0,0, 
2025,05,AYACUCHO,04,HUANTA,04,IGUAIN,32233,05,05,1,2,050433003,1.340473,1,,1,1,2,1,FRIJOL GUINDA,2915,1,0,100,0,0,0,0,0,0,1, 
2025,05,AYACUCHO,04,HUANTA,04,IGUAIN,32233,05,05,1,2,050433003,1.340473,1,,1,1,1,1,FRIJOL GUINDA,2915,1,0,100,0,0,0,0,0,0,1, 
2025,05,AYACUCHO,04,HUANTA,04,IGUAIN,32233,07,07,1,2,050433003,76.89038,1,,1,1,2,1,FRIJOL CAUPI,2911,1,0,200,0,0,1,0,0,0,1, 
2025,05,AYACUCHO,04,HUANTA,04,IGUAIN,32237,04,04,1,2,050442004,8.254891,1,,1,1,2,1,TARHUI,2947,1,3,000,0,0,1,1,0,0,0, 
2025,05,AYACUCHO,04,HUANTA,04,IGUAIN,32238,02,02,1,2,050431003,64.44202,1,,1,1,2,1,TARHUI,2947,1,1,500,0,0,1,0,0,0,1, 
2025,05,AYACUCHO,04,HUANTA,04,IGUAIN,32239,02,02,1,2,050432002,48.83095,1,,1,1,2,1,MELOCOTONERO,1152,2,0,002,0,0,1,0,0,0,0, 
2025,05,AYACUCHO,04,HUANTA,05,LURICOCHA,32241,03,03,1,2,050431002,58.65724,1,,1,1,5,1,PALTO,1162,2,0,200,0,0,1,0,0,1,0, 
2025,05,AYACUCHO,04,HUANTA,06,SANTILLANA,32246,02,02,1,2,050431002,99.97906,1,,1,1,4,1,MELOCOTONERO,1152,2,0,010,0,0,1,0,0,0,0, 
2025,05,AYACUCHO,04,HUANTA,07,SIVIA,32257,05,05,1,2,050443004,2.752105,1,,1,1,1,1,OLLUCO,2609,1,0,050,0,0,1,1,0,0,0, 
2025,05,AYACUCHO,04,HUANTA,10,UCHURACCAY,32272,04,04,1,2,050453003,3.903005,1,,1,1,12,1,PAPA BLANCA,2612,1,0,125,0,0,1,0,0,0,0, 
2025,05,AYACUCHO,04,HUANTA,10,UCHURACCAY,32272,07,07,1,2,050453003,17.7951,1,,1,1,1,1,PAPA AMARILLA,2611,1,0,125,0,0,1,0,0,0,1, 
2025,05,AYACUCHO,04,HUANTA,10,UCHURACCAY,32272,07,07,1,2,050453003,17.7951,1,,1,1,1,2,PAPA HUAYRO,2614,1,0,125,0,0,1,0,0,0,1, 
2025,05,AYACUCHO,04,HUANTA,10,UCHURACCAY,32272,07,07,1,2,050453003,17.7951,1,,1,1,1,3,PAPA BLANCA,2612,1,0,125,0,0,1,0,0,0,1, 
2025,05,AYACUCHO,04,HUANTA,10,UCHURACCAY,32272,07,07,1,2,050453003,17.7951,1,,1,1,1,4,PAPA NATIVA,2615,1,0,125,0,0,1,0,0,0,1, 
2025,05,AYACUCHO,04,HUANTA,10,UCHURACCAY,32272,08,08,1,2,050453003,21.63948,1,,1,1,3,1,PAPA AMARILLA,2611,1,0,250,0,0,1,0,0,0,1, 
2025,05,AYACUCHO,04,HUANTA,10,UCHURACCAY,32273,09,09,1,2,050442003,58.09846,1,,1,1,7,1,PAPA BLANCA,2612,1,0,500,0,0,1,0,0,0,0, 
2025,05,AYACUCHO,04,HUANTA,10,UCHURACCAY,32273,09,09,1,2,050442003,58.09846,1,,1,1,9,1,PAPA BLANCA,2612,1,0,500,0,0,1,0,0,0,0, 
2025,05,AYACUCHO,04,HUANTA,10,UCHURACCAY,32273,09,09,1,2,050442003,58.09846,1,,1,1,4,1,PAPA BLANCA,2612,1,0,500,0,0,1,0,0,0,0, 
2025,05,AYACUCHO,04,HUANTA,10,UCHURACCAY,32274,04,04,1,2,050441003,42.63672,1,,1,1,2,1,PAPA BLANCA,2612,1,0,500,0,0,1,1,1,0,0, 
2025,05,AYACUCHO,04,HUANTA,10,UCHURACCAY,32274,05,05,1,2,050441003,4.790826,1,,1,1,1,1,OCA,2608,1,0,500,0,0,0,1,0,0,0, 
2025,05,AYACUCHO,04,HUANTA,10,UCHURACCAY,32274,05,05,1,2,050441003,4.790826,1,,1,1,1,2,TARHUI,2947,1,0,500,0,0,0,1,0,0,0, 
2025,05,AYACUCHO,04,HUANTA,10,UCHURACCAY,32274,10,10,1,2,050441003,2.856417,1,,1,1,9,1,PAPA AMARILLA,2611,1,0,500,0,0,1,1,0,0,0, 
2025,05,AYACUCHO,04,HUANTA,10,UCHURACCAY,32275,04,04,1,2,050441003,41.27223,1,,1,1,8,1,PAPA BLANCA,2612,1,0,500,0,0,1,0,0,0,0, 
2025,05,AYACUCHO,04,HUANTA,10,UCHURACCAY,32276,03,03,1,2,050442003,47.39655,1,,1,1,8,1,PAPA NATIVA,2615,1,0,250,0,0,1,1,0,0,0, 
2025,05,AYACUCHO,04,HUANTA,10,UCHURACCAY,32276,03,03,1,2,050442003,47.39655,1,,1,1,7,1,PAPA NATIVA,2615,1,0,100,0,0,1,1,0,0,0, 
2025,05,AYACUCHO,04,HUANTA,11,PUCACOLPA,32281,05,05,1,2,050431003,29.87581,1,,1,1,2,1,MAIZ AMILACEO,2108,1,0,300,0,0,1,0,1,0,1, 
2025,05,AYACUCHO,04,HUANTA,11,PUCACOLPA,32281,06,06,1,2,050431003,97.1813,1,,1,1,6,1,MAIZ AMILACEO,2108,1,0,300,0,0,1,0,1,0,0, 
2025,05,AYACUCHO,04,HUANTA,11,PUCACOLPA,32282,02,02,1,2,050431004,15.84477,1,,1,1,2,1,MAIZ AMILACEO,2108,1,0,300,0,0,1,0,1,0,0, 
2025,05,AYACUCHO,04,HUANTA,11,PUCACOLPA,32282,03,03,1,2,050431004,15.97858,1,,1,1,5,1,PAPA BLANCA,2612,1,0,100,0,0,1,0,1,0,0, 
2025,05,AYACUCHO,04,HUANTA,11,PUCACOLPA,32282,05,05,1,2,050431004,24.23203,1,,1,0,2,1,MAIZ AMILACEO,2108,1,0,500,0,0,1,0,1,0,0, 
2025,05,AYACUCHO,04,HUANTA,12,CHACA,32285,01,01,1,2,050443002,1.302187,1,,1,1,3,1,PAPA BLANCA,2612,1,0,010,0,0,1,0,0,1,0, 
2025,05,AYACUCHO,04,HUANTA,12,CHACA,32285,02,02,1,2,050443002,3.132524,1,,1,1,4,1,MELOCOTONERO,1152,2,0,020,0,0,1,0,0,0,0, 
2025,05,AYACUCHO,04,HUANTA,12,CHACA,32285,02,02,1,2,050443002,3.132524,1,,1,1,11,1,PAPA COLOR,2613,1,0,250,0,0,1,0,0,0,0, 
2025,05,AYACUCHO,04,HUANTA,12,CHACA,32285,02,02,1,2,050443002,3.132524,1,,1,1,4,2,CAPULI,1113,2,0,008,0,0,1,0,0,0,0, 
2025,05,AYACUCHO,04,HUANTA,12,CHACA,32286,01,01,1,2,050451003,2.357099,1,,1,1,2,1,PAPA BLANCA,2612,1,0,100,0,0,1,0,0,0,0, 
2025,05,AYACUCHO,04,HUANTA,12,CHACA,32286,04,04,1,2,050451003,.7431396,1,,1,1,8,1,PAPA BLANCA,2612,1,0,125,0,0,1,0,0,0,0, 
2025,05,AYACUCHO,05,LA MAR,01,SAN MIGUEL,32294,01,01,1,2,050541003,61.09609,1,,1,1,1,1,PAPA AMARILLA,2611,1,0,100,0,0,1,0,0,0,0, 
2025,05,AYACUCHO,05,LA MAR,01,SAN MIGUEL,32294,02,02,1,2,050541003,49.85477,1,,1,1,2,1,PAPA AMARILLA,2611,1,0,250,0,0,1,0,0,0,0, 
2025,05,AYACUCHO,05,LA MAR,01,SAN MIGUEL,32294,02,02,1,2,050541003,49.85477,1,,1,1,2,2,OLLUCO,2609,1,0,250,0,0,1,0,0,0,0, 
2025,05,AYACUCHO,05,LA MAR,01,SAN MIGUEL,32294,04,04,1,2,050541003,5.778005,1,,1,1,2,1,PAPA BLANCA,2612,1,0,250,0,0,1,0,0,0,0, 
2025,05,AYACUCHO,05,LA MAR,01,SAN MIGUEL,32294,04,04,1,2,050541003,5.778005,1,,1,1,2,2,ARVEJA,2901,1,0,125,0,0,1,1,0,0,0, 
2025,05,AYACUCHO,05,LA MAR,01,SAN MIGUEL,32295,01,01,1,2,050532003,2.038379,1,,1,1,2,1,PAPA BLANCA,2612,1,0,200,0,0,1,0,0,0,0, 
2025,05,AYACUCHO,05,LA MAR,01,SAN MIGUEL,32299,01,01,1,2,050531004,45.27136,1,,1,1,3,1,HABA,2942,1,0,250,0,0,1,1,1,0,0, 
2025,05,AYACUCHO,05,LA MAR,02,ANCO,32303,01,01,1,2,050532004,33.41206,1,,1,1,2,1,MELOCOTONERO,1152,2,0,025,0,0,1,0,0,0,0, 
2025,05,AYACUCHO,05,LA MAR,02,ANCO,32303,02,02,1,2,050532004,44.81776,1,,1,1,3,1,MELOCOTONERO,1152,2,0,015,0,0,1,0,0,1,0, 
2025,05,AYACUCHO,05,LA MAR,02,ANCO,32303,02,02,1,2,050532004,44.81776,1,,1,1,3,2,CAPULI,1113,2,0,003,0,0,1,0,0,1,0, 
2025,05,AYACUCHO,05,LA MAR,02,ANCO,32303,02,02,1,2,050532004,44.81776,1,,1,1,3,3,PALTO,1162,2,0,002,0,0,1,0,0,1,0, 
2025,05,AYACUCHO,05,LA MAR,02,ANCO,32303,03,03,1,2,050532004,9.746428,1,,1,1,1,1,TUNA FRUTA,1186,2,0,002,0,0,1,0,0,0,0, 
2025,05,AYACUCHO,05,LA MAR,02,ANCO,32303,03,03,1,2,050532004,9.746428,1,,1,1,3,1,TUNA FRUTA,1186,2,0,006,0,0,1,0,0,0,0, 
2025,05,AYACUCHO,05,LA MAR,02,ANCO,32303,03,03,1,2,050532004,9.746428,1,,1,1,1,2,MELOCOTONERO,1152,2,0,006,0,0,1,0,0,0,0, 
2025,05,AYACUCHO,05,LA MAR,02,ANCO,32303,05,05,1,2,050532004,38.78088,1,,1,1,2,1,TUNA FRUTA,1186,2,0,010,0,0,1,0,0,0,0, 
2025,05,AYACUCHO,05,LA MAR,02,ANCO,32303,05,05,1,2,050532004,38.78088,1,,1,1,1,1,TUNA FRUTA,1186,2,0,380,0,0,1,0,0,0,0, 
2025,05,AYACUCHO,05,LA MAR,02,ANCO,32303,09,09,1,2,050532004,27.617,1,,1,1,2,1,TUNA FRUTA,1186,2,0,008,0,0,1,0,0,0,0, 
2025,05,AYACUCHO,05,LA MAR,02,ANCO,32303,09,09,1,2,050532004,27.617,1,,1,1,3,1,TUNA FRUTA,1186,2,0,007,0,0,1,0,0,0,0, 
2025,05,AYACUCHO,05,LA MAR,02,ANCO,32303,10,10,1,2,050532004,20.77252,1,,1,1,2,1,TUNA FRUTA,1186,2,0,063,1,0,1,0,0,0,0, 
2025,05,AYACUCHO,05,LA MAR,02,ANCO,32305,03,03,1,2,050532003,6.318346,1,,1,1,4,1,ZAPALLO,2345,1,0,002,0,1,0,0,0,0,0, 
2025,05,AYACUCHO,05,LA MAR,03,AYNA,32311,02,02,1,3,050593002,3.702194,1,,1,0,1,1,MARAÑON,1150,2,0,001,0,0,1,0,0,0,0, 
2025,05,AYACUCHO,05,LA MAR,03,AYNA,32311,03,03,1,3,050593002,12.74683,1,,1,0,2,1,PLATANO,1171,3,0,150,0,1,1,0,0,0,0, 
2025,05,AYACUCHO,05,LA MAR,05,CHUNGUI,32316,01,01,1,3,050572003,442.7738,1,,1,1,1,1,TUNA FRUTA,1186,2,0,058,0,0,1,0,0,0,0, 
2025,05,AYACUCHO,05,LA MAR,05,CHUNGUI,32316,02,02,1,3,050572003,1386.277,1,,1,0,1,1,PALTO,1162,2,0,030,0,0,1,0,0,0,0, 
2025,05,AYACUCHO,05,LA MAR,05,CHUNGUI,32316,02,02,1,3,050572003,1386.277,1,,1,0,2,1,TUNA FRUTA,1186,2,0,160,0,0,1,0,0,0,0, 
2025,05,AYACUCHO,05,LA MAR,05,CHUNGUI,32316,03,03,1,3,050572003,91.28101,1,,1,0,2,1,PALTO,1162,2,0,030,0,0,1,0,0,0,0, 
2025,05,AYACUCHO,05,LA MAR,05,CHUNGUI,32316,03,03,1,3,050572003,91.28101,1,,1,0,1,1,MANGO,1147,2,0,066,0,0,1,0,0,0,0, 
2025,05,AYACUCHO,05,LA MAR,05,CHUNGUI,32316,03,03,1,3,050572003,91.28101,1,,1,0,2,2,MANGO,1147,2,0,066,0,0,1,0,0,0,0, 
2025,05,AYACUCHO,05,LA MAR,05,CHUNGUI,32316,04,04,1,3,050572003,2133.733,1,,1,1,2,1,PALTO,1162,2,0,080,0,0,1,0,0,0,0, 
2025,05,AYACUCHO,05,LA MAR,05,CHUNGUI,32316,04,04,1,3,050572003,2133.733,1,,1,1,3,1,TUNA FRUTA,1186,2,0,110,0,0,1,0,0,0,0, 
2025,05,AYACUCHO,05,LA MAR,05,CHUNGUI,32317,01,01,1,3,050573002,297.133,1,,1,1,3,1,PALTO,1162,2,0,006,0,0,1,0,0,0,0, 
2025,05,AYACUCHO,05,LA MAR,05,CHUNGUI,32317,01,01,1,3,050573002,297.133,1,,1,1,1,1,TUNA FRUTA,1186,2,0,020,0,0,1,0,0,0,0, 
2025,05,AYACUCHO,05,LA MAR,05,CHUNGUI,32317,01,01,1,3,050573002,297.133,1,,1,1,1,2,GUANABANO,1133,2,0,006,0,0,1,0,0,0,0, 
2025,05,AYACUCHO,05,LA MAR,05,CHUNGUI,32317,01,01,1,3,050573002,297.133,1,,1,1,1,3,COCA,1209,2,0,124,0,0,1,0,0,0,0, 
2025,05,AYACUCHO,05,LA MAR,05,CHUNGUI,32317,02,02,1,3,050573002,149.5205,1,,1,0,1,1,COCA,1209,2,0,478,0,0,1,0,0,0,0, 
2025,05,AYACUCHO,05,LA MAR,05,CHUNGUI,32317,02,02,1,3,050573002,149.5205,1,,1,0,1,2,TUNA FRUTA,1186,2,0,020,0,0,1,0,0,0,0, 
2025,05,AYACUCHO,05,LA MAR,05,CHUNGUI,32317,03,03,1,3,050573002,139.9673,1,,1,0,1,1,NARANJO,1156,2,0,150,0,0,1,0,0,0,0, 
2025,05,AYACUCHO,05,LA MAR,05,CHUNGUI,32317,03,03,1,3,050573002,139.9673,1,,1,0,2,1,TUNA FRUTA,1186,2,0,170,0,0,1,0,0,0,0, 
2025,05,AYACUCHO,05,LA MAR,06,LUIS CARRANZA,32318,02,02,1,2,050533002,10.6542,1,,1,1,1,1,QUINUA,2111,1,500,000,0,1,1,0,0,0,1, 
2025,05,AYACUCHO,05,LA MAR,06,LUIS CARRANZA,32318,02,02,1,2,050533002,10.6542,1,,1,1,11,1,QUINUA,2111,1,5000,000,0,0,1,0,0,0,1, 
2025,05,AYACUCHO,05,LA MAR,06,LUIS CARRANZA,32318,04,04,1,2,050533002,457.1999,1,,1,0,3,1,MAIZ AMILACEO,2108,1,1,000,0,1,0,0,0,0,1, 
2025,05,AYACUCHO,05,LA MAR,06,LUIS CARRANZA,32318,06,06,1,2,050533002,104.8285,1,,1,1,4,1,MAIZ AMILACEO,2108,1,1,500,0,1,0,0,0,0,1, 
2025,05,AYACUCHO,05,LA MAR,06,LUIS CARRANZA,32318,08,08,1,2,050533002,39.99305,1,,1,1,4,1,MELOCOTONERO,1152,2,0,060,0,0,1,0,0,0,0, 
2025,05,AYACUCHO,05,LA MAR,06,LUIS CARRANZA,32318,09,09,1,2,050533002,20.63736,1,,1,1,4,1,ARVEJA,2901,1,0,080,0,0,1,0,0,0,0, 
2025,05,AYACUCHO,05,LA MAR,06,LUIS CARRANZA,32318,10,10,1,2,050533002,260.1832,1,,1,1,2,1,MAIZ AMILACEO,2108,1,2,000,0,1,0,0,0,0,1, 
2025,05,AYACUCHO,05,LA MAR,06,LUIS CARRANZA,32318,10,10,1,2,050533002,260.1832,1,,1,1,5,1,CHIRIMOYO,1121,2,0,060,0,0,1,0,0,0,0, 
2025,05,AYACUCHO,05,LA MAR,07,SANTA ROSA,32319,07,07,1,3,050592003,10.26173,1,,1,1,4,1,CACAO,1202,3,0,500,0,1,0,0,0,0,0, 
2025,05,AYACUCHO,05,LA MAR,07,SANTA ROSA,32321,02,02,1,3,050591003,80.35297,1,,1,1,1,1,MANGO,1147,2,0,010,0,0,1,0,0,0,0, 
2025,05,AYACUCHO,05,LA MAR,07,SANTA ROSA,32321,02,02,1,3,050591003,80.35297,1,,1,1,1,2,PALTO,1162,2,0,005,0,0,1,0,0,0,0, 
2025,05,AYACUCHO,05,LA MAR,07,SANTA ROSA,32321,06,06,1,3,050591003,22.40862,1,,1,0,1,1,MANDARINA,1146,2,0,003,0,0,1,0,0,0,0, 
2025,05,AYACUCHO,05,LA MAR,07,SANTA ROSA,32321,06,06,1,3,050591003,22.40862,1,,1,0,1,2,PLATANO,1171,3,0,010,0,0,1,0,0,0,0, 
2025,05,AYACUCHO,05,LA MAR,07,SANTA ROSA,32321,06,06,1,3,050591003,22.40862,1,,1,0,1,3,PACAE,1159,2,0,006,0,0,1,0,0,0,0, 
2025,05,AYACUCHO,05,LA MAR,07,SANTA ROSA,32327,01,01,1,3,050591004,20.28907,1,,1,1,1,1,LIMON RUGOSO,1142,2,0,004,0,0,1,0,0,0,0, 
2025,05,AYACUCHO,05,LA MAR,07,SANTA ROSA,32328,01,01,1,3,050571004,14.27705,1,,1,1,1,1,CACAO,1202,3,0,500,1,0,0,0,0,0,0, 
2025,05,AYACUCHO,05,LA MAR,07,SANTA ROSA,32328,03,03,1,3,050571004,12.49597,1,,1,1,1,1,CACAO,1202,3,0,500,1,0,0,0,0,0,0, 
2025,05,AYACUCHO,05,LA MAR,07,SANTA ROSA,32328,04,04,1,3,050571004,35.11537,1,,1,1,1,1,CACAO,1202,3,0,500,1,0,0,0,0,0,0, 
2025,05,AYACUCHO,05,LA MAR,07,SANTA ROSA,32329,01,01,1,3,050591002,4.311193,1,,1,1,1,1,PACAE,1159,2,0,006,0,0,1,0,0,0,0, 
2025,05,AYACUCHO,05,LA MAR,07,SANTA ROSA,32329,01,01,1,3,050591002,4.311193,1,,1,1,2,1,MANGO,1147,2,0,009,0,0,1,0,0,0,0, 
2025,05,AYACUCHO,05,LA MAR,07,SANTA ROSA,32329,02,02,1,3,050591002,3.244637,1,,1,0,1,1,PACAE,1159,2,0,002,0,0,1,0,0,0,0, 
2025,05,AYACUCHO,05,LA MAR,08,TAMBO,32335,04,04,1,2,050531003,15.72364,1,,1,1,1,1,MAIZ AMILACEO,2108,1,0,200,0,0,1,0,0,0,0, 
2025,05,AYACUCHO,05,LA MAR,08,TAMBO,32336,03,03,1,2,050543004,132.2744,1,,1,1,1,1,TUNA FRUTA,1186,2,0,016,0,0,1,0,0,0,0, 
2025,05,AYACUCHO,05,LA MAR,08,TAMBO,32345,01,01,1,2,050531002,319.0124,1,,1,0,1,1,ALFALFA,1401,3,0,440,0,0,1,0,0,0,0, 
2025,05,AYACUCHO,05,LA MAR,08,TAMBO,32352,03,03,1,2,050553003,3.100555,1,,1,0,1,1,SAUCO,1177,2,0,003,0,0,1,0,0,0,0, 
2025,05,AYACUCHO,05,LA MAR,09,SAMUGARI,32356,04,04,1,3,050591005,25.53899,1,,1,0,2,1,CACAO,1202,3,0,500,1,0,0,0,0,0,0, 
2025,05,AYACUCHO,05,LA MAR,09,SAMUGARI,32356,05,05,1,3,050591005,53.41319,1,,1,0,1,1,CACAO,1202,3,1,000,1,0,0,0,0,0,0, 
2025,05,AYACUCHO,05,LA MAR,09,SAMUGARI,32357,06,06,1,3,050591004,12.6046,1,,1,0,2,1,NARANJO,1156,2,0,003,0,0,1,0,0,0,0, 
2025,05,AYACUCHO,05,LA MAR,09,SAMUGARI,32357,06,06,1,3,050591004,12.6046,1,,1,0,2,2,PACAE,1159,2,0,007,0,0,1,0,0,0,0, 
2025,05,AYACUCHO,05,LA MAR,09,SAMUGARI,32357,06,06,1,3,050591004,12.6046,1,,1,0,2,3,LIMON RUGOSO,1142,2,0,003,0,0,1,0,0,0,0, 
2025,05,AYACUCHO,05,LA MAR,09,SAMUGARI,32359,01,01,1,3,050571004,114.0535,1,,1,1,1,1,YUCA,2620,1,0,500,0,0,1,0,0,0,0, 
2025,05,AYACUCHO,05,LA MAR,09,SAMUGARI,32361,03,03,1,3,050591004,11.47,1,,1,1,1,1,MANGO,1147,2,0,009,0,0,1,0,0,0,0, 
2025,05,AYACUCHO,05,LA MAR,09,SAMUGARI,32362,05,05,1,3,050571005,8.190424,1,,1,1,2,1,CACAO,1202,3,0,250,1,0,0,0,0,0,0, 
2025,05,AYACUCHO,05,LA MAR,09,SAMUGARI,32365,02,02,1,3,050592004,84.8656,1,,1,1,1,1,PACAE,1159,2,0,020,0,0,1,0,0,0,0, 
2025,05,AYACUCHO,05,LA MAR,09,SAMUGARI,32365,02,02,1,3,050592004,84.8656,1,,1,1,1,2,LIMON RUGOSO,1142,2,0,004,0,0,1,0,0,0,0, 
2025,05,AYACUCHO,05,LA MAR,09,SAMUGARI,32365,02,02,1,3,050592004,84.8656,1,,1,1,1,3,MANGO,1147,2,0,008,0,0,1,0,0,0,0, 
2025,05,AYACUCHO,05,LA MAR,09,SAMUGARI,32365,04,04,1,3,050592004,31.84776,1,,1,0,1,1,LIMON RUGOSO,1142,2,0,006,0,0,1,0,0,0,0, 
2025,05,AYACUCHO,05,LA MAR,10,ANCHIHUAY,32368,06,06,1,3,050571005,78.24712,1,,1,1,1,1,CACAO,1202,3,0,100,1,0,0,0,0,0,0, 
2025,05,AYACUCHO,05,LA MAR,10,ANCHIHUAY,32368,08,08,1,3,050571005,11.06702,1,,1,1,1,1,CACAO,1202,3,0,100,1,0,0,0,0,0,0, 
2025,05,AYACUCHO,06,LUCANAS,01,PUQUIO,32377,01,01,1,2,050631003,12.39306,1,,1,1,3,1,PAPA BLANCA,2612,1,0,200,0,0,1,1,0,0,0, 
2025,05,AYACUCHO,06,LUCANAS,01,PUQUIO,32377,01,01,1,2,050631003,12.39306,1,,1,1,4,1,PAPA BLANCA,2612,1,0,300,0,0,1,1,0,0,0, 
2025,05,AYACUCHO,06,LUCANAS,01,PUQUIO,32377,01,01,1,2,050631003,12.39306,1,,1,1,3,2,OCA,2608,1,0,100,0,0,1,1,0,0,0, 
2025,05,AYACUCHO,06,LUCANAS,01,PUQUIO,32378,01,01,1,2,050631003,11.37597,1,,1,1,1,1,TRIGO,2113,1,0,400,0,1,0,0,0,0,0, 
2025,05,AYACUCHO,06,LUCANAS,01,PUQUIO,32386,02,02,1,2,050631003,24.83385,1,,1,1,1,1,PAPA NATIVA,2615,1,0,200,0,0,0,1,0,0,0, 
2025,05,AYACUCHO,06,LUCANAS,02,AUCARA,32392,02,02,1,2,050641003,11.75337,1,,1,1,5,1,PAPA BLANCA,2612,1,0,125,0,0,1,0,0,0,0, 
2025,05,AYACUCHO,06,LUCANAS,02,AUCARA,32392,03,03,1,2,050641003,7.840823,1,,1,1,5,1,MAIZ AMILACEO,2108,1,0,125,0,0,1,0,0,0,0, 
2025,05,AYACUCHO,06,LUCANAS,02,AUCARA,32397,04,04,1,2,050631004,4.181409,1,,1,1,6,1,TUNA FRUTA,1186,2,0,250,0,0,0,0,0,0,1, 
2025,05,AYACUCHO,06,LUCANAS,02,AUCARA,32397,04,04,1,2,050631004,4.181409,1,,1,1,5,1,TUNA FRUTA,1186,2,0,500,0,0,0,0,0,0,1, 
2025,05,AYACUCHO,06,LUCANAS,04,CARMEN SALCEDO,32399,01,01,1,2,050641003,54.24272,1,,1,1,1,1,TUNA FRUTA,1186,2,0,004,0,0,1,0,0,0,0, 
2025,05,AYACUCHO,06,LUCANAS,04,CARMEN SALCEDO,32399,02,02,1,2,050641003,21.12251,1,,1,1,1,1,TUNA FRUTA,1186,2,0,010,0,0,1,0,0,0,0, 
2025,05,AYACUCHO,06,LUCANAS,04,CARMEN SALCEDO,32401,01,01,1,2,050641003,3.974743,1,,1,1,4,1,CAPULI,1113,2,0,002,0,0,1,0,0,0,0, 
2025,05,AYACUCHO,06,LUCANAS,04,CARMEN SALCEDO,32401,02,02,1,2,050641003,6.113453,1,,1,1,1,1,TUNA FRUTA,1186,2,0,021,0,0,1,0,0,0,0, 
2025,05,AYACUCHO,06,LUCANAS,07,HUAC-HUAS,32406,02,02,1,2,050631003,194.3617,1,,1,1,3,1,OCA,2608,1,0,010,0,0,0,1,0,0,0, 
2025,05,AYACUCHO,06,LUCANAS,07,HUAC-HUAS,32406,02,02,1,2,050631003,194.3617,1,,1,1,3,2,OLLUCO,2609,1,0,010,0,0,0,1,0,0,0, 
2025,05,AYACUCHO,06,LUCANAS,07,HUAC-HUAS,32406,02,02,1,2,050631003,194.3617,1,,1,1,3,3,MASHUA,2606,1,0,010,0,0,0,1,0,0,0, 
2025,05,AYACUCHO,06,LUCANAS,08,LARAMATE,32408,01,01,1,2,050631003,70.0468,1,,1,0,1,1,ALFALFA,1401,3,0,150,0,0,0,0,0,0,1, 
2025,05,AYACUCHO,06,LUCANAS,08,LARAMATE,32411,06,06,1,2,050631003,28.51688,1,,1,1,4,1,MAIZ CHOCLO,2109,1,0,100,0,0,0,1,0,0,0, 
2025,05,AYACUCHO,06,LUCANAS,08,LARAMATE,32411,06,06,1,2,050631003,28.51688,1,,1,1,4,2,PAPA COLOR,2613,1,0,100,0,0,0,1,0,0,0, 
2025,05,AYACUCHO,06,LUCANAS,08,LARAMATE,32411,06,06,1,2,050631003,28.51688,1,,1,1,4,3,OCA,2608,1,0,050,0,0,0,1,0,0,0, 
2025,05,AYACUCHO,06,LUCANAS,08,LARAMATE,32414,03,03,1,2,050631003,31.30109,1,,1,1,2,1,PAPA NATIVA,2615,1,0,020,0,0,0,1,0,0,0, 
2025,05,AYACUCHO,06,LUCANAS,08,LARAMATE,32414,03,03,1,2,050631003,31.30109,1,,1,1,3,1,ALFALFA,1401,3,1,000,0,0,1,0,0,0,0, 
2025,05,AYACUCHO,06,LUCANAS,08,LARAMATE,32414,03,03,1,2,050631003,31.30109,1,,1,1,2,2,OCA,2608,1,0,020,0,0,0,1,0,0,0, 
2025,05,AYACUCHO,06,LUCANAS,08,LARAMATE,32414,03,03,1,2,050631003,31.30109,1,,1,1,2,3,HABA,2942,1,0,039,0,0,0,1,0,0,0, 
2025,05,AYACUCHO,06,LUCANAS,08,LARAMATE,32414,04,04,1,2,050631003,5.835342,1,,1,1,2,1,MAIZ CHOCLO,2109,1,0,242,0,0,1,1,0,0,0, 
2025,05,AYACUCHO,06,LUCANAS,19,SANCOS,32438,01,01,1,2,050631003,9.269208,1,,1,1,2,1,PAPA NATIVA,2615,1,0,050,0,0,0,1,1,0,0, 
2025,05,AYACUCHO,06,LUCANAS,19,SANCOS,32438,01,01,1,2,050631003,9.269208,1,,1,1,4,1,CEBADA GRANO,2104,1,0,055,0,0,0,1,0,0,0, 
2025,05,AYACUCHO,06,LUCANAS,19,SANCOS,32438,01,01,1,2,050631003,9.269208,1,,1,1,5,1,HABA,2942,1,0,050,0,0,0,1,0,0,0, 
2025,05,AYACUCHO,06,LUCANAS,19,SANCOS,32438,01,01,1,2,050631003,9.269208,1,,1,1,5,2,CEBADA GRANO,2104,1,0,050,0,0,0,1,0,0,0, 
2025,05,AYACUCHO,06,LUCANAS,19,SANCOS,32438,05,05,1,2,050631003,5.874459,1,,1,1,2,1,OCA,2608,1,0,100,0,0,0,1,0,0,0, 
2025,05,AYACUCHO,06,LUCANAS,20,SANTA ANA DE HUAYCAHUACHO,32443,09,09,1,2,050631003,14.53525,1,,1,1,12,1,OCA,2608,1,0,250,0,0,1,1,0,0,0, 
2025,05,AYACUCHO,06,LUCANAS,21,SANTA LUCIA,32444,05,05,1,1,050623004,15.45243,1,,1,0,2,1,ACHIRA,2601,1,0,050,0,0,0,0,0,0,1, 
2025,05,AYACUCHO,07,PARINACOCHAS,01,CORACORA,32451,01,01,1,2,050731004,13.62716,1,,1,1,3,1,MAIZ CHOCLO,2109,1,0,500,1,0,0,0,0,0,0, 
2025,05,AYACUCHO,07,PARINACOCHAS,01,CORACORA,32451,03,03,1,2,050731004,.0269522,1,,1,1,2,1,HABA,2942,1,0,200,0,0,0,1,0,0,0, 
2025,05,AYACUCHO,07,PARINACOCHAS,02,CHUMPI,32456,01,01,1,2,050733004,7.315812,1,,1,1,3,1,ALFALFA,1401,3,0,400,0,0,0,1,0,0,0, 
2025,05,AYACUCHO,07,PARINACOCHAS,02,CHUMPI,32456,03,03,1,2,050733004,6.831578,1,,1,1,4,1,AVENA FORRAJERA,2701,1,1,000,0,0,0,0,0,0,1, 
2025,05,AYACUCHO,07,PARINACOCHAS,08,UPAHUACHO,32470,02,02,1,2,050741003,192.247,1,,1,1,1,1,PAPA BLANCA,2612,1,0,362,0,0,1,1,0,0,0, 
2025,05,AYACUCHO,07,PARINACOCHAS,08,UPAHUACHO,32470,02,02,1,2,050741003,192.247,1,,1,1,1,2,OLLUCO,2609,1,0,362,0,0,1,1,0,0,0, 
2025,05,AYACUCHO,07,PARINACOCHAS,08,UPAHUACHO,32471,01,01,1,2,050732003,57.09026,1,,1,1,3,1,MAIZ AMILACEO,2108,1,0,030,0,0,0,1,0,0,0, 
2025,05,AYACUCHO,07,PARINACOCHAS,08,UPAHUACHO,32471,04,04,1,2,050732003,35.34178,1,,1,1,1,1,MAIZ AMILACEO,2108,1,0,232,0,0,0,1,0,0,0, 
2025,05,AYACUCHO,07,PARINACOCHAS,08,UPAHUACHO,32473,03,03,1,2,050733003,43.59848,1,,1,1,1,1,MAIZ AMILACEO,2108,1,0,243,0,0,0,1,0,0,0, 
2025,05,AYACUCHO,09,SUCRE,01,QUEROBAMBA,32499,07,07,1,2,050941003,12.28368,1,,1,1,5,1,OLLUCO,2609,1,0,060,0,0,1,0,0,0,0, 
2025,05,AYACUCHO,09,SUCRE,03,CHALCOS,32502,04,04,1,2,050931003,10.44804,1,,1,1,1,1,MAIZ AMILACEO,2108,1,0,145,0,0,0,0,1,0,0, 
2025,05,AYACUCHO,09,SUCRE,06,MORCOLLA,32511,02,02,1,2,050931003,144.6947,1,,1,1,7,1,QUINUA,2111,1,0,063,0,0,0,1,1,0,0, 
2025,05,AYACUCHO,09,SUCRE,06,MORCOLLA,32511,04,04,1,2,050931003,28.60985,1,,1,1,2,1,PAPA BLANCA,2612,1,0,250,0,0,1,1,0,0,0, 
2025,05,AYACUCHO,09,SUCRE,06,MORCOLLA,32511,07,07,1,2,050931003,16.83341,1,,1,1,2,1,CEBADA GRANO,2104,1,0,100,0,0,0,1,1,0,0, 
2025,05,AYACUCHO,09,SUCRE,07,PAICO,32514,02,02,1,2,050931003,38.86646,1,,1,1,4,1,CEBADA GRANO,2104,1,0,125,0,0,0,1,1,0,0, 
2025,05,AYACUCHO,09,SUCRE,07,PAICO,32515,03,03,1,2,050933004,.3083338,1,,1,1,4,1,HABA,2942,1,0,015,0,0,1,0,1,0,0, 
2025,05,AYACUCHO,09,SUCRE,07,PAICO,32515,03,03,1,2,050933004,.3083338,1,,1,1,2,1,MAIZ AMILACEO,2108,1,0,125,0,0,1,1,1,0,0, 
2025,05,AYACUCHO,09,SUCRE,07,PAICO,32515,06,06,1,2,050933004,1.678635,1,,1,1,2,1,PALTO,1162,2,0,050,0,0,1,1,0,0,0, 
2025,05,AYACUCHO,09,SUCRE,07,PAICO,32516,03,03,1,2,050932003,79.80733,1,,1,1,3,1,PAPA BLANCA,2612,1,0,125,0,0,1,0,1,0,0, 
2025,05,AYACUCHO,09,SUCRE,07,PAICO,32516,07,07,1,2,050932003,18.84645,1,,1,1,2,1,HABA,2942,1,0,062,0,0,1,0,1,0,1, 
2025,05,AYACUCHO,09,SUCRE,07,PAICO,32516,07,07,1,2,050932003,18.84645,1,,1,1,2,2,PAPA BLANCA,2612,1,0,062,0,0,1,0,1,0,1, 
2025,05,AYACUCHO,09,SUCRE,07,PAICO,32516,07,07,1,2,050932003,18.84645,1,,1,1,2,3,OCA,2608,1,0,062,0,0,1,0,1,0,1, 
2025,05,AYACUCHO,09,SUCRE,07,PAICO,32516,07,07,1,2,050932003,18.84645,1,,1,1,2,4,QUINUA,2111,1,0,063,0,0,1,0,1,0,1, 
2025,05,AYACUCHO,09,SUCRE,07,PAICO,32516,11,11,1,2,050932003,2.05105,1,,1,1,4,1,CEBADA GRANO,2104,1,0,250,0,0,0,0,0,0,1, 
2025,05,AYACUCHO,09,SUCRE,07,PAICO,32516,11,11,1,2,050932003,2.05105,1,,1,1,4,2,TRIGO,2113,1,0,250,0,0,0,0,0,0,1, 
2025,05,AYACUCHO,09,SUCRE,07,PAICO,32518,03,03,1,2,050932004,2.225314,1,,1,1,5,1,MAIZ AMILACEO,2108,1,0,125,0,0,1,0,0,0,0, 
2025,05,AYACUCHO,09,SUCRE,07,PAICO,32518,07,07,1,2,050932004,1.554033,1,,1,1,2,1,ARVEJA,2901,1,0,026,0,0,1,0,0,0,0, 
2025,05,AYACUCHO,09,SUCRE,09,SAN SALVADOR DE QUIJE,32522,07,07,1,2,050931003,7.605357,1,,1,1,3,1,PAPA BLANCA,2612,1,0,250,0,0,0,1,1,0,0, 
2025,05,AYACUCHO,10,VICTOR FAJARDO,04,ASQUIPATA,32535,01,01,1,2,051053003,.1804121,1,,1,1,5,1,OLLUCO,2609,1,50,000,0,0,0,0,0,1,0, 
2025,05,AYACUCHO,10,VICTOR FAJARDO,06,CAYARA,32542,01,01,1,2,051031003,39.91896,1,,1,1,3,1,MAIZ AMILACEO,2108,1,0,421,0,0,0,1,1,0,0, 
2025,05,AYACUCHO,10,VICTOR FAJARDO,07,COLCA,32543,02,02,1,2,051031002,1339.705,1,,1,1,1,1,HABA,2942,1,0,050,0,0,1,0,0,0,0, 
2025,05,AYACUCHO,10,VICTOR FAJARDO,08,HUAMANQUIQUIA,32547,02,02,1,2,051041003,3.547041,1,,1,1,1,1,CEBADA GRANO,2104,1,0,017,0,0,1,0,0,0,0, 
2025,05,AYACUCHO,10,VICTOR FAJARDO,08,HUAMANQUIQUIA,32547,02,02,1,2,051041003,3.547041,1,,1,1,2,1,CEBADA GRANO,2104,1,0,020,0,0,1,0,0,0,0, 
2025,05,AYACUCHO,10,VICTOR FAJARDO,08,HUAMANQUIQUIA,32547,07,07,1,2,051041003,88.03797,1,,1,1,6,1,PAPA BLANCA,2612,1,0,125,0,0,1,0,0,0,0, 
2025,05,AYACUCHO,10,VICTOR FAJARDO,08,HUAMANQUIQUIA,32548,02,02,1,2,051041003,3.616068,1,,1,1,4,1,MAIZ AMILACEO,2108,1,0,040,0,0,1,0,0,0,0, 
2025,05,AYACUCHO,10,VICTOR FAJARDO,10,HUALLA,32552,02,02,1,2,051041003,63.78697,1,,1,1,5,1,MAIZ AMILACEO,2108,1,0,250,0,0,1,1,0,0,0, 
2025,05,AYACUCHO,10,VICTOR FAJARDO,10,HUALLA,32554,02,02,1,2,051031003,18.23058,1,,1,1,4,1,ARVEJA,2901,1,0,025,0,0,1,0,0,0,0, 
2025,05,AYACUCHO,10,VICTOR FAJARDO,11,SARHUA,32557,02,02,1,2,051041004,6.274559,1,,1,1,1,1,PAPA BLANCA,2612,1,0,100,0,0,1,1,0,0,0, 
2025,05,AYACUCHO,10,VICTOR FAJARDO,11,SARHUA,32557,04,04,1,2,051041004,1.302445,1,,1,1,2,1,OLLUCO,2609,1,0,500,0,0,0,1,1,0,0, 
2025,05,AYACUCHO,10,VICTOR FAJARDO,11,SARHUA,32558,04,04,1,2,051031003,2.555266,1,,1,1,2,1,MAIZ AMILACEO,2108,1,450,000,0,1,0,0,0,0,0, 
2025,05,AYACUCHO,10,VICTOR FAJARDO,11,SARHUA,32558,05,05,1,2,051031003,12.97201,1,,1,1,2,1,HABA,2942,1,200,000,0,0,0,0,0,1,0, 
2025,05,AYACUCHO,10,VICTOR FAJARDO,11,SARHUA,32558,10,10,1,2,051031003,6.685969,1,,1,1,3,1,MAIZ AMILACEO,2108,1,0,062,0,0,0,1,0,0,0, 
2025,05,AYACUCHO,10,VICTOR FAJARDO,11,SARHUA,32561,01,01,1,2,051041003,62.72209,1,,1,0,16,1,HABA,2942,1,0,250,0,0,1,0,0,0,0, 
2025,05,AYACUCHO,10,VICTOR FAJARDO,11,SARHUA,32561,03,03,1,2,051041003,7.255408,1,,1,1,5,1,CEBADA GRANO,2104,1,0,500,0,0,1,0,0,0,0, 
2025,05,AYACUCHO,10,VICTOR FAJARDO,11,SARHUA,32561,04,04,1,2,051041003,9.838563,1,,1,0,4,1,PAPA BLANCA,2612,1,0,125,0,0,0,1,0,0,0, 
2025,05,AYACUCHO,10,VICTOR FAJARDO,11,SARHUA,32561,07,07,1,2,051041003,29.25215,1,,1,1,6,1,MAIZ AMILACEO,2108,1,0,250,0,0,0,1,0,0,0, 
2025,05,AYACUCHO,10,VICTOR FAJARDO,11,SARHUA,32561,07,07,1,2,051041003,29.25215,1,,1,1,5,1,CEBADA GRANO,2104,1,0,250,0,0,1,0,1,0,0, 
2025,05,AYACUCHO,10,VICTOR FAJARDO,11,SARHUA,32561,07,07,1,2,051041003,29.25215,1,,1,1,4,1,CEBADA GRANO,2104,1,0,500,0,0,1,0,0,0,0, 
2025,05,AYACUCHO,10,VICTOR FAJARDO,11,SARHUA,32561,07,07,1,2,051041003,29.25215,1,,1,1,6,2,HABA,2942,1,0,250,0,0,0,1,0,0,0, 
2025,05,AYACUCHO,10,VICTOR FAJARDO,11,SARHUA,32561,09,09,1,2,051041003,5.696921,1,,1,1,7,1,PAPA BLANCA,2612,1,0,500,0,0,1,1,0,0,0, 
2025,05,AYACUCHO,10,VICTOR FAJARDO,11,SARHUA,32561,09,09,1,2,051041003,5.696921,1,,1,1,3,1,MAIZ AMILACEO,2108,1,2,000,0,0,1,1,0,0,0, 
2025,05,AYACUCHO,10,VICTOR FAJARDO,11,SARHUA,32563,06,06,1,2,051033003,43.45531,1,,1,1,5,1,ZANAHORIA,2344,1,0,020,0,0,0,0,0,0,1, 
2025,05,AYACUCHO,10,VICTOR FAJARDO,12,VILCANCHOS,32564,01,01,1,2,051031003,150.8485,1,,1,1,1,1,PAPA BLANCA,2612,1,0,520,0,0,1,0,0,0,0, 
2025,05,AYACUCHO,10,VICTOR FAJARDO,12,VILCANCHOS,32564,02,02,1,2,051031003,115.9419,1,,1,1,1,1,CEBADA GRANO,2104,1,0,500,0,0,1,0,0,0,1, 
2025,05,AYACUCHO,10,VICTOR FAJARDO,12,VILCANCHOS,32564,07,07,1,2,051031003,16.42579,1,,1,1,3,1,MAIZ AMILACEO,2108,1,1,000,0,0,1,1,1,0,0, 
2025,05,AYACUCHO,10,VICTOR FAJARDO,12,VILCANCHOS,32564,08,08,1,2,051031003,26.83295,1,,1,1,6,1,MAIZ AMILACEO,2108,1,0,250,0,0,1,0,1,0,0, 
2025,05,AYACUCHO,10,VICTOR FAJARDO,12,VILCANCHOS,32564,10,10,1,2,051031003,14.34985,1,,1,1,8,1,CEBADA GRANO,2104,1,0,250,0,0,1,1,0,0,0, 
2025,05,AYACUCHO,10,VICTOR FAJARDO,12,VILCANCHOS,32564,12,12,1,2,051031003,19.74586,1,,1,0,3,1,MAIZ AMILACEO,2108,1,1,000,0,0,1,0,0,0,0, 
2025,05,AYACUCHO,10,VICTOR FAJARDO,12,VILCANCHOS,32564,12,12,1,2,051031003,19.74586,1,,1,0,2,1,MAIZ AMILACEO,2108,1,0,500,0,0,1,0,1,0,1, 
2025,05,AYACUCHO,10,VICTOR FAJARDO,12,VILCANCHOS,32564,13,13,1,2,051031003,9.61054,1,,1,1,3,1,MAIZ AMILACEO,2108,1,0,500,0,0,1,0,0,0,0, 
2025,05,AYACUCHO,10,VICTOR FAJARDO,12,VILCANCHOS,32564,13,13,1,2,051031003,9.61054,1,,1,1,5,1,MAIZ AMILACEO,2108,1,1,000,0,0,1,0,1,0,0, 
2025,05,AYACUCHO,10,VICTOR FAJARDO,12,VILCANCHOS,32564,13,13,1,2,051031003,9.61054,1,,1,1,2,1,ARVEJA,2901,1,0,250,0,0,1,0,0,0,0, 
2025,05,AYACUCHO,10,VICTOR FAJARDO,12,VILCANCHOS,32564,17,17,1,2,051031003,24.4897,1,,1,1,7,1,MAIZ AMILACEO,2108,1,0,500,0,0,1,1,0,0,0, 
2025,05,AYACUCHO,10,VICTOR FAJARDO,12,VILCANCHOS,32564,17,17,1,2,051031003,24.4897,1,,1,1,2,1,MAIZ AMILACEO,2108,1,0,800,0,0,1,0,1,0,0, 
2025,05,AYACUCHO,10,VICTOR FAJARDO,12,VILCANCHOS,32566,01,01,1,2,051031003,59.29065,1,,1,1,4,1,PAPA BLANCA,2612,1,0,500,0,0,1,0,0,0,0, 
2025,05,AYACUCHO,10,VICTOR FAJARDO,12,VILCANCHOS,32566,03,03,1,2,051031003,8.482446,1,,1,1,6,1,OLLUCO,2609,1,0,250,0,0,1,0,0,0,0, 
2025,05,AYACUCHO,10,VICTOR FAJARDO,12,VILCANCHOS,32566,03,03,1,2,051031003,8.482446,1,,1,1,5,1,PAPA BLANCA,2612,1,1,000,0,0,1,0,0,0,0, 
2025,05,AYACUCHO,10,VICTOR FAJARDO,12,VILCANCHOS,32566,03,03,1,2,051031003,8.482446,1,,1,1,6,2,PAPA BLANCA,2612,1,0,750,0,0,1,0,0,0,0, 
2025,05,AYACUCHO,11,VILCAS HUAMAN,01,VILCAS HUAMAN,32569,01,01,1,2,051133002,.2500631,1,,1,1,2,1,PAPA BLANCA,2612,1,0,250,0,0,0,1,0,0,0, 
2025,05,AYACUCHO,11,VILCAS HUAMAN,01,VILCAS HUAMAN,32571,01,01,1,2,051131003,119.6414,1,,1,1,2,1,QUINUA,2111,1,0,500,0,1,0,0,0,0,0, 
2025,05,AYACUCHO,11,VILCAS HUAMAN,01,VILCAS HUAMAN,32571,01,01,1,2,051131003,119.6414,1,,1,1,4,1,QUINUA,2111,1,1,500,0,1,0,0,0,0,0, 
2025,05,AYACUCHO,11,VILCAS HUAMAN,01,VILCAS HUAMAN,32571,03,03,1,2,051131003,45.51062,1,,1,1,3,1,QUINUA,2111,1,0,900,0,1,0,1,1,0,0, 
2025,05,AYACUCHO,11,VILCAS HUAMAN,01,VILCAS HUAMAN,32571,03,03,1,2,051131003,45.51062,1,,1,1,7,1,HABA,2942,1,0,250,0,0,0,1,0,0,0, 
2025,05,AYACUCHO,11,VILCAS HUAMAN,01,VILCAS HUAMAN,32572,03,03,1,2,051131003,94.10975,1,,1,1,1,1,ARVEJA,2901,1,0,080,0,0,1,1,0,0,0, 
2025,05,AYACUCHO,11,VILCAS HUAMAN,01,VILCAS HUAMAN,32572,03,03,1,2,051131003,94.10975,1,,1,1,3,1,MAIZ AMILACEO,2108,1,0,250,0,0,0,1,1,0,0, 
2025,05,AYACUCHO,11,VILCAS HUAMAN,01,VILCAS HUAMAN,32572,03,03,1,2,051131003,94.10975,1,,1,1,4,1,MAIZ AMILACEO,2108,1,0,250,0,0,0,1,0,1,0, 
2025,05,AYACUCHO,11,VILCAS HUAMAN,01,VILCAS HUAMAN,32572,07,07,1,2,051131003,.6309453,1,,1,1,4,1,PAPA BLANCA,2612,1,0,125,0,0,1,1,0,0,1, 
2025,05,AYACUCHO,11,VILCAS HUAMAN,01,VILCAS HUAMAN,32573,03,03,1,2,051131003,13.39333,1,,1,0,1,1,PAPA AMARILLA,2611,1,0,060,0,0,0,1,0,0,0, 
2025,05,AYACUCHO,11,VILCAS HUAMAN,01,VILCAS HUAMAN,32573,04,04,1,2,051131003,23.57068,1,,1,0,2,1,PAPA NATIVA,2615,1,1,000,0,0,0,1,1,0,0, 
2025,05,AYACUCHO,11,VILCAS HUAMAN,01,VILCAS HUAMAN,32574,01,01,1,2,051131003,30.14307,1,,1,1,8,1,CEBADA GRANO,2104,1,0,250,0,0,0,1,0,0,0, 
2025,05,AYACUCHO,11,VILCAS HUAMAN,01,VILCAS HUAMAN,32574,01,01,1,2,051131003,30.14307,1,,1,1,4,1,TARHUI,2947,1,1,500,0,0,0,1,0,0,0, 
2025,05,AYACUCHO,11,VILCAS HUAMAN,01,VILCAS HUAMAN,32574,01,01,1,2,051131003,30.14307,1,,1,1,3,1,QUINUA,2111,1,1,000,1,0,0,0,0,0,0, 
2025,05,AYACUCHO,11,VILCAS HUAMAN,01,VILCAS HUAMAN,32574,05,05,1,2,051131003,7.843246,1,,1,1,2,1,PAPA BLANCA,2612,1,0,400,0,0,1,1,1,0,0, 
2025,05,AYACUCHO,11,VILCAS HUAMAN,01,VILCAS HUAMAN,32574,05,05,1,2,051131003,7.843246,1,,1,1,2,2,PAPA AMARILLA,2611,1,0,400,0,0,0,1,1,0,0, 
2025,05,AYACUCHO,11,VILCAS HUAMAN,01,VILCAS HUAMAN,32576,04,04,1,2,051132003,48.23273,1,,1,1,1,1,CAPULI,1113,2,0,002,0,0,0,1,0,0,0, 
2025,05,AYACUCHO,11,VILCAS HUAMAN,01,VILCAS HUAMAN,32576,04,04,1,2,051132003,48.23273,1,,1,1,16,1,QUINUA,2111,1,2,000,0,0,0,1,1,0,0, 
2025,05,AYACUCHO,11,VILCAS HUAMAN,01,VILCAS HUAMAN,32576,05,05,1,2,051132003,.0948007,1,,1,1,2,1,HABA,2942,1,0,500,0,0,1,1,0,0,0, 
2025,05,AYACUCHO,11,VILCAS HUAMAN,01,VILCAS HUAMAN,32577,08,08,1,2,051131003,2.458376,1,,1,0,1,1,PAPA AMARILLA,2611,1,0,100,0,0,0,1,1,0,0, 
2025,05,AYACUCHO,11,VILCAS HUAMAN,01,VILCAS HUAMAN,32577,08,08,1,2,051131003,2.458376,1,,1,0,1,2,PAPA BLANCA,2612,1,0,100,0,0,0,1,1,0,0, 
2025,05,AYACUCHO,11,VILCAS HUAMAN,01,VILCAS HUAMAN,32579,05,05,1,2,051131003,24.93073,1,,1,1,3,1,MAIZ AMILACEO,2108,1,0,122,0,0,1,1,0,0,0, 
2025,05,AYACUCHO,11,VILCAS HUAMAN,04,CONCEPCION,32587,03,03,1,2,051141003,28.62302,1,,1,1,1,1,MELOCOTONERO,1152,2,0,002,0,0,1,0,0,0,0, 
2025,05,AYACUCHO,11,VILCAS HUAMAN,05,HUAMBALPA,32596,07,07,1,2,051131003,183.7418,1,,1,1,2,1,QUINUA,2111,1,0,125,0,0,0,0,1,0,1, 
2025,05,AYACUCHO,11,VILCAS HUAMAN,06,INDEPENDENCIA,32599,01,01,1,2,051131003,1.766266,1,,1,0,7,1,MAIZ AMILACEO,2108,1,0,062,0,0,0,0,0,0,1, 
2025,05,AYACUCHO,11,VILCAS HUAMAN,06,INDEPENDENCIA,32600,01,01,1,2,051132003,7.827888,1,,1,1,7,1,MAIZ AMILACEO,2108,1,0,100,0,0,1,0,0,0,0, 
2025,05,AYACUCHO,11,VILCAS HUAMAN,06,INDEPENDENCIA,32600,01,01,1,2,051132003,7.827888,1,,1,1,12,1,MASHUA,2606,1,0,063,0,0,1,0,0,0,0, 
2025,05,AYACUCHO,11,VILCAS HUAMAN,06,INDEPENDENCIA,32600,01,01,1,2,051132003,7.827888,1,,1,1,9,1,MAIZ AMILACEO,2108,1,0,250,0,0,1,0,0,0,0, 
2025,05,AYACUCHO,11,VILCAS HUAMAN,06,INDEPENDENCIA,32600,01,01,1,2,051132003,7.827888,1,,1,1,10,1,PAPA BLANCA,2612,1,0,063,0,0,1,0,0,0,0, 
2025,05,AYACUCHO,11,VILCAS HUAMAN,06,INDEPENDENCIA,32600,01,01,1,2,051132003,7.827888,1,,1,1,12,2,OCA,2608,1,0,062,0,0,1,0,0,0,0, 
2025,05,AYACUCHO,11,VILCAS HUAMAN,06,INDEPENDENCIA,32600,01,01,1,2,051132003,7.827888,1,,1,1,10,2,MAIZ AMILACEO,2108,1,0,062,0,0,1,0,0,0,0, 
2025,05,AYACUCHO,11,VILCAS HUAMAN,06,INDEPENDENCIA,32600,01,01,1,2,051132003,7.827888,1,,1,1,7,2,HABA,2942,1,0,025,0,0,1,0,0,0,0, 
2025,05,AYACUCHO,11,VILCAS HUAMAN,06,INDEPENDENCIA,32600,03,03,1,2,051132003,4.974602,1,,1,1,5,1,PAPA BLANCA,2612,1,0,035,0,0,1,0,0,0,0, 
2025,05,AYACUCHO,11,VILCAS HUAMAN,06,INDEPENDENCIA,32600,03,03,1,2,051132003,4.974602,1,,1,1,7,1,CEBADA GRANO,2104,1,0,062,0,0,1,0,0,0,0, 
2025,05,AYACUCHO,11,VILCAS HUAMAN,06,INDEPENDENCIA,32600,03,03,1,2,051132003,4.974602,1,,1,1,8,1,MAIZ AMILACEO,2108,1,0,080,0,0,1,0,0,0,0, 
2025,05,AYACUCHO,11,VILCAS HUAMAN,06,INDEPENDENCIA,32600,03,03,1,2,051132003,4.974602,1,,1,1,6,1,CEBADA GRANO,2104,1,0,065,0,0,1,0,0,0,0, 
2025,05,AYACUCHO,11,VILCAS HUAMAN,06,INDEPENDENCIA,32600,06,06,1,2,051132003,8.627821,1,,1,0,3,1,MAIZ AMILACEO,2108,1,0,035,0,0,1,0,0,0,0, 
2025,05,AYACUCHO,11,VILCAS HUAMAN,06,INDEPENDENCIA,32600,06,06,1,2,051132003,8.627821,1,,1,0,3,2,HABA,2942,1,0,030,0,0,1,0,0,0,0, 
2025,05,AYACUCHO,11,VILCAS HUAMAN,06,INDEPENDENCIA,32601,06,06,1,2,051131003,3.793439,1,,1,1,2,1,MAIZ AMILACEO,2108,1,0,010,0,0,1,0,0,0,0, 
2025,05,AYACUCHO,11,VILCAS HUAMAN,06,INDEPENDENCIA,32601,06,06,1,2,051131003,3.793439,1,,1,1,2,2,HABA,2942,1,0,010,0,0,1,0,0,0,0, 
2025,05,AYACUCHO,11,VILCAS HUAMAN,06,INDEPENDENCIA,32601,06,06,1,2,051131003,3.793439,1,,1,1,2,3,ARVEJA,2901,1,0,010,0,0,1,0,0,0,0, 
2025,05,AYACUCHO,11,VILCAS HUAMAN,07,SAURAMA,32604,04,04,1,2,051131003,37.78742,1,,1,1,4,1,LINAZA,2819,1,1,000,0,0,0,1,0,0,0, 
2025,05,AYACUCHO,11,VILCAS HUAMAN,08,VISCHONGO,32605,02,02,1,2,051131002,1.697842,1,,1,1,1,1,MELOCOTONERO,1152,2,0,014,0,0,1,0,0,0,0, 
2025,05,AYACUCHO,11,VILCAS HUAMAN,08,VISCHONGO,32605,02,02,1,2,051131002,1.697842,1,,1,1,1,2,PALTO,1162,2,0,002,0,0,1,0,0,0,0, 
2025,05,AYACUCHO,11,VILCAS HUAMAN,08,VISCHONGO,32605,03,03,1,2,051131002,4.346489,1,,1,1,1,1,TUNA FRUTA,1186,2,0,030,0,0,1,0,0,0,0, 
2025,05,AYACUCHO,11,VILCAS HUAMAN,08,VISCHONGO,32605,03,03,1,2,051131002,4.346489,1,,1,1,2,1,TUNA FRUTA,1186,2,0,020,0,0,1,0,0,0,0, 
2025,05,AYACUCHO,11,VILCAS HUAMAN,08,VISCHONGO,32605,05,05,1,2,051131002,.1596468,1,,1,1,2,1,TUNA FRUTA,1186,2,0,003,0,0,1,0,0,0,0, 
2025,05,AYACUCHO,11,VILCAS HUAMAN,08,VISCHONGO,32605,05,05,1,2,051131002,.1596468,1,,1,1,8,1,PAPA BLANCA,2612,1,0,130,0,0,1,0,0,0,0, 
2025,05,AYACUCHO,11,VILCAS HUAMAN,08,VISCHONGO,32605,05,05,1,2,051131002,.1596468,1,,1,1,1,1,MELOCOTONERO,1152,2,0,002,0,0,1,0,0,0,0, 
2025,05,AYACUCHO,11,VILCAS HUAMAN,08,VISCHONGO,32605,05,05,1,2,051131002,.1596468,1,,1,1,2,2,NARANJO,1156,2,0,002,0,0,1,0,0,0,0, 
2025,05,AYACUCHO,11,VILCAS HUAMAN,08,VISCHONGO,32605,05,05,1,2,051131002,.1596468,1,,1,1,1,2,TUNA FRUTA,1186,2,0,003,0,0,1,0,0,0,0, 
2025,05,AYACUCHO,11,VILCAS HUAMAN,08,VISCHONGO,32605,05,05,1,2,051131002,.1596468,1,,1,1,1,3,CAPULI,1113,2,0,002,0,0,1,0,0,0,0, 
2025,05,AYACUCHO,11,VILCAS HUAMAN,08,VISCHONGO,32605,06,06,1,2,051131002,.9637793,1,,1,0,1,1,MELOCOTONERO,1152,2,0,012,0,0,1,0,0,0,0, 
2025,05,AYACUCHO,11,VILCAS HUAMAN,08,VISCHONGO,32605,07,07,1,2,051131002,4.258945,1,,1,1,1,1,MELOCOTONERO,1152,2,0,001,0,0,1,0,0,0,0, 
2025,05,AYACUCHO,11,VILCAS HUAMAN,08,VISCHONGO,32605,07,07,1,2,051131002,4.258945,1,,1,1,1,2,LIMON RUGOSO,1142,2,0,001,0,0,1,0,0,0,0, 
2025,05,AYACUCHO,11,VILCAS HUAMAN,08,VISCHONGO,32605,08,08,1,2,051131002,.7639621,1,,1,1,1,1,TUNA FRUTA,1186,2,0,010,0,0,1,0,0,0,0, 
2025,05,AYACUCHO,11,VILCAS HUAMAN,08,VISCHONGO,32605,09,09,1,2,051131002,1.571828,1,,1,0,1,1,TUNA FRUTA,1186,2,0,008,0,0,1,0,0,0,0, 
2025,05,AYACUCHO,11,VILCAS HUAMAN,08,VISCHONGO,32605,09,09,1,2,051131002,1.571828,1,,1,0,1,2,CAPULI,1113,2,0,001,0,0,1,0,0,0,0, 
2025,05,AYACUCHO,11,VILCAS HUAMAN,08,VISCHONGO,32605,09,09,1,2,051131002,1.571828,1,,1,0,1,3,MELOCOTONERO,1152,2,0,004,0,0,1,0,0,0,0, 
2025,05,AYACUCHO,11,VILCAS HUAMAN,08,VISCHONGO,32606,02,02,1,2,051131003,46.23862,1,,1,1,3,1,PAPA BLANCA,2612,1,0,650,0,0,1,1,0,1,0, 
2025,05,AYACUCHO,11,VILCAS HUAMAN,08,VISCHONGO,32607,06,06,1,2,051131003,55.95963,1,,1,1,1,1,TUNA FRUTA,1186,2,0,004,0,0,1,0,0,0,0, 
2025,05,AYACUCHO,11,VILCAS HUAMAN,08,VISCHONGO,32613,06,06,1,2,051141003,12.48419,1,,1,1,7,1,AVENA FORRAJERA,2701,1,0,500,0,0,1,0,1,0,0, 
2025,05,AYACUCHO,11,VILCAS HUAMAN,08,VISCHONGO,32613,06,06,1,2,051141003,12.48419,1,,1,1,5,1,QUINUA,2111,1,1,000,0,0,1,1,0,0,0, 
2025,06,CAJAMARCA,01,CAJAMARCA,01,CAJAMARCA,32617,01,01,1,2,060133002,270.115,1,,1,1,1,1,PAPA BLANCA,2612,1,0,030,0,0,1,1,0,0,0, 
2025,06,CAJAMARCA,01,CAJAMARCA,02,ASUNCION,32630,01,01,1,2,060121003,10.25048,1,,1,0,1,1,MAIZ AMILACEO,2108,1,0,350,0,0,1,0,0,0,1, 
2025,06,CAJAMARCA,01,CAJAMARCA,02,ASUNCION,32630,02,02,1,2,060121003,112.6594,1,,1,1,1,1,MAIZ AMILACEO,2108,1,0,200,0,0,1,0,0,0,0, 
2025,06,CAJAMARCA,01,CAJAMARCA,02,ASUNCION,32630,05,05,1,2,060121003,267.8534,1,,1,1,1,1,MAIZ CHOCLO,2109,1,0,090,0,0,1,1,0,0,0, 
2025,06,CAJAMARCA,01,CAJAMARCA,02,ASUNCION,32630,08,08,1,2,060121003,53.20004,1,,1,1,3,1,MAIZ AMILACEO,2108,1,0,050,0,0,1,0,0,0,0, 
2025,06,CAJAMARCA,01,CAJAMARCA,02,ASUNCION,32630,08,08,1,2,060121003,53.20004,1,,1,1,1,1,PAPA BLANCA,2612,1,0,100,0,0,0,1,0,0,0, 
2025,06,CAJAMARCA,01,CAJAMARCA,02,ASUNCION,32630,08,08,1,2,060121003,53.20004,1,,1,1,1,2,MAIZ AMILACEO,2108,1,0,020,0,0,1,0,0,0,0, 
2025,06,CAJAMARCA,01,CAJAMARCA,02,ASUNCION,32630,08,08,1,2,060121003,53.20004,1,,1,1,1,3,FRIJOL BLANCO,2907,1,0,005,0,0,1,0,0,0,0, 
2025,06,CAJAMARCA,01,CAJAMARCA,04,COSPAN,32634,01,01,1,1,060123003,105.5083,1,,1,0,1,1,CAFE PERGAMINO,1203,2,0,076,0,0,1,0,0,0,0, 
2025,06,CAJAMARCA,01,CAJAMARCA,04,COSPAN,32634,01,01,1,1,060123003,105.5083,1,,1,0,1,2,CIRUELA DEL FRAILE,1126,2,0,002,0,0,1,0,0,0,0, 
2025,06,CAJAMARCA,01,CAJAMARCA,05,ENCAÑADA,32641,05,05,1,2,060131003,82.51329,1,,1,1,3,1,MAIZ AMILACEO,2108,1,0,400,0,0,0,1,0,0,0, 
2025,06,CAJAMARCA,01,CAJAMARCA,05,ENCAÑADA,32641,07,07,1,2,060131003,59.58097,1,,1,1,1,1,MAIZ AMILACEO,2108,1,0,030,0,1,1,0,0,0,0, 
2025,06,CAJAMARCA,01,CAJAMARCA,05,ENCAÑADA,32641,07,07,1,2,060131003,59.58097,1,,1,1,1,2,AVENA GRANO,2102,1,0,300,0,1,1,0,0,0,0, 
2025,06,CAJAMARCA,01,CAJAMARCA,05,ENCAÑADA,32641,09,09,1,2,060131003,126.8026,1,,1,1,3,1,MAIZ AMILACEO,2108,1,0,400,0,0,0,1,0,0,0, 
2025,06,CAJAMARCA,01,CAJAMARCA,05,ENCAÑADA,32641,10,10,1,2,060131003,133.7065,1,,1,0,2,1,PAPA BLANCA,2612,1,0,400,0,0,1,0,0,0,0, 
2025,06,CAJAMARCA,01,CAJAMARCA,05,ENCAÑADA,32642,04,04,1,2,060141003,145.7265,1,,1,1,2,1,PAPA BLANCA,2612,1,0,500,0,0,0,1,0,0,0, 
2025,06,CAJAMARCA,01,CAJAMARCA,05,ENCAÑADA,32642,04,04,1,2,060141003,145.7265,1,,1,1,2,2,ARVEJA,2901,1,0,100,0,0,0,1,0,0,0, 
2025,06,CAJAMARCA,01,CAJAMARCA,05,ENCAÑADA,32642,05,05,1,2,060141003,.2728163,1,,1,1,1,1,ARVEJA,2901,1,0,500,0,0,0,1,0,0,0, 
2025,06,CAJAMARCA,01,CAJAMARCA,05,ENCAÑADA,32643,01,01,1,2,060144004,122.6973,1,,1,1,2,1,ARVEJA,2901,1,0,300,0,0,0,1,0,0,0, 
2025,06,CAJAMARCA,01,CAJAMARCA,05,ENCAÑADA,32643,01,01,1,2,060144004,122.6973,1,,1,1,3,1,OCA,2608,1,0,100,0,0,0,1,0,0,0, 
2025,06,CAJAMARCA,01,CAJAMARCA,05,ENCAÑADA,32643,01,01,1,2,060144004,122.6973,1,,1,1,4,1,MAIZ AMILACEO,2108,1,0,100,0,0,0,1,1,0,0, 
2025,06,CAJAMARCA,01,CAJAMARCA,05,ENCAÑADA,32643,01,01,1,2,060144004,122.6973,1,,1,1,2,2,TRIGO,2113,1,0,250,0,0,0,1,0,0,0, 
2025,06,CAJAMARCA,01,CAJAMARCA,05,ENCAÑADA,32643,01,01,1,2,060144004,122.6973,1,,1,1,3,2,OLLUCO,2609,1,0,050,0,0,0,1,0,0,0, 
2025,06,CAJAMARCA,01,CAJAMARCA,05,ENCAÑADA,32643,01,01,1,2,060144004,122.6973,1,,1,1,4,2,ARVEJA,2901,1,0,100,0,0,0,1,1,0,0, 
2025,06,CAJAMARCA,01,CAJAMARCA,05,ENCAÑADA,32643,01,01,1,2,060144004,122.6973,1,,1,1,3,3,HABA,2942,1,0,050,0,0,0,1,0,0,0, 
2025,06,CAJAMARCA,01,CAJAMARCA,05,ENCAÑADA,32643,01,01,1,2,060144004,122.6973,1,,1,1,3,4,PAPA BLANCA,2612,1,0,150,0,0,0,1,0,0,0, 
2025,06,CAJAMARCA,01,CAJAMARCA,06,JESUS,32647,01,01,1,2,060152004,.5741811,1,,1,1,1,1,CEBADA GRANO,2104,1,0,500,0,0,0,1,0,1,0, 
2025,06,CAJAMARCA,01,CAJAMARCA,06,JESUS,32647,03,03,1,2,060152004,.0150163,1,,1,1,2,1,LENTEJA,2944,1,0,060,0,0,0,1,0,1,0, 
2025,06,CAJAMARCA,01,CAJAMARCA,06,JESUS,32651,01,01,1,2,060134003,1651.385,1,,1,1,3,1,PAPA BLANCA,2612,1,0,250,0,0,1,0,0,1,0, 
2025,06,CAJAMARCA,01,CAJAMARCA,08,LOS BAÑOS DEL INCA,32654,05,05,1,2,060131003,233.8097,1,,1,1,3,1,OCA,2608,1,0,002,0,0,1,0,0,0,0, 
2025,06,CAJAMARCA,01,CAJAMARCA,08,LOS BAÑOS DEL INCA,32654,07,07,1,2,060131003,365.2207,1,,1,1,1,1,MAIZ CHOCLO,2109,1,0,090,0,0,0,0,0,1,0, 
2025,06,CAJAMARCA,01,CAJAMARCA,08,LOS BAÑOS DEL INCA,32655,04,04,1,2,060132003,51.33923,1,,1,1,1,1,PAPA BLANCA,2612,1,0,020,0,0,0,0,0,1,0, 
2025,06,CAJAMARCA,01,CAJAMARCA,08,LOS BAÑOS DEL INCA,32655,04,04,1,2,060132003,51.33923,1,,1,1,1,2,OCA,2608,1,0,010,0,0,0,0,0,1,0, 
2025,06,CAJAMARCA,01,CAJAMARCA,08,LOS BAÑOS DEL INCA,32655,04,04,1,2,060132003,51.33923,1,,1,1,1,3,TARHUI,2947,1,0,005,0,0,0,0,0,1,0, 
2025,06,CAJAMARCA,01,CAJAMARCA,08,LOS BAÑOS DEL INCA,32659,01,01,1,2,060132004,16.2051,1,,1,1,2,1,QUINUA,2111,1,0,200,0,0,0,0,0,0,1, 
2025,06,CAJAMARCA,01,CAJAMARCA,08,LOS BAÑOS DEL INCA,32659,01,01,1,2,060132004,16.2051,1,,1,1,1,1,PAPA BLANCA,2612,1,0,020,0,0,1,0,0,0,0, 
2025,06,CAJAMARCA,01,CAJAMARCA,08,LOS BAÑOS DEL INCA,32659,06,06,1,2,060132004,37.20819,1,,1,1,2,1,VICIA,2949,1,0,500,0,0,0,1,0,0,0, 
2025,06,CAJAMARCA,01,CAJAMARCA,09,MAGDALENA,32667,04,04,1,2,060132003,147.7853,1,,1,1,3,1,HABA,2942,1,0,050,0,0,1,0,0,0,0, 
2025,06,CAJAMARCA,01,CAJAMARCA,09,MAGDALENA,32667,04,04,1,2,060132003,147.7853,1,,1,1,3,2,CEBADA GRANO,2104,1,0,100,0,0,1,0,0,0,0, 
2025,06,CAJAMARCA,01,CAJAMARCA,09,MAGDALENA,32668,02,02,1,2,060123004,1.129924,1,,1,1,1,1,MAIZ AMILACEO,2108,1,0,500,0,0,1,0,0,1,0, 
2025,06,CAJAMARCA,01,CAJAMARCA,09,MAGDALENA,32670,11,11,1,1,060124003,20.93226,1,,1,1,1,1,MAIZ AMARILLO DURO,2107,1,0,050,0,0,0,0,0,1,0, 
2025,06,CAJAMARCA,01,CAJAMARCA,09,MAGDALENA,32671,05,05,1,2,060122004,1.058597,1,,1,1,3,1,PAPA BLANCA,2612,1,0,024,0,0,1,0,0,0,0, 
2025,06,CAJAMARCA,01,CAJAMARCA,09,MAGDALENA,32672,02,02,1,2,060132002,672.3493,1,,1,0,1,1,ARVEJA,2901,1,0,100,0,0,1,0,0,0,0, 
2025,06,CAJAMARCA,01,CAJAMARCA,10,MATARA,32674,01,01,1,2,060131003,55.0607,1,,1,1,1,1,PAPA BLANCA,2612,1,0,070,0,0,1,0,0,0,0, 
2025,06,CAJAMARCA,01,CAJAMARCA,10,MATARA,32674,02,02,1,2,060131003,183.9394,1,,1,0,1,1,LENTEJA,2944,1,0,250,0,0,0,1,0,1,0, 
2025,06,CAJAMARCA,01,CAJAMARCA,10,MATARA,32674,02,02,1,2,060131003,183.9394,1,,1,0,2,1,ARVEJA,2901,1,0,500,0,0,0,1,0,1,0, 
2025,06,CAJAMARCA,01,CAJAMARCA,10,MATARA,32675,01,01,1,2,060132003,341.0804,1,,1,1,1,1,PAPA BLANCA,2612,1,1,000,0,0,1,0,0,0,0, 
2025,06,CAJAMARCA,01,CAJAMARCA,10,MATARA,32675,01,01,1,2,060132003,341.0804,1,,1,1,2,1,PAPA BLANCA,2612,1,0,250,0,0,1,0,0,0,0, 
2025,06,CAJAMARCA,01,CAJAMARCA,10,MATARA,32675,02,02,1,2,060132003,57.69494,1,,1,1,1,1,ARVEJA,2901,1,0,500,0,0,1,0,0,0,0, 
2025,06,CAJAMARCA,01,CAJAMARCA,10,MATARA,32675,02,02,1,2,060132003,57.69494,1,,1,1,3,1,ARVEJA,2901,1,1,000,0,0,1,0,0,0,0, 
2025,06,CAJAMARCA,01,CAJAMARCA,10,MATARA,32675,02,02,1,2,060132003,57.69494,1,,1,1,1,2,MAIZ MORADO,2110,1,1,000,0,0,1,0,0,0,0, 
2025,06,CAJAMARCA,01,CAJAMARCA,10,MATARA,32675,03,03,1,2,060132003,13.86551,1,,1,1,1,1,MAIZ AMILACEO,2108,1,0,370,0,0,1,0,0,0,0, 
2025,06,CAJAMARCA,01,CAJAMARCA,10,MATARA,32675,04,04,1,2,060132003,258.5411,1,,1,1,1,1,ARVEJA,2901,1,1,000,0,0,0,0,0,1,0, 
2025,06,CAJAMARCA,01,CAJAMARCA,10,MATARA,32675,06,06,1,2,060132003,42.98317,1,,1,0,1,1,ARVEJA,2901,1,0,200,0,0,0,0,0,1,1, 
2025,06,CAJAMARCA,01,CAJAMARCA,10,MATARA,32675,07,07,1,2,060132003,5.850338,1,,1,1,1,1,ARVEJA,2901,1,0,600,0,0,0,0,0,1,0, 
2025,06,CAJAMARCA,01,CAJAMARCA,11,NAMORA,32676,03,03,1,2,060142004,.4732493,1,,1,1,2,1,CEBADA GRANO,2104,1,1,555,0,0,0,1,0,0,0, 
2025,06,CAJAMARCA,02,CAJABAMBA,01,CAJABAMBA,32677,02,02,1,2,060242004,4.43696,1,,1,1,1,1,OCA,2608,1,0,250,0,0,1,0,0,0,0, 
2025,06,CAJAMARCA,02,CAJABAMBA,01,CAJABAMBA,32677,06,06,1,2,060242004,2.893038,1,,1,1,1,1,PAPA BLANCA,2612,1,0,040,0,0,0,1,0,0,0, 
2025,06,CAJAMARCA,02,CAJABAMBA,01,CAJABAMBA,32682,01,01,1,2,060244004,27.72628,1,,1,1,3,1,PAPA AMARILLA,2611,1,0,040,0,0,1,0,0,0,0, 
2025,06,CAJAMARCA,02,CAJABAMBA,02,CACHACHI,32689,01,01,1,2,060271003,14.37417,1,,1,1,2,1,GUAYABO,1134,2,0,003,0,0,1,0,0,0,0, 
2025,06,CAJAMARCA,02,CAJABAMBA,02,CACHACHI,32689,08,08,1,2,060271003,83.53568,1,,1,1,1,1,PAPA BLANCA,2612,1,0,125,0,0,1,0,0,0,0, 
2025,06,CAJAMARCA,02,CAJABAMBA,02,CACHACHI,32689,08,08,1,2,060271003,83.53568,1,,1,1,1,2,MAIZ MORADO,2110,1,0,150,0,1,0,0,0,0,0, 
2025,06,CAJAMARCA,02,CAJABAMBA,02,CACHACHI,32689,08,08,1,2,060271003,83.53568,1,,1,1,1,3,ALFALFA,1401,3,0,125,0,1,0,0,0,0,0, 
2025,06,CAJAMARCA,02,CAJABAMBA,02,CACHACHI,32698,03,03,1,2,060232003,14.05595,1,,1,1,2,1,PAPA BLANCA,2612,1,0,040,0,0,1,0,0,1,0, 
2025,06,CAJAMARCA,02,CAJABAMBA,03,CONDEBAMBA,32702,05,05,1,2,060231003,32.70334,1,,1,1,1,1,ALFALFA,1401,3,0,234,0,1,0,0,0,0,0, 
2025,06,CAJAMARCA,02,CAJABAMBA,03,CONDEBAMBA,32705,05,05,1,2,060231002,209.81,1,,1,1,1,1,PAPA BLANCA,2612,1,0,160,0,0,1,0,0,0,0, 
2025,06,CAJAMARCA,02,CAJABAMBA,03,CONDEBAMBA,32706,03,03,1,2,060231003,50.72842,1,,1,1,3,1,TARA,1225,2,0,050,1,0,0,0,0,0,0, 
2025,06,CAJAMARCA,02,CAJABAMBA,03,CONDEBAMBA,32706,07,07,1,2,060231003,68.22713,1,,1,1,3,1,PAPA BLANCA,2612,1,0,070,0,0,1,0,0,0,0, 
2025,06,CAJAMARCA,02,CAJABAMBA,03,CONDEBAMBA,32709,02,02,1,2,060234003,34.0485,1,,1,1,1,1,PAPA AMARILLA,2611,1,0,100,0,0,0,0,0,1,0, 
2025,06,CAJAMARCA,02,CAJABAMBA,03,CONDEBAMBA,32709,07,07,1,2,060234003,62.02908,1,,1,1,3,1,TRIGO,2113,1,0,050,0,0,1,0,0,0,0, 
2025,06,CAJAMARCA,02,CAJABAMBA,04,SITACOCHA,32710,04,04,1,2,060231003,.1738913,1,,1,1,2,1,LENTEJA,2944,1,0,250,0,0,1,0,0,1,0, 
2025,06,CAJAMARCA,02,CAJABAMBA,04,SITACOCHA,32710,06,06,1,2,060231003,35.67184,1,,1,1,1,1,ZANAHORIA,2344,1,0,200,0,0,1,0,0,0,0, 
2025,06,CAJAMARCA,02,CAJABAMBA,04,SITACOCHA,32716,01,01,1,2,060231004,150.4523,1,,1,1,1,1,PAPA BLANCA,2612,1,0,700,0,0,1,0,0,0,1, 
2025,06,CAJAMARCA,03,CELENDIN,01,CELENDIN,32718,06,06,1,2,060331004,22.37626,1,,1,0,1,1,PAPA BLANCA,2612,1,1,500,0,0,0,1,0,1,0, 
2025,06,CAJAMARCA,03,CELENDIN,01,CELENDIN,32719,04,04,1,2,060332002,34.28088,1,,1,1,2,1,ARVEJA,2901,1,0,010,1,0,0,0,0,0,0, 
2025,06,CAJAMARCA,03,CELENDIN,01,CELENDIN,32719,04,04,1,2,060332002,34.28088,1,,1,1,2,2,MAIZ AMILACEO,2108,1,0,100,1,0,0,0,0,0,0, 
2025,06,CAJAMARCA,03,CELENDIN,02,CHUMUCH,32727,01,01,1,2,060331003,608.5966,1,,1,1,3,1,TRIGO,2113,1,1,200,0,0,1,0,0,0,0, 
2025,06,CAJAMARCA,03,CELENDIN,02,CHUMUCH,32727,03,03,1,2,060331003,302.9486,1,,1,1,1,1,PAPA BLANCA,2612,1,0,500,0,0,1,0,0,0,0, 
2025,06,CAJAMARCA,03,CELENDIN,02,CHUMUCH,32728,02,02,1,2,060374003,131.1034,1,,1,1,4,1,NARANJO,1156,2,0,020,0,0,0,0,0,1,0, 
2025,06,CAJAMARCA,03,CELENDIN,02,CHUMUCH,32728,02,02,1,2,060374003,131.1034,1,,1,1,4,2,MANGO,1147,2,0,020,0,0,0,0,0,1,0, 
2025,06,CAJAMARCA,03,CELENDIN,02,CHUMUCH,32728,02,02,1,2,060374003,131.1034,1,,1,1,4,3,COCOTERO,1128,2,0,010,0,0,0,0,0,1,0, 
2025,06,CAJAMARCA,03,CELENDIN,02,CHUMUCH,32728,02,02,1,2,060374003,131.1034,1,,1,1,4,4,PLATANO,1171,3,0,050,0,0,0,0,0,1,0, 
2025,06,CAJAMARCA,03,CELENDIN,02,CHUMUCH,32728,02,02,1,2,060374003,131.1034,1,,1,1,4,5,PALTO,1162,2,0,030,0,0,0,0,0,1,0, 
2025,06,CAJAMARCA,03,CELENDIN,06,JOSE GALVEZ,32749,03,03,1,2,060331004,18.7482,1,,1,1,1,1,PAPA AMARILLA,2611,1,0,100,0,0,1,0,0,0,0, 
2025,06,CAJAMARCA,03,CELENDIN,09,SOROCHUCO,32759,05,05,1,2,060331003,22.78401,1,,1,1,2,1,PAPA BLANCA,2612,1,0,050,0,0,0,1,0,1,0, 
2025,06,CAJAMARCA,03,CELENDIN,10,SUCRE,32764,01,01,1,2,060333002,26.5713,1,,1,1,1,1,MAIZ AMILACEO,2108,1,0,030,0,0,1,0,0,0,0, 
2025,06,CAJAMARCA,03,CELENDIN,12,LA LIBERTAD DE PALLAN,32774,01,01,1,2,060333003,5.751652,1,,1,1,2,1,PAPA BLANCA,2612,1,0,200,0,0,0,1,0,0,0, 
2025,06,CAJAMARCA,03,CELENDIN,12,LA LIBERTAD DE PALLAN,32776,01,01,1,2,060331003,13.32238,1,,1,1,2,1,MAIZ AMARILLO DURO,2107,1,0,500,0,0,0,0,0,0,1, 
2025,06,CAJAMARCA,03,CELENDIN,12,LA LIBERTAD DE PALLAN,32779,02,02,1,2,060332004,14.98294,1,,1,1,1,1,PAPA BLANCA,2612,1,0,100,0,0,0,1,0,0,0, 
2025,06,CAJAMARCA,04,CHOTA,01,CHOTA,32784,01,01,1,2,060442002,.88994,1,,1,1,1,1,ARVEJA,2901,1,0,100,0,0,0,1,0,0,0, 
2025,06,CAJAMARCA,04,CHOTA,01,CHOTA,32784,01,01,1,2,060442002,.88994,1,,1,1,3,1,PAPA BLANCA,2612,1,0,150,0,0,0,1,0,0,0, 
2025,06,CAJAMARCA,04,CHOTA,01,CHOTA,32784,02,02,1,2,060442002,2.784853,1,,1,1,1,1,PAPA BLANCA,2612,1,0,120,0,0,0,1,0,1,0, 
2025,06,CAJAMARCA,04,CHOTA,01,CHOTA,32785,03,03,1,2,060432003,37.82003,1,,1,1,3,1,PAPA AMARILLA,2611,1,0,225,0,0,0,1,0,0,0, 
2025,06,CAJAMARCA,04,CHOTA,01,CHOTA,32785,03,03,1,2,060432003,37.82003,1,,1,1,3,2,OLLUCO,2609,1,0,100,0,0,0,1,0,0,0, 
2025,06,CAJAMARCA,04,CHOTA,01,CHOTA,32785,10,10,1,2,060432003,4.542796,1,,1,1,1,1,PAPA BLANCA,2612,1,0,100,0,0,0,1,0,0,0, 
2025,06,CAJAMARCA,04,CHOTA,01,CHOTA,32787,03,03,1,2,060441002,.1229892,1,,1,0,2,1,OCA,2608,1,0,100,0,0,0,0,0,0,1, 
2025,06,CAJAMARCA,04,CHOTA,01,CHOTA,32787,03,03,1,2,060441002,.1229892,1,,1,0,2,2,PAPA BLANCA,2612,1,0,050,0,0,1,0,0,0,0, 
2025,06,CAJAMARCA,04,CHOTA,01,CHOTA,32787,04,04,1,2,060441002,.2480496,1,,1,1,1,1,PAPA BLANCA,2612,1,0,030,0,0,0,1,0,1,0, 
2025,06,CAJAMARCA,04,CHOTA,01,CHOTA,32787,05,05,1,2,060441002,1.299308,1,,1,1,1,1,OCA,2608,1,0,120,0,0,0,0,0,0,1, 
2025,06,CAJAMARCA,04,CHOTA,01,CHOTA,32788,01,01,1,2,060441003,11.11668,1,,1,1,1,1,TRIGO,2113,1,0,050,0,0,0,1,0,0,0, 
2025,06,CAJAMARCA,04,CHOTA,01,CHOTA,32788,04,04,1,2,060441003,15.19956,1,,1,1,2,1,PAPA BLANCA,2612,1,0,150,0,0,1,1,0,0,0, 
2025,06,CAJAMARCA,04,CHOTA,01,CHOTA,32788,04,04,1,2,060441003,15.19956,1,,1,1,2,2,PAPA AMARILLA,2611,1,0,100,0,0,1,1,0,0,0, 
2025,06,CAJAMARCA,04,CHOTA,01,CHOTA,32790,04,04,1,2,060432002,103.2445,1,,1,1,1,1,MAIZ AMILACEO,2108,1,0,060,0,0,0,0,0,0,1, 
2025,06,CAJAMARCA,04,CHOTA,01,CHOTA,32793,04,04,1,2,060442003,1.113122,1,,1,1,1,1,PAPA BLANCA,2612,1,0,100,0,0,0,1,0,0,0, 
2025,06,CAJAMARCA,04,CHOTA,07,COCHABAMBA,32803,02,02,1,3,060471003,34.46526,1,,1,1,1,1,ARVEJA,2901,1,0,100,0,0,0,0,0,1,0, 
2025,06,CAJAMARCA,04,CHOTA,07,COCHABAMBA,32804,04,04,1,2,060471004,4.97348,1,,1,1,1,1,MAIZ AMILACEO,2108,1,0,300,0,0,0,0,0,1,1, 
2025,06,CAJAMARCA,04,CHOTA,07,COCHABAMBA,32804,06,06,1,2,060471004,7.425366,1,,1,1,2,1,ARVEJA,2901,1,1,000,0,0,0,1,1,0,0, 
2025,06,CAJAMARCA,04,CHOTA,07,COCHABAMBA,32806,04,04,1,2,060431003,525.9664,1,,1,1,1,1,MAIZ AMILACEO,2108,1,0,394,0,0,1,0,0,0,0, 
2025,06,CAJAMARCA,04,CHOTA,08,CONCHAN,32808,02,02,1,2,060432003,489.7971,1,,1,1,2,1,PAPA AMARILLA,2611,1,0,300,0,0,0,1,0,0,0, 
2025,06,CAJAMARCA,04,CHOTA,08,CONCHAN,32808,03,03,1,2,060432003,4.927204,1,,1,1,2,1,PAPA AMARILLA,2611,1,0,175,0,0,0,1,0,0,0, 
2025,06,CAJAMARCA,04,CHOTA,08,CONCHAN,32808,06,06,1,2,060432003,1.126542,1,,1,1,1,1,PAPA AMARILLA,2611,1,0,050,1,0,0,0,0,0,0, 
2025,06,CAJAMARCA,04,CHOTA,08,CONCHAN,32809,03,03,1,2,060432002,436.6422,1,,1,1,2,1,MAIZ AMILACEO,2108,1,0,150,0,0,0,0,0,0,1, 
2025,06,CAJAMARCA,04,CHOTA,09,HUAMBOS,32816,01,01,1,2,060433005,.9546705,1,,1,1,2,1,MAIZ AMARILLO DURO,2107,1,0,100,0,0,0,0,0,1,0, 
2025,06,CAJAMARCA,04,CHOTA,09,HUAMBOS,32816,01,01,1,2,060433005,.9546705,1,,1,1,2,2,FRIJOL BAYO,2906,1,0,070,0,0,0,0,0,1,0, 
2025,06,CAJAMARCA,04,CHOTA,09,HUAMBOS,32816,03,03,1,2,060433005,3.987126,1,,1,1,1,1,FRIJOL BAYO,2906,1,0,218,0,1,0,0,0,0,0, 
2025,06,CAJAMARCA,04,CHOTA,09,HUAMBOS,32816,03,03,1,2,060433005,3.987126,1,,1,1,1,2,ARVEJA,2901,1,0,200,0,1,0,0,0,0,0, 
2025,06,CAJAMARCA,04,CHOTA,09,HUAMBOS,32816,05,05,1,2,060433005,.0183949,1,,1,1,1,1,MAIZ AMARILLO DURO,2107,1,0,420,0,0,0,0,0,1,0, 
2025,06,CAJAMARCA,04,CHOTA,09,HUAMBOS,32816,05,05,1,2,060433005,.0183949,1,,1,1,3,1,MAIZ AMILACEO,2108,1,0,340,0,0,0,0,0,1,0, 
2025,06,CAJAMARCA,04,CHOTA,11,LLAMA,32831,01,01,1,1,060421004,.5181003,1,,1,1,1,1,PASTO ELEFANTE,1424,3,0,200,0,1,0,0,0,0,0, 
2025,06,CAJAMARCA,04,CHOTA,12,MIRACOSTA,32837,01,01,1,1,060423005,5.110996,1,,1,1,1,1,FRIJOL BAYO,2906,1,0,500,0,0,1,0,0,0,0, 
2025,06,CAJAMARCA,04,CHOTA,12,MIRACOSTA,32837,01,01,1,1,060423005,5.110996,1,,1,1,1,2,MAIZ AMARILLO DURO,2107,1,0,500,0,0,1,0,0,0,0, 
2025,06,CAJAMARCA,04,CHOTA,12,MIRACOSTA,32839,01,01,1,1,060422003,139.1778,1,,1,1,2,1,MAIZ AMARILLO DURO,2107,1,3,800,0,0,1,0,0,1,0, 
2025,06,CAJAMARCA,04,CHOTA,12,MIRACOSTA,32840,03,03,1,2,060432003,512.0786,1,,1,1,2,1,PAPA BLANCA,2612,1,0,050,0,0,0,1,0,0,0, 
2025,06,CAJAMARCA,04,CHOTA,13,PACCHA,32842,01,01,1,2,060472002,4034.981,1,,1,1,1,1,LIMON DULCE,1141,2,0,010,0,0,1,0,0,0,0, 
2025,06,CAJAMARCA,04,CHOTA,15,QUEROCOTO,32849,03,03,1,2,060431003,65.19054,1,,1,1,1,1,MAIZ AMARILLO DURO,2107,1,0,051,0,1,0,0,0,0,1, 
2025,06,CAJAMARCA,04,CHOTA,15,QUEROCOTO,32849,08,08,1,2,060431003,100.1055,1,,1,1,1,1,ARVEJA,2901,1,0,100,0,0,0,0,0,1,0, 
2025,06,CAJAMARCA,04,CHOTA,16,SAN JUAN DE LICUPIS,32855,01,01,1,2,060432003,226.2147,1,,1,1,1,1,ARVEJA,2901,1,0,010,0,1,0,0,0,0,0, 
2025,06,CAJAMARCA,04,CHOTA,16,SAN JUAN DE LICUPIS,32855,01,01,1,2,060432003,226.2147,1,,1,1,1,2,HABA,2942,1,0,020,0,1,0,0,0,0,0, 
2025,06,CAJAMARCA,04,CHOTA,16,SAN JUAN DE LICUPIS,32856,04,04,1,1,060423004,6.856188,1,,1,1,1,1,CHIRIMOYO,1121,2,0,020,0,1,0,0,0,0,0, 
2025,06,CAJAMARCA,04,CHOTA,16,SAN JUAN DE LICUPIS,32856,04,04,1,1,060423004,6.856188,1,,1,1,3,1,FRIJOL PANAMITO,2929,1,0,250,0,0,0,0,0,1,0, 
2025,06,CAJAMARCA,04,CHOTA,16,SAN JUAN DE LICUPIS,32856,06,06,1,1,060423004,9.356961,1,,1,1,2,1,ARVEJA,2901,1,0,200,0,0,1,0,0,0,0, 
2025,06,CAJAMARCA,04,CHOTA,18,TOCMOCHE,32863,02,02,1,1,060422003,217.7898,1,,1,1,1,1,MAIZ AMILACEO,2108,1,0,500,0,1,0,0,0,0,0, 
2025,06,CAJAMARCA,04,CHOTA,19,CHALAMARCA,32864,03,03,1,2,060431003,67.50201,1,,1,1,2,1,PAPA BLANCA,2612,1,0,200,0,0,0,1,0,0,0, 
2025,06,CAJAMARCA,04,CHOTA,19,CHALAMARCA,32864,03,03,1,2,060431003,67.50201,1,,1,1,2,2,OLLUCO,2609,1,0,200,0,0,0,1,0,0,0, 
2025,06,CAJAMARCA,04,CHOTA,19,CHALAMARCA,32864,04,04,1,2,060431003,4.865405,1,,1,1,3,1,PAPA BLANCA,2612,1,0,200,0,0,0,1,0,0,0, 
2025,06,CAJAMARCA,04,CHOTA,19,CHALAMARCA,32864,04,04,1,2,060431003,4.865405,1,,1,1,2,1,PAPA BLANCA,2612,1,0,700,0,0,0,1,0,0,0, 
2025,06,CAJAMARCA,04,CHOTA,19,CHALAMARCA,32864,04,04,1,2,060431003,4.865405,1,,1,1,3,2,OLLUCO,2609,1,0,150,0,0,0,1,0,0,0, 
2025,06,CAJAMARCA,04,CHOTA,19,CHALAMARCA,32865,01,01,1,2,060432002,299.6479,1,,1,1,2,1,MAIZ CHOCLO,2109,1,0,120,0,0,0,0,0,0,1, 
2025,06,CAJAMARCA,05,CONTUMAZA,01,CONTUMAZA,32870,02,02,1,2,060531002,7.025357,1,,1,1,1,1,PAPA BLANCA,2612,1,0,150,0,0,1,0,0,0,0, 
2025,06,CAJAMARCA,05,CONTUMAZA,01,CONTUMAZA,32870,02,02,1,2,060531002,7.025357,1,,1,1,2,1,PAPA BLANCA,2612,1,0,100,0,0,0,0,0,1,0, 
2025,06,CAJAMARCA,05,CONTUMAZA,06,SANTA CRUZ DE TOLED,32889,02,02,1,2,060532004,2.190602,1,,1,1,2,1,TRIGO,2113,1,0,500,0,0,0,0,0,1,0, 
2025,06,CAJAMARCA,06,CUTERVO,01,CUTERVO,32901,01,01,1,2,060631003,81.87177,1,,1,1,1,1,FRIJOL PINTO,2930,1,0,040,0,0,0,0,1,0,0, 
2025,06,CAJAMARCA,06,CUTERVO,01,CUTERVO,32901,02,02,1,2,060631003,67.13497,1,,1,1,1,1,PAPA BLANCA,2612,1,0,500,0,0,1,0,0,0,0, 
2025,06,CAJAMARCA,06,CUTERVO,01,CUTERVO,32901,02,02,1,2,060631003,67.13497,1,,1,1,1,2,MAIZ AMILACEO,2108,1,0,150,0,0,0,0,0,1,0, 
2025,06,CAJAMARCA,06,CUTERVO,01,CUTERVO,32901,04,04,1,2,060631003,365.2007,1,,1,1,1,1,MAIZ AMILACEO,2108,1,0,200,0,0,0,0,1,0,1, 
2025,06,CAJAMARCA,06,CUTERVO,01,CUTERVO,32901,04,04,1,2,060631003,365.2007,1,,1,1,1,2,ARVEJA,2901,1,0,050,0,0,0,0,1,0,0, 
2025,06,CAJAMARCA,06,CUTERVO,01,CUTERVO,32904,01,01,1,2,060631002,9.563726,1,,1,1,1,1,PAPA BLANCA,2612,1,0,250,0,0,1,0,0,0,0, 
2025,06,CAJAMARCA,06,CUTERVO,02,CALLAYUC,32912,01,01,1,2,060671003,55.41474,1,,1,1,1,1,NARANJO,1156,2,0,005,0,0,1,0,0,0,0, 
2025,06,CAJAMARCA,06,CUTERVO,02,CALLAYUC,32918,01,01,1,3,060672004,139.7014,1,,1,1,1,1,GUAYABO,1134,2,0,170,0,0,1,0,0,0,0, 
2025,06,CAJAMARCA,06,CUTERVO,02,CALLAYUC,32918,01,01,1,3,060672004,139.7014,1,,1,1,1,2,NARANJO,1156,2,0,010,0,0,1,0,0,0,0, 
2025,06,CAJAMARCA,06,CUTERVO,02,CALLAYUC,32918,03,03,1,3,060672004,74.84756,1,,1,1,1,1,GUAYABO,1134,2,0,003,0,0,1,0,0,0,0, 
2025,06,CAJAMARCA,06,CUTERVO,02,CALLAYUC,32918,03,03,1,3,060672004,74.84756,1,,1,1,1,2,NARANJO,1156,2,0,001,0,0,1,0,0,0,0, 
2025,06,CAJAMARCA,06,CUTERVO,02,CALLAYUC,32918,03,03,1,3,060672004,74.84756,1,,1,1,1,3,PACAE,1159,2,0,050,0,0,1,0,0,0,0, 
2025,06,CAJAMARCA,06,CUTERVO,02,CALLAYUC,32918,03,03,1,3,060672004,74.84756,1,,1,1,1,4,LIMA,1139,2,0,001,0,0,1,0,0,0,0, 
2025,06,CAJAMARCA,06,CUTERVO,02,CALLAYUC,32918,03,03,1,3,060672004,74.84756,1,,1,1,1,5,LIMON DULCE,1141,2,0,001,0,0,1,0,0,0,0, 
2025,06,CAJAMARCA,06,CUTERVO,02,CALLAYUC,32918,05,05,1,3,060672004,11.8961,1,,1,1,2,1,PACAE,1159,2,0,030,0,0,1,0,0,0,0, 
2025,06,CAJAMARCA,06,CUTERVO,05,LA RAMADA,32922,01,01,1,2,060632003,71.16044,1,,1,1,2,1,PAPA BLANCA,2612,1,0,250,0,0,0,0,0,1,0, 
2025,06,CAJAMARCA,06,CUTERVO,05,LA RAMADA,32922,06,06,1,2,060632003,426.1304,1,,1,1,3,1,PAPA BLANCA,2612,1,0,200,0,0,0,1,0,1,0, 
2025,06,CAJAMARCA,06,CUTERVO,06,PIMPINGOS,32924,01,01,1,3,060672003,1291.854,1,,1,1,1,1,PLATANO,1171,3,1,930,0,0,0,0,0,1,0, 
2025,06,CAJAMARCA,06,CUTERVO,07,QUEROCOTILLO,32935,02,02,1,3,060681002,.6083618,1,,1,1,3,1,SANDIA,2209,1,1,000,0,0,0,0,0,1,0, 
2025,06,CAJAMARCA,06,CUTERVO,08,SAN ANDRES DE CUTERVO,32936,03,03,1,2,060672003,22.34637,1,,1,1,2,1,MAIZ AMILACEO,2108,1,0,100,1,0,0,0,0,0,0, 
2025,06,CAJAMARCA,06,CUTERVO,08,SAN ANDRES DE CUTERVO,32936,03,03,1,2,060672003,22.34637,1,,1,1,2,2,FRIJOL BLANCO,2907,1,0,050,1,0,0,0,0,0,0, 
2025,06,CAJAMARCA,06,CUTERVO,13,SANTO TOMAS,32944,01,01,1,3,060673003,296.0959,1,,1,1,1,1,YUCA,2620,1,0,060,0,0,0,0,0,1,0, 
2025,06,CAJAMARCA,06,CUTERVO,14,SOCOTA,32952,01,01,1,2,060672003,114.7245,1,,1,1,1,1,FRIJOL BLANCO,2907,1,0,050,0,0,1,0,0,1,0, 
2025,06,CAJAMARCA,07,HUALGAYOC,01,BAMBAMARCA,32962,01,01,1,2,060773003,1.129302,1,,1,1,1,1,NARANJO,1156,2,0,050,0,0,1,0,0,0,0, 
2025,06,CAJAMARCA,07,HUALGAYOC,01,BAMBAMARCA,32962,02,02,1,2,060773003,6.292813,1,,1,1,1,1,CAFE PERGAMINO,1203,2,0,146,0,0,1,0,0,0,0, 
2025,06,CAJAMARCA,07,HUALGAYOC,01,BAMBAMARCA,32963,02,02,1,2,060771002,1.152386,1,,1,1,3,1,PAPA BLANCA,2612,1,0,030,0,0,1,0,0,1,0, 
2025,06,CAJAMARCA,07,HUALGAYOC,01,BAMBAMARCA,32978,02,02,1,2,060731003,52.99271,1,,1,1,4,1,OCA,2608,1,0,050,0,0,1,0,0,0,0, 
2025,06,CAJAMARCA,07,HUALGAYOC,01,BAMBAMARCA,32978,02,02,1,2,060731003,52.99271,1,,1,1,4,2,OLLUCO,2609,1,0,050,0,0,1,0,0,0,0, 
2025,06,CAJAMARCA,07,HUALGAYOC,03,HUALGAYOC,32995,01,01,1,2,060734003,9.85778,1,,1,1,2,1,PAPA BLANCA,2612,1,0,010,0,0,1,0,0,0,0, 
2025,06,CAJAMARCA,07,HUALGAYOC,03,HUALGAYOC,32995,03,03,1,2,060734003,26.5518,1,,1,1,2,1,MAIZ CHOCLO,2109,1,0,030,0,0,1,0,0,0,0, 
2025,06,CAJAMARCA,07,HUALGAYOC,03,HUALGAYOC,33000,01,01,1,2,060741003,.5384144,1,,1,1,1,1,PAPA COLOR,2613,1,0,250,0,0,0,1,0,1,0, 
2025,06,CAJAMARCA,08,JAEN,01,JAEN,33011,01,01,1,3,060883003,52.50119,1,,1,1,2,1,LIMON ACIDO,1140,3,1,400,0,0,0,0,0,1,0, 
2025,06,CAJAMARCA,08,JAEN,02,BELLAVISTA,33021,02,02,1,3,060891003,2.176082,1,,1,1,1,1,PLATANO,1171,3,0,100,0,0,0,0,0,0,1, 
2025,06,CAJAMARCA,08,JAEN,02,BELLAVISTA,33021,05,05,1,3,060891003,56.55396,1,,1,1,4,1,YUCA,2620,1,3,000,0,0,0,0,0,1,0, 
2025,06,CAJAMARCA,08,JAEN,02,BELLAVISTA,33021,05,05,1,3,060891003,56.55396,1,,1,1,1,1,PALTO,1162,2,0,005,0,1,1,0,0,0,0, 
2025,06,CAJAMARCA,08,JAEN,02,BELLAVISTA,33021,05,05,1,3,060891003,56.55396,1,,1,1,2,1,COCOTERO,1128,2,0,004,0,0,0,0,0,0,1, 
2025,06,CAJAMARCA,08,JAEN,02,BELLAVISTA,33021,05,05,1,3,060891003,56.55396,1,,1,1,2,2,LIMON ACIDO,1140,3,0,007,0,0,0,0,0,0,1, 
2025,06,CAJAMARCA,08,JAEN,02,BELLAVISTA,33021,05,05,1,3,060891003,56.55396,1,,1,1,1,2,MANGO,1147,2,0,006,0,1,1,0,0,0,0, 
2025,06,CAJAMARCA,08,JAEN,02,BELLAVISTA,33021,05,05,1,3,060891003,56.55396,1,,1,1,1,3,MANDARINA,1146,2,0,002,0,1,1,0,0,0,0, 
2025,06,CAJAMARCA,08,JAEN,02,BELLAVISTA,33026,01,01,1,3,060893002,1.097339,1,,1,1,1,1,MELON,2206,1,1,000,0,1,0,0,0,0,0, 
2025,06,CAJAMARCA,08,JAEN,03,CHONTALI,33033,01,01,1,3,060871003,167.0044,1,,1,1,2,1,CAFE PERGAMINO,1203,2,2,000,0,0,0,0,0,0,1, 
2025,06,CAJAMARCA,08,JAEN,04,COLASAY,33043,03,03,1,2,060871003,3.533236,1,,1,1,2,1,CAFE PERGAMINO,1203,2,1,000,0,0,1,0,0,1,0, 
2025,06,CAJAMARCA,08,JAEN,07,POMAHUACA,33050,02,02,1,3,060872003,52.67136,1,,1,1,1,1,MAIZ AMARILLO DURO,2107,1,1,000,0,0,1,0,0,1,0, 
2025,06,CAJAMARCA,08,JAEN,09,SALLIQUE,33066,01,01,1,3,060821003,135.1433,1,,1,1,1,1,LIMA,1139,2,0,080,1,0,0,0,0,0,0, 
2025,06,CAJAMARCA,08,JAEN,09,SALLIQUE,33066,01,01,1,3,060821003,135.1433,1,,1,1,1,2,CAFE PERGAMINO,1203,2,0,100,1,0,0,0,0,0,0, 
2025,06,CAJAMARCA,08,JAEN,09,SALLIQUE,33066,03,03,1,3,060821003,627.6143,1,,1,0,1,1,MAIZ AMILACEO,2108,1,0,200,0,0,0,0,0,0,1, 
2025,06,CAJAMARCA,08,JAEN,09,SALLIQUE,33066,03,03,1,3,060821003,627.6143,1,,1,0,2,1,CIRUELA AGRIA,1125,2,0,005,1,0,0,0,0,0,0, 
2025,06,CAJAMARCA,08,JAEN,09,SALLIQUE,33073,01,01,1,2,060823004,284.5754,1,,1,1,2,1,MAIZ AMILACEO,2108,1,0,050,0,0,0,0,0,0,1, 
2025,06,CAJAMARCA,08,JAEN,09,SALLIQUE,33073,01,01,1,2,060823004,284.5754,1,,1,1,1,1,MAIZ AMILACEO,2108,1,0,100,0,0,0,0,0,1,1, 
2025,06,CAJAMARCA,08,JAEN,09,SALLIQUE,33073,01,01,1,2,060823004,284.5754,1,,1,1,1,2,MAIZ AMARILLO DURO,2107,1,0,100,0,0,0,0,0,1,1, 
2025,06,CAJAMARCA,08,JAEN,09,SALLIQUE,33073,01,01,1,2,060823004,284.5754,1,,1,1,2,2,FRIJOL PINTO,2930,1,0,050,0,0,0,0,0,0,1, 
2025,06,CAJAMARCA,08,JAEN,09,SALLIQUE,33073,01,01,1,2,060823004,284.5754,1,,1,1,1,3,FRIJOL PINTO,2930,1,0,200,0,0,0,0,0,1,1, 
2025,06,CAJAMARCA,08,JAEN,09,SALLIQUE,33073,03,03,1,2,060823004,182.6775,1,,1,1,1,1,MAIZ AMARILLO DURO,2107,1,0,150,0,0,0,0,0,0,1, 
2025,06,CAJAMARCA,08,JAEN,09,SALLIQUE,33073,08,08,1,2,060823004,191.0406,1,,1,1,1,1,CAFE PERGAMINO,1203,2,0,250,0,0,0,0,0,1,0, 
2025,06,CAJAMARCA,08,JAEN,09,SALLIQUE,33073,08,08,1,2,060823004,191.0406,1,,1,1,1,2,MAIZ AMILACEO,2108,1,0,250,0,0,0,0,0,1,0, 
2025,06,CAJAMARCA,08,JAEN,09,SALLIQUE,33073,08,08,1,2,060823004,191.0406,1,,1,1,1,3,FRIJOL PINTO,2930,1,0,250,0,0,0,0,0,1,0, 
2025,06,CAJAMARCA,08,JAEN,09,SALLIQUE,33076,02,02,1,2,060821003,1953.299,1,,1,1,1,1,MAIZ AMILACEO,2108,1,0,450,1,0,1,0,0,0,0, 
2025,06,CAJAMARCA,08,JAEN,09,SALLIQUE,33076,03,03,1,2,060821003,295.9535,1,,1,1,1,1,MAIZ AMILACEO,2108,1,0,225,0,0,0,0,0,0,1, 
2025,06,CAJAMARCA,08,JAEN,09,SALLIQUE,33076,03,03,1,2,060821003,295.9535,1,,1,1,1,2,FRIJOL PINTO,2930,1,0,225,0,0,0,0,0,0,1, 
2025,06,CAJAMARCA,08,JAEN,09,SALLIQUE,33076,04,04,1,2,060821003,23.96421,1,,1,1,3,1,MAIZ AMARILLO DURO,2107,1,0,250,0,0,0,0,0,1,0, 
2025,06,CAJAMARCA,08,JAEN,09,SALLIQUE,33076,06,06,1,2,060821003,136.3023,1,,1,1,1,1,FRIJOL PINTO,2930,1,1,750,0,0,0,0,0,0,1, 
2025,06,CAJAMARCA,08,JAEN,10,SAN FELIPE,33077,01,01,1,2,060822003,77.92087,1,,1,1,2,1,MAIZ AMARILLO DURO,2107,1,1,000,0,0,1,0,0,1,0, 
2025,06,CAJAMARCA,08,JAEN,11,SAN JOSE DEL ALTO,33085,03,03,1,3,060872003,29.20591,1,,1,0,3,1,CAFE PERGAMINO,1203,2,0,500,0,0,0,0,0,0,1, 
2025,06,CAJAMARCA,08,JAEN,12,SANTA ROSA,33096,01,01,1,3,060882003,195.0846,1,,1,1,3,1,PASTO GRAMA CHILENA,1432,3,3,000,1,0,0,0,0,0,0, 
2025,06,CAJAMARCA,09,SAN IGNACIO,01,SAN IGNACIO,33101,05,05,1,3,060972004,9.269418,1,,1,1,1,1,CAFE PERGAMINO,1203,2,0,250,0,0,1,0,0,1,0, 
2025,06,CAJAMARCA,09,SAN IGNACIO,01,SAN IGNACIO,33101,06,06,1,3,060972004,26.68939,1,,1,0,1,1,PIÑA,2208,1,1,000,0,0,0,0,0,1,0, 
2025,06,CAJAMARCA,09,SAN IGNACIO,01,SAN IGNACIO,33101,06,06,1,3,060972004,26.68939,1,,1,0,2,1,CAFE PERGAMINO,1203,2,1,000,0,0,0,0,0,1,0, 
2025,06,CAJAMARCA,09,SAN IGNACIO,01,SAN IGNACIO,33101,07,07,1,3,060972004,85.60328,1,,1,1,3,1,CAFE PERGAMINO,1203,2,1,000,0,0,0,0,0,1,0, 
2025,06,CAJAMARCA,09,SAN IGNACIO,01,SAN IGNACIO,33101,09,09,1,3,060972004,104.0106,1,,1,1,1,1,CAFE PERGAMINO,1203,2,1,000,0,0,0,0,0,1,0, 
2025,06,CAJAMARCA,09,SAN IGNACIO,02,CHIRINOS,33106,06,06,1,3,060971003,68.92834,1,,1,1,1,1,CAFE PERGAMINO,1203,2,0,001,0,0,0,0,0,1,0, 
2025,06,CAJAMARCA,09,SAN IGNACIO,02,CHIRINOS,33110,08,08,1,3,060971003,66.52681,1,,1,1,2,1,MAIZ AMARILLO DURO,2107,1,1,500,0,0,0,0,0,1,0, 
2025,06,CAJAMARCA,09,SAN IGNACIO,02,CHIRINOS,33110,08,08,1,3,060971003,66.52681,1,,1,1,2,2,CAFE PERGAMINO,1203,2,0,500,0,0,0,0,0,1,0, 
2025,06,CAJAMARCA,09,SAN IGNACIO,03,HUARANGO,33116,02,02,1,3,060981003,71.27293,1,,1,1,2,1,MAIZ AMARILLO DURO,2107,1,0,500,0,0,0,0,0,1,0, 
2025,06,CAJAMARCA,09,SAN IGNACIO,03,HUARANGO,33116,04,04,1,3,060981003,12.33893,1,,1,1,2,1,MAIZ AMARILLO DURO,2107,1,1,000,0,0,0,0,0,1,0, 
2025,06,CAJAMARCA,09,SAN IGNACIO,03,HUARANGO,33117,02,02,1,3,060981003,.7569249,1,,1,1,3,1,CAFE PERGAMINO,1203,2,0,500,0,0,1,0,0,1,0, 
2025,06,CAJAMARCA,09,SAN IGNACIO,03,HUARANGO,33117,02,02,1,3,060981003,.7569249,1,,1,1,2,1,CAFE PERGAMINO,1203,2,0,500,0,0,1,0,0,1,0, 
2025,06,CAJAMARCA,09,SAN IGNACIO,06,SAN JOSE DE LOURDES,33150,01,01,1,3,060982003,144.972,1,,1,0,2,1,CAFE PERGAMINO,1203,2,1,000,0,0,1,0,0,0,0, 
2025,06,CAJAMARCA,10,SAN MARCOS,01,PEDRO GALVEZ,33177,06,06,1,2,061042003,23.09367,1,,1,1,3,1,AJO,2303,1,0,040,0,0,1,0,0,0,0, 
2025,06,CAJAMARCA,10,SAN MARCOS,02,CHANCAY,33179,01,01,1,2,061032002,63.90123,1,,1,1,1,1,MAIZ AMILACEO,2108,1,0,278,0,0,0,0,0,1,0, 
2025,06,CAJAMARCA,10,SAN MARCOS,02,CHANCAY,33179,01,01,1,2,061032002,63.90123,1,,1,1,4,1,MAIZ AMILACEO,2108,1,0,250,0,0,0,0,0,1,0, 
2025,06,CAJAMARCA,10,SAN MARCOS,02,CHANCAY,33179,01,01,1,2,061032002,63.90123,1,,1,1,1,2,FRIJOL BLANCO,2907,1,0,030,0,0,0,0,0,1,0, 
2025,06,CAJAMARCA,10,SAN MARCOS,02,CHANCAY,33179,02,02,1,2,061032002,173.7812,1,,1,1,2,1,MAIZ AMILACEO,2108,1,0,125,0,0,0,0,0,1,0, 
2025,06,CAJAMARCA,10,SAN MARCOS,02,CHANCAY,33179,02,02,1,2,061032002,173.7812,1,,1,1,1,1,MAIZ AMILACEO,2108,1,0,330,0,0,0,0,0,1,0, 
2025,06,CAJAMARCA,10,SAN MARCOS,02,CHANCAY,33179,02,02,1,2,061032002,173.7812,1,,1,1,2,2,TRIGO,2113,1,0,125,0,0,0,0,0,1,0, 
2025,06,CAJAMARCA,10,SAN MARCOS,02,CHANCAY,33179,02,02,1,2,061032002,173.7812,1,,1,1,1,2,FRIJOL BLANCO,2907,1,0,006,0,0,0,0,0,1,0, 
2025,06,CAJAMARCA,10,SAN MARCOS,02,CHANCAY,33179,02,02,1,2,061032002,173.7812,1,,1,1,1,3,ALFALFA,1401,3,0,050,0,0,0,0,0,1,0, 
2025,06,CAJAMARCA,10,SAN MARCOS,02,CHANCAY,33179,05,05,1,2,061032002,110.4465,1,,1,1,1,1,MAIZ AMILACEO,2108,1,0,040,0,0,0,0,0,1,0, 
2025,06,CAJAMARCA,10,SAN MARCOS,02,CHANCAY,33179,05,05,1,2,061032002,110.4465,1,,1,1,2,1,MAIZ AMILACEO,2108,1,0,050,0,0,0,0,0,1,0, 
2025,06,CAJAMARCA,10,SAN MARCOS,02,CHANCAY,33179,06,06,1,2,061032002,98.01813,1,,1,1,1,1,MAIZ AMILACEO,2108,1,0,160,0,0,0,0,0,1,0, 
2025,06,CAJAMARCA,10,SAN MARCOS,02,CHANCAY,33179,07,07,1,2,061032002,83.02108,1,,1,1,1,1,CEBADA GRANO,2104,1,0,121,0,0,0,0,0,1,0, 
2025,06,CAJAMARCA,10,SAN MARCOS,03,EDUARDO VILLANUEVA,33181,09,09,1,2,061071004,.0087775,1,,1,1,4,1,ALFALFA,1401,3,0,500,0,1,0,0,0,0,0, 
2025,06,CAJAMARCA,10,SAN MARCOS,04,GREGORIO PITA,33184,07,07,1,2,061043003,12.41319,1,,1,1,1,1,PAPA BLANCA,2612,1,0,190,0,0,1,0,0,1,0, 
2025,06,CAJAMARCA,10,SAN MARCOS,05,ICHOCAN,33187,01,01,1,2,061034004,126.2082,1,,1,1,3,1,MAIZ AMILACEO,2108,1,0,250,0,0,0,0,0,1,0, 
2025,06,CAJAMARCA,10,SAN MARCOS,05,ICHOCAN,33187,01,01,1,2,061034004,126.2082,1,,1,1,6,1,TRIGO,2113,1,0,500,0,0,0,0,0,1,0, 
2025,06,CAJAMARCA,10,SAN MARCOS,05,ICHOCAN,33187,01,01,1,2,061034004,126.2082,1,,1,1,1,1,TRIGO,2113,1,0,800,0,0,0,0,0,1,0, 
2025,06,CAJAMARCA,10,SAN MARCOS,05,ICHOCAN,33187,01,01,1,2,061034004,126.2082,1,,1,1,5,1,MAIZ MORADO,2110,1,0,250,0,0,0,0,0,1,0, 
2025,06,CAJAMARCA,10,SAN MARCOS,05,ICHOCAN,33187,01,01,1,2,061034004,126.2082,1,,1,1,2,1,MAIZ AMILACEO,2108,1,0,240,0,0,0,0,0,1,0, 
2025,06,CAJAMARCA,10,SAN MARCOS,05,ICHOCAN,33187,01,01,1,2,061034004,126.2082,1,,1,1,1,2,CEBADA GRANO,2104,1,0,400,0,0,0,0,0,1,0, 
2025,06,CAJAMARCA,10,SAN MARCOS,05,ICHOCAN,33187,01,01,1,2,061034004,126.2082,1,,1,1,2,2,FRIJOL CABALLERO,2908,1,0,010,0,0,0,0,0,1,0, 
2025,06,CAJAMARCA,10,SAN MARCOS,05,ICHOCAN,33187,04,04,1,2,061034004,276.7707,1,,1,1,1,1,TRIGO,2113,1,0,500,0,0,0,0,0,1,0, 
2025,06,CAJAMARCA,10,SAN MARCOS,07,JOSE SABOGAL,33201,02,02,1,2,061072003,.5763094,1,,1,1,3,1,MAIZ AMILACEO,2108,1,0,500,1,0,0,0,0,0,0, 
2025,06,CAJAMARCA,11,SAN MIGUEL,01,SAN MIGUEL,33206,03,03,1,2,061131003,9.649518,1,,1,1,2,1,PAPA BLANCA,2612,1,0,060,0,0,1,0,0,1,0, 
2025,06,CAJAMARCA,11,SAN MIGUEL,01,SAN MIGUEL,33206,06,06,1,2,061131003,.0246138,1,,1,1,2,1,MAIZ AMILACEO,2108,1,0,120,0,0,1,0,0,1,0, 
2025,06,CAJAMARCA,11,SAN MIGUEL,01,SAN MIGUEL,33207,01,01,1,2,061131003,84.45573,1,,1,1,3,1,PAPA BLANCA,2612,1,0,080,0,0,1,0,0,1,0, 
2025,06,CAJAMARCA,11,SAN MIGUEL,01,SAN MIGUEL,33207,01,01,1,2,061131003,84.45573,1,,1,1,2,1,FRIJOL BLANCO,2907,1,0,040,0,0,1,0,0,1,0, 
2025,06,CAJAMARCA,11,SAN MIGUEL,01,SAN MIGUEL,33209,01,01,1,2,061132003,29.6564,1,,1,1,2,1,PAPA BLANCA,2612,1,0,100,0,0,1,0,0,0,0, 
2025,06,CAJAMARCA,11,SAN MIGUEL,01,SAN MIGUEL,33211,01,01,1,1,061123002,31.25815,1,,1,1,3,1,PAPA BLANCA,2612,1,0,100,0,0,1,0,0,0,0, 
2025,06,CAJAMARCA,11,SAN MIGUEL,01,SAN MIGUEL,33211,02,02,1,1,061123002,4.50663,1,,1,1,2,1,PAPA BLANCA,2612,1,0,050,0,0,1,0,0,0,0, 
2025,06,CAJAMARCA,11,SAN MIGUEL,07,LLAPA,33225,01,01,1,2,061131003,107.5258,1,,1,1,1,1,PAPA BLANCA,2612,1,0,043,0,0,1,0,0,0,1, 
2025,06,CAJAMARCA,11,SAN MIGUEL,07,LLAPA,33225,02,02,1,2,061131003,76.03103,1,,1,1,1,1,PAPA BLANCA,2612,1,0,045,0,0,0,0,1,0,0, 
2025,06,CAJAMARCA,11,SAN MIGUEL,07,LLAPA,33225,02,02,1,2,061131003,76.03103,1,,1,1,1,2,TRIGO,2113,1,0,045,0,0,0,0,1,0,0, 
2025,06,CAJAMARCA,11,SAN MIGUEL,07,LLAPA,33226,01,01,1,2,061141003,29.05795,1,,1,1,1,1,OCA,2608,1,0,250,0,0,0,1,0,0,0, 
2025,06,CAJAMARCA,11,SAN MIGUEL,07,LLAPA,33226,01,01,1,2,061141003,29.05795,1,,1,1,1,2,PAPA BLANCA,2612,1,0,040,0,0,0,1,0,0,0, 
2025,06,CAJAMARCA,11,SAN MIGUEL,07,LLAPA,33226,01,01,1,2,061141003,29.05795,1,,1,1,1,3,OLLUCO,2609,1,0,040,0,0,0,1,0,0,0, 
2025,06,CAJAMARCA,11,SAN MIGUEL,07,LLAPA,33229,04,04,1,2,061134004,1291.059,1,,1,1,2,1,RYE GRASS,1476,3,0,100,1,0,0,0,0,0,0, 
2025,06,CAJAMARCA,11,SAN MIGUEL,07,LLAPA,33229,04,04,1,2,061134004,1291.059,1,,1,1,2,2,TREBOL,1477,3,0,030,1,0,0,0,0,0,0, 
2025,06,CAJAMARCA,11,SAN MIGUEL,07,LLAPA,33229,04,04,1,2,061134004,1291.059,1,,1,1,2,3,PASTO DACTYLIS,1422,3,0,020,1,0,0,0,0,0,0, 
2025,06,CAJAMARCA,11,SAN MIGUEL,07,LLAPA,33232,02,02,1,2,061142005,4.505703,1,,1,1,3,1,PAPA AMARILLA,2611,1,0,050,0,0,0,1,0,0,0, 
2025,06,CAJAMARCA,11,SAN MIGUEL,11,SAN SILVESTRE DE COCHAN,33248,01,01,1,2,061142004,1.032061,1,,1,1,1,1,PAPA BLANCA,2612,1,0,250,0,0,0,1,0,0,0, 
2025,06,CAJAMARCA,11,SAN MIGUEL,11,SAN SILVESTRE DE COCHAN,33248,02,02,1,2,061142004,.2303508,1,,1,1,2,1,HABA,2942,1,0,250,0,0,0,1,0,0,0, 
2025,06,CAJAMARCA,11,SAN MIGUEL,12,TONGOD,33255,04,04,1,2,061131003,103.1116,1,,1,1,1,1,FRIJOL BLANCO,2907,1,0,030,0,0,1,0,1,0,0, 
2025,06,CAJAMARCA,11,SAN MIGUEL,13,UNION AGUA BLANCA,33259,03,03,1,1,061121002,187.7797,1,,1,1,2,1,MAIZ AMARILLO DURO,2107,1,0,635,0,0,0,0,0,0,1, 
2025,06,CAJAMARCA,12,SAN PABLO,01,SAN PABLO,33261,01,01,1,2,061221004,.2028797,1,,1,1,1,1,MAIZ AMILACEO,2108,1,0,450,1,1,0,0,0,0,0, 
2025,06,CAJAMARCA,12,SAN PABLO,01,SAN PABLO,33261,01,01,1,2,061221004,.2028797,1,,1,1,1,2,FRIJOL PINTO,2930,1,0,100,1,1,0,0,0,0,0, 
2025,06,CAJAMARCA,12,SAN PABLO,01,SAN PABLO,33261,01,01,1,2,061221004,.2028797,1,,1,1,1,3,TRIGO,2113,1,0,060,1,1,0,0,0,0,0, 
2025,06,CAJAMARCA,12,SAN PABLO,01,SAN PABLO,33261,04,04,1,2,061221004,3.496773,1,,1,1,1,1,MAIZ AMILACEO,2108,1,0,060,0,0,0,1,0,1,0, 
2025,06,CAJAMARCA,12,SAN PABLO,01,SAN PABLO,33261,04,04,1,2,061221004,3.496773,1,,1,1,1,2,FRIJOL PINTO,2930,1,0,020,0,0,0,1,0,1,0, 
2025,06,CAJAMARCA,12,SAN PABLO,01,SAN PABLO,33261,07,07,1,2,061221004,6.806391,1,,1,1,1,1,MAIZ AMILACEO,2108,1,0,150,0,0,0,1,0,1,0, 
2025,06,CAJAMARCA,12,SAN PABLO,01,SAN PABLO,33261,07,07,1,2,061221004,6.806391,1,,1,1,3,1,MAIZ AMILACEO,2108,1,0,150,0,0,0,1,0,1,0, 
2025,06,CAJAMARCA,12,SAN PABLO,01,SAN PABLO,33261,07,07,1,2,061221004,6.806391,1,,1,1,1,2,FRIJOL PINTO,2930,1,0,050,0,0,0,1,0,1,0, 
2025,06,CAJAMARCA,12,SAN PABLO,01,SAN PABLO,33261,07,07,1,2,061221004,6.806391,1,,1,1,1,3,PAPA BLANCA,2612,1,0,100,0,0,0,1,0,1,0, 
2025,06,CAJAMARCA,12,SAN PABLO,01,SAN PABLO,33262,02,02,1,2,061231003,44.95293,1,,1,1,1,1,ARVEJA,2901,1,0,120,0,0,0,0,0,1,0, 
2025,06,CAJAMARCA,12,SAN PABLO,01,SAN PABLO,33262,03,03,1,2,061231003,339.2662,1,,1,1,2,1,ARVEJA,2901,1,0,080,0,0,1,0,0,1,0, 
2025,06,CAJAMARCA,12,SAN PABLO,01,SAN PABLO,33264,01,01,1,2,061222003,158.6786,1,,1,0,2,1,ARVEJA,2901,1,0,060,0,0,1,0,0,1,0, 
2025,06,CAJAMARCA,12,SAN PABLO,01,SAN PABLO,33264,01,01,1,2,061222003,158.6786,1,,1,0,1,1,ARVEJA,2901,1,0,160,0,0,1,1,0,1,0, 
2025,06,CAJAMARCA,12,SAN PABLO,01,SAN PABLO,33264,02,02,1,2,061222003,167.3115,1,,1,1,2,1,ARVEJA,2901,1,0,250,0,0,0,1,0,1,0, 
2025,06,CAJAMARCA,12,SAN PABLO,01,SAN PABLO,33264,02,02,1,2,061222003,167.3115,1,,1,1,1,1,MAIZ AMILACEO,2108,1,0,070,0,0,1,0,0,1,0, 
2025,06,CAJAMARCA,12,SAN PABLO,01,SAN PABLO,33264,03,03,1,2,061222003,534.9352,1,,1,1,1,1,MAIZ AMILACEO,2108,1,0,200,0,0,0,1,0,1,0, 
2025,06,CAJAMARCA,12,SAN PABLO,01,SAN PABLO,33264,04,04,1,2,061222003,247.6994,1,,1,1,1,1,MAIZ AMILACEO,2108,1,0,080,0,0,1,0,0,1,0, 
2025,06,CAJAMARCA,12,SAN PABLO,01,SAN PABLO,33265,06,06,1,1,061221003,138.9758,1,,1,1,1,1,MAIZ AMILACEO,2108,1,0,030,1,0,0,0,0,0,0, 
2025,06,CAJAMARCA,12,SAN PABLO,02,SAN BERNARDINO,33269,06,06,1,2,061223003,14.68883,1,,1,1,1,1,MAIZ AMILACEO,2108,1,0,100,0,0,1,0,0,0,0, 
2025,06,CAJAMARCA,12,SAN PABLO,02,SAN BERNARDINO,33270,01,01,1,1,061224003,.4542371,1,,1,1,1,1,MAIZ AMILACEO,2108,1,1,000,0,0,0,0,0,1,0, 
2025,06,CAJAMARCA,12,SAN PABLO,02,SAN BERNARDINO,33270,01,01,1,1,061224003,.4542371,1,,1,1,1,2,FRIJOL PANAMITO,2929,1,1,000,0,0,0,0,0,1,0, 
2025,06,CAJAMARCA,12,SAN PABLO,02,SAN BERNARDINO,33272,08,08,1,1,061223004,6.131329,1,,1,1,2,1,FRIJOL BAYO,2906,1,0,100,0,0,1,0,0,0,0, 
2025,06,CAJAMARCA,12,SAN PABLO,02,SAN BERNARDINO,33272,10,10,1,1,061223004,26.34595,1,,1,1,1,1,PAPA BLANCA,2612,1,0,300,0,0,1,0,0,0,0, 
2025,06,CAJAMARCA,12,SAN PABLO,02,SAN BERNARDINO,33273,02,02,1,1,061222004,51.62113,1,,1,1,1,1,FRIJOL PANAMITO,2929,1,0,200,0,1,0,0,0,0,1, 
2025,06,CAJAMARCA,12,SAN PABLO,02,SAN BERNARDINO,33273,02,02,1,1,061222004,51.62113,1,,1,1,1,2,MAIZ MORADO,2110,1,0,100,0,1,0,0,0,0,1, 
2025,06,CAJAMARCA,12,SAN PABLO,04,TUMBADEN,33279,02,02,1,2,061243002,.0167422,1,,1,1,2,1,PASTO DACTYLIS,1422,3,0,200,0,0,0,0,0,0,1, 
2025,06,CAJAMARCA,12,SAN PABLO,04,TUMBADEN,33279,02,02,1,2,061243002,.0167422,1,,1,1,2,2,RYE GRASS,1476,3,0,200,0,0,0,0,0,0,1, 
2025,06,CAJAMARCA,12,SAN PABLO,04,TUMBADEN,33279,02,02,1,2,061243002,.0167422,1,,1,1,2,3,PASTO NATURAL MANEJADO,1487,3,0,200,0,0,0,0,0,0,1, 
2025,06,CAJAMARCA,13,SANTA CRUZ,03,CATACHE,33296,01,01,1,2,061333004,97.21561,1,,1,1,1,1,ARVEJA,2901,1,0,500,0,0,0,0,0,1,0, 
2025,06,CAJAMARCA,13,SANTA CRUZ,03,CATACHE,33297,10,10,1,1,061312004,7.408817,1,,1,1,1,1,CAÑA GUAYAQUIL,1303,2,0,034,0,0,0,0,0,1,0, 
2025,06,CAJAMARCA,13,SANTA CRUZ,03,CATACHE,33302,02,02,1,2,061332004,.7694101,1,,1,1,1,1,OLLUCO,2609,1,0,060,0,0,1,0,0,0,0, 
2025,06,CAJAMARCA,13,SANTA CRUZ,04,CHANCAYBAÑOS,33306,01,01,1,1,061321002,30.29792,1,,1,1,1,1,ARVEJA,2901,1,0,082,0,0,0,0,0,1,0, 
2025,06,CAJAMARCA,13,SANTA CRUZ,04,CHANCAYBAÑOS,33306,02,02,1,1,061321002,34.92768,1,,1,1,2,1,CHIRIMOYO,1121,2,0,009,0,0,1,0,0,0,0, 
2025,06,CAJAMARCA,13,SANTA CRUZ,04,CHANCAYBAÑOS,33306,02,02,1,1,061321002,34.92768,1,,1,1,3,1,PAPA BLANCA,2612,1,0,200,0,1,0,0,0,0,0, 
2025,06,CAJAMARCA,13,SANTA CRUZ,04,CHANCAYBAÑOS,33306,02,02,1,1,061321002,34.92768,1,,1,1,2,2,PACAE,1159,2,0,005,0,0,1,0,0,0,0, 
2025,06,CAJAMARCA,13,SANTA CRUZ,04,CHANCAYBAÑOS,33306,02,02,1,1,061321002,34.92768,1,,1,1,2,3,NARANJO,1156,2,0,009,0,0,1,0,0,0,0, 
2025,06,CAJAMARCA,13,SANTA CRUZ,04,CHANCAYBAÑOS,33307,03,03,1,1,061321004,8.540367,1,,1,1,1,1,FRIJOL TODA LA VIDA,2952,1,0,500,0,0,1,0,0,0,0, 
2025,06,CAJAMARCA,13,SANTA CRUZ,04,CHANCAYBAÑOS,33307,04,04,1,1,061321004,13.14059,1,,1,1,2,1,MAIZ AMARILLO DURO,2107,1,0,200,0,0,1,0,0,1,0, 
2025,06,CAJAMARCA,13,SANTA CRUZ,04,CHANCAYBAÑOS,33307,04,04,1,1,061321004,13.14059,1,,1,1,1,1,MAIZ AMARILLO DURO,2107,1,0,150,1,0,1,0,0,1,0, 
2025,06,CAJAMARCA,13,SANTA CRUZ,04,CHANCAYBAÑOS,33307,04,04,1,1,061321004,13.14059,1,,1,1,2,2,FRIJOL BLANCO,2907,1,0,150,0,0,1,0,0,1,0, 
2025,06,CAJAMARCA,13,SANTA CRUZ,04,CHANCAYBAÑOS,33307,06,06,1,1,061321004,15.27388,1,,1,1,2,1,YUCA,2620,1,0,250,0,0,1,0,0,1,1, 
2025,06,CAJAMARCA,13,SANTA CRUZ,04,CHANCAYBAÑOS,33307,06,06,1,1,061321004,15.27388,1,,1,1,1,1,MAIZ AMARILLO DURO,2107,1,0,250,0,0,1,0,0,1,0, 
2025,06,CAJAMARCA,13,SANTA CRUZ,04,CHANCAYBAÑOS,33307,06,06,1,1,061321004,15.27388,1,,1,1,1,2,YUCA,2620,1,0,350,0,1,1,0,0,0,0, 
2025,06,CAJAMARCA,13,SANTA CRUZ,04,CHANCAYBAÑOS,33307,07,07,1,1,061321004,7.710498,1,,1,1,1,1,YUCA,2620,1,0,350,1,0,1,0,0,1,0, 
2025,06,CAJAMARCA,13,SANTA CRUZ,04,CHANCAYBAÑOS,33307,07,07,1,1,061321004,7.710498,1,,1,1,1,2,MAIZ AMILACEO,2108,1,0,250,1,0,1,0,0,1,0, 
2025,06,CAJAMARCA,13,SANTA CRUZ,04,CHANCAYBAÑOS,33307,07,07,1,1,061321004,7.710498,1,,1,1,1,3,MAIZ AMARILLO DURO,2107,1,0,320,1,0,1,0,0,1,0, 
2025,06,CAJAMARCA,13,SANTA CRUZ,04,CHANCAYBAÑOS,33307,08,08,1,1,061321004,.0186193,1,,1,1,2,1,MAIZ AMILACEO,2108,1,0,150,0,0,1,0,0,1,0, 
2025,06,CAJAMARCA,13,SANTA CRUZ,04,CHANCAYBAÑOS,33307,09,09,1,1,061321004,.0648171,1,,1,1,1,1,MAIZ AMILACEO,2108,1,2,000,0,0,1,0,0,1,0, 
2025,06,CAJAMARCA,13,SANTA CRUZ,04,CHANCAYBAÑOS,33307,09,09,1,1,061321004,.0648171,1,,1,1,1,2,ARVEJON,2902,1,0,500,0,1,0,0,0,0,0, 
2025,06,CAJAMARCA,13,SANTA CRUZ,04,CHANCAYBAÑOS,33308,02,02,1,2,061322004,12.07508,1,,1,1,2,1,PASTO KIKUYO,1438,3,0,250,1,0,0,0,0,0,0, 
2025,06,CAJAMARCA,13,SANTA CRUZ,04,CHANCAYBAÑOS,33308,02,02,1,2,061322004,12.07508,1,,1,1,1,1,PASTO GRAMA DULCE,1433,3,0,100,1,0,0,0,0,0,0, 
2025,06,CAJAMARCA,13,SANTA CRUZ,05,LA ESPERANZA,33312,02,02,1,2,061332002,13.43949,1,,1,1,1,1,CAÑA DE AZUCAR PARA ALCOHOL,2807,1,0,250,0,0,0,0,0,0,1, 
2025,06,CAJAMARCA,13,SANTA CRUZ,07,PULAN,33316,04,04,1,2,061323002,22.80624,1,,1,1,4,1,PAPA BLANCA,2612,1,0,030,0,0,1,0,0,0,1, 
2025,06,CAJAMARCA,13,SANTA CRUZ,07,PULAN,33316,04,04,1,2,061323002,22.80624,1,,1,1,4,2,MAIZ CHOCLO,2109,1,0,018,0,0,1,0,0,0,0, 
2025,06,CAJAMARCA,13,SANTA CRUZ,08,SAUCEPAMPA,33321,01,01,1,2,061321003,105.7917,1,,1,1,1,1,ARRACACHA,2602,1,0,050,0,0,0,0,0,1,1, 
2025,06,CAJAMARCA,13,SANTA CRUZ,08,SAUCEPAMPA,33321,01,01,1,2,061321003,105.7917,1,,1,1,1,2,PAPA BLANCA,2612,1,0,020,0,0,0,0,0,1,0, 
2025,06,CAJAMARCA,13,SANTA CRUZ,10,UTICYACU,33323,01,01,1,1,061322003,229.4724,1,,1,1,1,1,MAIZ AMILACEO,2108,1,0,150,0,0,0,0,0,1,0, 
2025,06,CAJAMARCA,13,SANTA CRUZ,11,YAUYUCAN,33325,04,04,1,2,061332003,45.21563,1,,1,1,1,1,PAPA AMARILLA,2611,1,0,130,0,0,1,0,0,1,0, 
2025,08,CUSCO,01,CUSCO,02,CCORCA,33333,02,02,1,2,080142005,432.1131,1,,1,1,7,1,AVENA FORRAJERA,2701,1,3500,000,0,1,1,0,1,0,0, 
2025,08,CUSCO,01,CUSCO,05,SAN SEBASTIAN,33343,01,01,1,2,080141002,4.723127,1,,1,0,3,1,QUINUA,2111,1,300,000,0,0,1,0,0,0,0, 
2025,08,CUSCO,02,ACOMAYO,02,ACOPIA,33348,01,01,1,2,080242002,46.54733,1,,1,1,4,1,MAIZ AMILACEO,2108,1,500,000,0,0,1,0,0,0,0, 
2025,08,CUSCO,02,ACOMAYO,02,ACOPIA,33349,03,03,1,2,080242002,5.690096,1,,1,1,6,1,MAIZ AMILACEO,2108,1,500,000,0,0,1,0,0,0,0, 
2025,08,CUSCO,02,ACOMAYO,02,ACOPIA,33349,04,04,1,2,080242002,52.67597,1,,1,0,7,1,ARVEJA,2901,1,500,000,0,0,0,0,1,1,0, 
2025,08,CUSCO,02,ACOMAYO,02,ACOPIA,33349,04,04,1,2,080242002,52.67597,1,,1,0,6,1,HABA,2942,1,800,000,0,0,0,1,1,0,0, 
2025,08,CUSCO,02,ACOMAYO,02,ACOPIA,33349,06,06,1,2,080242002,19.27736,1,,1,1,6,1,MAIZ AMILACEO,2108,1,800,000,0,0,1,1,0,0,0, 
2025,08,CUSCO,02,ACOMAYO,03,ACOS,33350,03,03,1,2,080242004,.951287,1,,1,1,14,1,CEBADA GRANO,2104,1,1000,000,0,0,1,1,0,1,0, 
2025,08,CUSCO,02,ACOMAYO,03,ACOS,33355,02,02,1,2,080252002,8.687415,1,,1,1,4,1,OCA,2608,1,500,000,0,0,1,0,0,1,0, 
2025,08,CUSCO,02,ACOMAYO,03,ACOS,33355,02,02,1,2,080252002,8.687415,1,,1,1,4,2,OLLUCO,2609,1,500,000,0,0,1,0,0,1,0, 
2025,08,CUSCO,02,ACOMAYO,04,MOSOC LLACTA,33357,04,04,1,2,080242002,29.16413,1,,1,1,2,1,TRIGO,2113,1,500,000,0,0,1,0,0,0,0, 
2025,08,CUSCO,02,ACOMAYO,04,MOSOC LLACTA,33358,01,01,1,2,080242002,35.71553,1,,1,1,2,1,MAIZ AMILACEO,2108,1,1200,000,0,0,1,1,0,0,0, 
2025,08,CUSCO,02,ACOMAYO,04,MOSOC LLACTA,33358,02,02,1,2,080242002,66.56318,1,,1,1,2,1,PAPA BLANCA,2612,1,1000,000,0,0,1,0,0,0,0, 
2025,08,CUSCO,02,ACOMAYO,05,POMACANCHI,33362,09,09,1,2,080241003,.8514768,1,,1,1,7,1,CEBADA GRANO,2104,1,500,000,0,0,1,1,1,0,0, 
2025,08,CUSCO,02,ACOMAYO,06,RONDOCAN,33374,03,03,1,2,080233002,5.483235,1,,1,1,12,1,HABA,2942,1,500,000,0,0,1,1,1,0,0, 
2025,08,CUSCO,02,ACOMAYO,07,SANGARARA,33378,03,03,1,2,080241002,13.09019,1,,1,1,11,1,PAPA BLANCA,2612,1,500,000,0,0,0,1,1,0,0, 
2025,08,CUSCO,02,ACOMAYO,07,SANGARARA,33378,03,03,1,2,080241002,13.09019,1,,1,1,4,1,TRIGO,2113,1,500,000,0,0,1,0,0,0,0, 
2025,08,CUSCO,02,ACOMAYO,07,SANGARARA,33381,04,04,1,2,080242005,27.72729,1,,1,1,6,1,MAIZ AMILACEO,2108,1,300,000,0,0,0,1,0,0,0, 
2025,08,CUSCO,03,ANTA,01,ANTA,33383,01,01,1,2,080331002,295.719,1,,1,1,5,1,PAPA BLANCA,2612,1,0,250,0,0,0,0,0,1,0, 
2025,08,CUSCO,03,ANTA,01,ANTA,33383,04,04,1,2,080331002,40.54382,1,,1,1,1,1,MAIZ AMILACEO,2108,1,1,300,0,0,0,0,0,1,0, 
2025,08,CUSCO,03,ANTA,01,ANTA,33383,07,07,1,2,080331002,15.85639,1,,1,1,1,1,MAIZ AMILACEO,2108,1,520,000,0,0,0,0,0,1,0, 
2025,08,CUSCO,03,ANTA,01,ANTA,33383,07,07,1,2,080331002,15.85639,1,,1,1,2,1,MAIZ AMILACEO,2108,1,2200,000,0,0,0,0,0,1,0, 
2025,08,CUSCO,03,ANTA,01,ANTA,33384,01,01,1,2,080333002,49.39245,1,,1,1,4,1,QUINUA,2111,1,1000,000,0,0,0,0,1,0,0, 
2025,08,CUSCO,03,ANTA,01,ANTA,33384,01,01,1,2,080333002,49.39245,1,,1,1,2,1,QUINUA,2111,1,1000,000,0,0,0,0,1,0,0, 
2025,08,CUSCO,03,ANTA,01,ANTA,33384,03,03,1,2,080333002,818.0145,1,,1,1,2,1,AVENA GRANO,2102,1,400,000,0,0,0,0,1,0,0, 
2025,08,CUSCO,03,ANTA,01,ANTA,33384,04,04,1,2,080333002,9.185567,1,,1,1,11,1,MAIZ AMILACEO,2108,1,300,000,0,0,0,0,1,0,0, 
2025,08,CUSCO,03,ANTA,01,ANTA,33391,06,06,1,2,080341002,155.9843,1,,1,0,4,1,QUINUA,2111,1,0,800,0,0,0,1,0,0,0, 
2025,08,CUSCO,03,ANTA,01,ANTA,33392,04,04,1,2,080331002,18.86996,1,,1,1,1,1,MAIZ AMILACEO,2108,1,500,000,0,0,1,0,1,0,0, 
2025,08,CUSCO,03,ANTA,01,ANTA,33394,08,08,1,2,080341002,7.06749,1,,1,1,3,1,HABA,2942,1,0,020,0,1,0,0,0,0,0, 
2025,08,CUSCO,03,ANTA,01,ANTA,33394,08,08,1,2,080341002,7.06749,1,,1,1,1,1,QUINUA,2111,1,0,100,0,0,1,0,0,1,0, 
2025,08,CUSCO,03,ANTA,01,ANTA,33396,04,04,1,2,080341002,24.92362,1,,1,1,5,1,QUINUA,2111,1,1,000,0,0,1,1,1,0,1, 
2025,08,CUSCO,03,ANTA,02,ANCAHUASI,33398,01,01,1,2,080331002,55.00776,1,,1,1,3,1,ZANAHORIA,2344,1,3000,000,0,0,0,0,0,0,1, 
2025,08,CUSCO,03,ANTA,02,ANCAHUASI,33398,01,01,1,2,080331002,55.00776,1,,1,1,6,1,ZANAHORIA,2344,1,2000,000,0,0,0,0,0,0,1, 
2025,08,CUSCO,03,ANTA,02,ANCAHUASI,33398,01,01,1,2,080331002,55.00776,1,,1,1,4,1,ZANAHORIA,2344,1,2800,000,0,0,0,0,0,0,1, 
2025,08,CUSCO,03,ANTA,02,ANCAHUASI,33398,01,01,1,2,080331002,55.00776,1,,1,1,5,1,ZANAHORIA,2344,1,2500,000,0,0,0,0,0,0,1, 
2025,08,CUSCO,03,ANTA,02,ANCAHUASI,33398,01,01,1,2,080331002,55.00776,1,,1,1,7,1,ZANAHORIA,2344,1,1500,000,0,0,0,0,0,0,1, 
2025,08,CUSCO,03,ANTA,02,ANCAHUASI,33398,01,01,1,2,080331002,55.00776,1,,1,1,2,1,ZANAHORIA,2344,1,3500,000,0,0,0,0,0,0,1, 
2025,08,CUSCO,03,ANTA,02,ANCAHUASI,33398,03,03,1,2,080331002,109.323,1,,1,1,2,1,ZANAHORIA,2344,1,350,000,0,1,0,0,0,0,0, 
2025,08,CUSCO,03,ANTA,02,ANCAHUASI,33398,03,03,1,2,080331002,109.323,1,,1,1,1,1,ZANAHORIA,2344,1,3897,000,0,0,0,0,0,0,1, 
2025,08,CUSCO,03,ANTA,02,ANCAHUASI,33398,05,05,1,2,080331002,59.7577,1,,1,1,5,1,MAIZ AMILACEO,2108,1,1000,000,0,1,0,0,0,0,0, 
2025,08,CUSCO,03,ANTA,02,ANCAHUASI,33398,05,05,1,2,080331002,59.7577,1,,1,1,3,1,PAPA BLANCA,2612,1,1000,000,0,1,0,0,0,0,0, 
2025,08,CUSCO,03,ANTA,03,CACHIMAYO,33406,02,02,1,2,080341003,7.679077,1,,1,1,18,1,HABA,2942,1,0,112,0,0,0,1,1,1,0, 
2025,08,CUSCO,03,ANTA,03,CACHIMAYO,33406,02,02,1,2,080341003,7.679077,1,,1,1,3,1,CEBADA FORRAJERA,2703,1,0,500,0,0,0,1,1,0,0, 
2025,08,CUSCO,03,ANTA,03,CACHIMAYO,33406,04,04,1,2,080341003,1.752127,1,,1,1,1,1,CEBADA GRANO,2104,1,2460,000,0,0,0,1,0,0,0, 
2025,08,CUSCO,03,ANTA,03,CACHIMAYO,33406,05,05,1,2,080341003,4.552335,1,,1,1,5,1,MAIZ AMILACEO,2108,1,300,000,0,0,1,1,0,0,0, 
2025,08,CUSCO,03,ANTA,03,CACHIMAYO,33407,03,03,1,2,080342002,16.36086,1,,1,1,1,1,OLLUCO,2609,1,1000,000,0,0,1,0,0,0,1, 
2025,08,CUSCO,03,ANTA,03,CACHIMAYO,33407,03,03,1,2,080342002,16.36086,1,,1,1,1,2,MASHUA,2606,1,200,000,0,0,1,0,0,0,1, 
2025,08,CUSCO,03,ANTA,04,CHINCHAYPUJIO,33408,01,01,1,2,080342002,1.149619,1,,1,1,3,1,CEBADA GRANO,2104,1,0,100,0,0,1,0,1,0,0, 
2025,08,CUSCO,03,ANTA,04,CHINCHAYPUJIO,33408,01,01,1,2,080342002,1.149619,1,,1,1,3,2,TRIGO,2113,1,0,050,0,0,1,0,1,0,0, 
2025,08,CUSCO,03,ANTA,04,CHINCHAYPUJIO,33410,02,02,1,2,080334003,3.503592,1,,1,1,1,1,MAIZ CHOCLO,2109,1,250,000,0,0,1,0,0,0,0, 
2025,08,CUSCO,03,ANTA,04,CHINCHAYPUJIO,33410,03,03,1,2,080334003,15.19544,1,,1,1,6,1,MAIZ AMILACEO,2108,1,1000,000,0,0,1,0,1,0,0, 
2025,08,CUSCO,03,ANTA,04,CHINCHAYPUJIO,33412,01,01,1,2,080342002,.0819358,1,,1,1,1,1,HABA,2942,1,2000,000,0,0,1,0,1,0,1, 
2025,08,CUSCO,03,ANTA,06,LIMATAMBO,33423,03,03,1,2,080331002,18.24001,1,,1,1,5,1,HABA,2942,1,0,100,0,1,1,0,0,1,0, 
2025,08,CUSCO,03,ANTA,06,LIMATAMBO,33423,04,04,1,2,080331002,10.45944,1,,1,1,4,1,MAIZ AMILACEO,2108,1,0,200,0,0,1,0,1,0,1, 
2025,08,CUSCO,03,ANTA,06,LIMATAMBO,33423,05,05,1,2,080331002,3.801895,1,,1,1,4,1,PALTO,1162,2,0,200,0,0,1,0,0,1,0, 
2025,08,CUSCO,03,ANTA,06,LIMATAMBO,33423,06,06,1,2,080331002,54.14878,1,,1,1,2,1,PAPA NATIVA,2615,1,0,150,0,0,1,0,0,1,0, 
2025,08,CUSCO,03,ANTA,06,LIMATAMBO,33429,02,02,1,2,080332002,29.59582,1,,1,1,1,1,VAINITA,2948,1,0,500,0,0,0,0,0,1,0, 
2025,08,CUSCO,03,ANTA,06,LIMATAMBO,33429,02,02,1,2,080332002,29.59582,1,,1,1,1,2,ZAPALLO,2345,1,0,500,0,0,0,0,0,1,0, 
2025,08,CUSCO,03,ANTA,06,LIMATAMBO,33429,02,02,1,2,080332002,29.59582,1,,1,1,1,3,PALTO,1162,2,0,400,0,0,1,0,0,0,0, 
2025,08,CUSCO,03,ANTA,06,LIMATAMBO,33431,05,05,1,2,080331003,7.023036,1,,1,1,1,1,MAIZ CHOCLO,2109,1,10000,000,0,0,1,0,1,0,1, 
2025,08,CUSCO,03,ANTA,07,MOLLEPATA,33436,01,01,1,2,080342002,360.3441,1,,1,1,2,1,ZAPALLO,2345,1,2,900,0,0,1,0,0,0,1, 
2025,08,CUSCO,03,ANTA,07,MOLLEPATA,33436,01,01,1,2,080342002,360.3441,1,,1,1,3,1,ZAPALLO,2345,1,1,000,0,0,1,0,0,0,1, 
2025,08,CUSCO,04,CALCA,01,CALCA,33440,04,04,1,2,080431002,86.73314,1,,1,1,5,1,HABA,2942,1,900,000,0,0,1,0,0,0,0, 
2025,08,CUSCO,04,CALCA,01,CALCA,33440,07,07,1,2,080431002,4.63341,1,,1,1,1,1,HABA,2942,1,533,843,0,0,1,0,0,0,0, 
2025,08,CUSCO,04,CALCA,04,LARES,33446,02,02,1,2,080433002,18.89098,1,,1,1,1,1,MAIZ AMILACEO,2108,1,1650,000,0,0,0,0,0,1,0, 
2025,08,CUSCO,04,CALCA,04,LARES,33450,04,04,1,2,080433004,6.432426,1,,1,1,5,1,PAPA NATIVA,2615,1,1650,000,0,0,1,1,0,0,0, 
2025,08,CUSCO,04,CALCA,05,PISAC,33452,03,03,1,2,080431003,4.471688,1,,1,1,3,1,MAIZ AMILACEO,2108,1,700,000,0,0,1,0,0,0,0, 
2025,08,CUSCO,04,CALCA,05,PISAC,33452,08,08,1,2,080431003,3.07433,1,,1,1,4,1,ALFALFA,1401,3,825,000,0,0,1,0,0,0,0, 
2025,08,CUSCO,04,CALCA,05,PISAC,33458,07,07,1,2,080441003,5.043083,1,,1,0,3,1,MAIZ AMILACEO,2108,1,150,000,0,0,1,0,1,0,0, 
2025,08,CUSCO,04,CALCA,05,PISAC,33458,07,07,1,2,080441003,5.043083,1,,1,0,4,1,MAIZ AMILACEO,2108,1,600,000,0,0,1,0,1,0,0, 
2025,08,CUSCO,04,CALCA,06,SAN SALVADOR,33461,01,01,1,2,080432005,25.10831,1,,1,1,3,1,MAIZ AMILACEO,2108,1,1000,000,0,0,1,1,1,0,1, 
2025,08,CUSCO,04,CALCA,06,SAN SALVADOR,33461,02,02,1,2,080432005,57.64873,1,,1,1,2,1,MAIZ AMILACEO,2108,1,2500,000,0,0,0,1,1,0,1, 
2025,08,CUSCO,04,CALCA,06,SAN SALVADOR,33463,02,02,1,2,080452002,40.60038,1,,1,1,6,1,PAPA BLANCA,2612,1,1500,000,0,0,1,0,0,0,0, 
2025,08,CUSCO,04,CALCA,06,SAN SALVADOR,33467,01,01,1,2,080453002,181.147,1,,1,1,9,1,HABA,2942,1,200,000,0,0,0,1,1,0,0, 
2025,08,CUSCO,05,CANAS,01,YANAOCA,33472,02,02,1,2,080541002,5.780708,1,,1,1,1,1,PAPA NATIVA,2615,1,1570,000,0,0,0,1,0,0,0, 
2025,08,CUSCO,05,CANAS,01,YANAOCA,33473,04,04,1,2,080552003,.2086242,1,,1,1,3,1,HABA,2942,1,800,000,0,0,0,1,1,0,0, 
2025,08,CUSCO,05,CANAS,01,YANAOCA,33473,04,04,1,2,080552003,.2086242,1,,1,1,10,1,HABA,2942,1,3000,000,0,0,0,1,1,0,0, 
2025,08,CUSCO,05,CANAS,01,YANAOCA,33473,04,04,1,2,080552003,.2086242,1,,1,1,3,2,OLLUCO,2609,1,300,000,0,0,0,1,1,0,0, 
2025,08,CUSCO,05,CANAS,01,YANAOCA,33473,04,04,1,2,080552003,.2086242,1,,1,1,3,3,TARHUI,2947,1,300,000,0,0,0,1,1,0,0, 
2025,08,CUSCO,05,CANAS,01,YANAOCA,33473,04,04,1,2,080552003,.2086242,1,,1,1,3,4,CEBADA GRANO,2104,1,1000,000,0,0,0,1,1,0,0, 
2025,08,CUSCO,05,CANAS,01,YANAOCA,33475,01,01,1,2,080541002,.2348825,1,,1,1,2,1,HABA,2942,1,1000,000,0,0,0,1,1,0,0, 
2025,08,CUSCO,05,CANAS,01,YANAOCA,33475,01,01,1,2,080541002,.2348825,1,,1,1,2,2,PAPA NATIVA,2615,1,2000,000,0,0,0,1,1,0,0, 
2025,08,CUSCO,05,CANAS,01,YANAOCA,33475,02,02,1,2,080541002,49.62506,1,,1,1,2,1,CEBADA GRANO,2104,1,200,000,0,0,0,1,1,0,0, 
2025,08,CUSCO,05,CANAS,01,YANAOCA,33475,04,04,1,2,080541002,2.626151,1,,1,1,2,1,HABA,2942,1,4000,000,0,0,0,1,1,0,0, 
2025,08,CUSCO,05,CANAS,01,YANAOCA,33475,04,04,1,2,080541002,2.626151,1,,1,1,6,1,PAPA NATIVA,2615,1,1500,000,0,0,0,1,1,0,0, 
2025,08,CUSCO,05,CANAS,01,YANAOCA,33475,04,04,1,2,080541002,2.626151,1,,1,1,2,2,PAPA NATIVA,2615,1,15000,000,0,0,0,1,1,0,0, 
2025,08,CUSCO,05,CANAS,01,YANAOCA,33475,04,04,1,2,080541002,2.626151,1,,1,1,2,3,MASHUA,2606,1,300,000,0,0,0,1,1,0,0, 
2025,08,CUSCO,05,CANAS,01,YANAOCA,33475,04,04,1,2,080541002,2.626151,1,,1,1,2,4,OCA,2608,1,300,000,0,0,0,1,1,0,0, 
2025,08,CUSCO,05,CANAS,01,YANAOCA,33477,09,09,1,2,080552004,17.10536,1,,1,1,11,1,ALFALFA,1401,3,0,005,0,0,0,0,0,1,0, 
2025,08,CUSCO,05,CANAS,01,YANAOCA,33477,09,09,1,2,080552004,17.10536,1,,1,1,11,2,RYE GRASS,1476,3,0,005,0,0,0,0,0,1,0, 
2025,08,CUSCO,05,CANAS,02,CHECCA,33479,04,04,1,2,080541003,.9628782,1,,1,1,2,1,PAPA NATIVA,2615,1,0,200,0,0,0,1,1,0,0, 
2025,08,CUSCO,05,CANAS,02,CHECCA,33479,04,04,1,2,080541003,.9628782,1,,1,1,2,2,PAPA HUAYRO,2614,1,0,100,0,0,0,1,1,0,0, 
2025,08,CUSCO,05,CANAS,02,CHECCA,33479,05,05,1,2,080541003,3.411806,1,,1,1,1,1,PAPA NATIVA,2615,1,0,020,0,0,0,1,1,0,0, 
2025,08,CUSCO,05,CANAS,02,CHECCA,33482,02,02,1,2,080544003,17.81985,1,,1,1,3,1,PAPA NATIVA,2615,1,0,040,0,0,0,1,1,0,0, 
2025,08,CUSCO,05,CANAS,02,CHECCA,33482,02,02,1,2,080544003,17.81985,1,,1,1,3,2,CEBADA FORRAJERA,2703,1,0,030,0,0,0,1,1,0,0, 
2025,08,CUSCO,05,CANAS,02,CHECCA,33482,02,02,1,2,080544003,17.81985,1,,1,1,3,3,CAÑIHUA,2103,1,0,020,0,0,0,1,1,0,0, 
2025,08,CUSCO,05,CANAS,03,KUNTURKANKI,33483,01,01,1,2,080542002,4821.79,1,,1,1,4,1,PAPA NATIVA,2615,1,1,500,0,0,1,1,0,0,0, 
2025,08,CUSCO,05,CANAS,03,KUNTURKANKI,33483,01,01,1,2,080542002,4821.79,1,,1,1,4,2,CAÑIHUA,2103,1,0,010,0,0,1,1,0,0,0, 
2025,08,CUSCO,05,CANAS,03,KUNTURKANKI,33483,01,01,1,2,080542002,4821.79,1,,1,1,4,3,QUINUA,2111,1,0,010,0,0,1,1,0,0,0, 
2025,08,CUSCO,05,CANAS,03,KUNTURKANKI,33483,01,01,1,2,080542002,4821.79,1,,1,1,4,4,MASHUA,2606,1,0,010,0,0,1,1,0,0,0, 
2025,08,CUSCO,05,CANAS,03,KUNTURKANKI,33483,01,01,1,2,080542002,4821.79,1,,1,1,4,5,OLLUCO,2609,1,0,010,0,0,1,1,0,0,0, 
2025,08,CUSCO,05,CANAS,04,LANGUI,33486,02,02,1,2,080551003,2.332536,1,,1,1,8,1,CEBADA GRANO,2104,1,100,000,0,0,0,1,1,0,0, 
2025,08,CUSCO,05,CANAS,04,LANGUI,33486,05,05,1,2,080551003,5.126715,1,,1,0,7,1,HABA,2942,1,100,000,0,0,0,1,1,0,0, 
2025,08,CUSCO,05,CANAS,04,LANGUI,33486,05,05,1,2,080551003,5.126715,1,,1,0,6,1,PAPA BLANCA,2612,1,1250,000,0,0,0,1,0,0,0, 
2025,08,CUSCO,05,CANAS,04,LANGUI,33486,07,07,1,2,080551003,3.705791,1,,1,1,2,1,PAPA BLANCA,2612,1,1000,000,0,0,0,1,1,0,0, 
2025,08,CUSCO,05,CANAS,04,LANGUI,33486,08,08,1,2,080551003,.6921486,1,,1,1,3,1,OLLUCO,2609,1,500,000,0,0,0,1,1,0,0, 
2025,08,CUSCO,05,CANAS,04,LANGUI,33486,10,10,1,2,080551003,23.1448,1,,1,1,3,1,PAPA BLANCA,2612,1,2000,000,0,0,0,1,1,1,0, 
2025,08,CUSCO,05,CANAS,05,LAYO,33488,01,01,1,2,080551004,.579032,1,,1,1,2,1,PAPA NATIVA,2615,1,0,320,0,0,1,1,1,1,0, 
2025,08,CUSCO,05,CANAS,05,LAYO,33489,06,06,1,2,080551003,3.478816,1,,1,1,2,1,PAPA NATIVA,2615,1,0,050,0,0,1,1,1,0,0, 
2025,08,CUSCO,05,CANAS,05,LAYO,33489,06,06,1,2,080551003,3.478816,1,,1,1,2,2,PAPA BLANCA,2612,1,0,050,0,0,1,1,1,0,0, 
2025,08,CUSCO,05,CANAS,05,LAYO,33490,01,01,1,2,080551004,1.7822,1,,1,1,1,1,PAPA NATIVA,2615,1,593,000,0,0,1,1,1,1,0, 
2025,08,CUSCO,05,CANAS,05,LAYO,33491,02,02,1,2,080551004,.056833,1,,1,1,3,1,CEBADA GRANO,2104,1,0,250,0,0,0,1,0,0,0, 
2025,08,CUSCO,05,CANAS,05,LAYO,33491,02,02,1,2,080551004,.056833,1,,1,1,3,2,PAPA NATIVA,2615,1,0,250,0,0,0,1,0,0,0, 
2025,08,CUSCO,05,CANAS,05,LAYO,33491,04,04,1,2,080551004,.0432602,1,,1,1,2,1,PAPA NATIVA,2615,1,0,200,0,0,0,1,0,0,0, 
2025,08,CUSCO,05,CANAS,05,LAYO,33495,01,01,1,2,080554005,47.16882,1,,1,1,4,1,PAPA NATIVA,2615,1,0,100,0,0,0,1,0,0,0, 
2025,08,CUSCO,05,CANAS,05,LAYO,33495,01,01,1,2,080554005,47.16882,1,,1,1,2,1,PAPA NATIVA,2615,1,0,100,0,0,0,1,0,0,0, 
2025,08,CUSCO,05,CANAS,05,LAYO,33495,02,02,1,2,080554005,40.40753,1,,1,1,2,1,CAÑIHUA,2103,1,0,020,0,0,1,1,0,0,0, 
2025,08,CUSCO,05,CANAS,05,LAYO,33497,04,04,1,2,080551002,.7678353,1,,1,1,2,1,CEBADA GRANO,2104,1,400,000,0,0,1,1,1,0,0, 
2025,08,CUSCO,05,CANAS,05,LAYO,33497,05,05,1,2,080551002,.201455,1,,1,1,3,1,PAPA NATIVA,2615,1,500,000,0,0,1,1,1,0,0, 
2025,08,CUSCO,05,CANAS,05,LAYO,33497,05,05,1,2,080551002,.201455,1,,1,1,3,2,AVENA FORRAJERA,2701,1,500,000,0,0,1,1,1,0,0, 
2025,08,CUSCO,05,CANAS,08,TUPAC AMARU,33506,02,02,1,2,080541003,15.79647,1,,1,1,2,1,MAIZ AMILACEO,2108,1,0,200,0,0,1,1,1,0,0, 
2025,08,CUSCO,05,CANAS,08,TUPAC AMARU,33506,02,02,1,2,080541003,15.79647,1,,1,1,3,1,CEBADA GRANO,2104,1,0,200,0,0,0,1,1,0,0, 
2025,08,CUSCO,05,CANAS,08,TUPAC AMARU,33506,02,02,1,2,080541003,15.79647,1,,1,1,2,2,TARHUI,2947,1,0,200,0,0,0,1,1,0,0, 
2025,08,CUSCO,05,CANAS,08,TUPAC AMARU,33508,01,01,1,2,080542004,2.582402,1,,1,1,4,1,PAPA NATIVA,2615,1,0,010,0,0,1,0,0,0,0, 
2025,08,CUSCO,05,CANAS,08,TUPAC AMARU,33509,02,02,1,2,080544002,140.8943,1,,1,1,11,1,MAIZ AMILACEO,2108,1,100,000,0,0,0,1,1,0,0, 
2025,08,CUSCO,05,CANAS,08,TUPAC AMARU,33509,02,02,1,2,080544002,140.8943,1,,1,1,12,1,MAIZ AMILACEO,2108,1,150,000,0,0,0,1,1,0,0, 
2025,08,CUSCO,05,CANAS,08,TUPAC AMARU,33510,01,01,1,2,080542003,24.38494,1,,1,1,4,1,HABA,2942,1,500,000,0,0,1,0,0,0,0, 
2025,08,CUSCO,05,CANAS,08,TUPAC AMARU,33510,01,01,1,2,080542003,24.38494,1,,1,1,4,2,MAIZ AMILACEO,2108,1,500,000,0,0,1,0,0,0,0, 
2025,08,CUSCO,05,CANAS,08,TUPAC AMARU,33510,03,03,1,2,080542003,.7747483,1,,1,1,5,1,HABA,2942,1,0,030,0,0,1,1,1,0,0, 
2025,08,CUSCO,05,CANAS,08,TUPAC AMARU,33511,02,02,1,2,080541005,2.760301,1,,1,1,2,1,CEBADA GRANO,2104,1,0,200,0,0,0,1,0,0,1, 
2025,08,CUSCO,05,CANAS,08,TUPAC AMARU,33511,02,02,1,2,080541005,2.760301,1,,1,1,4,1,AVENA FORRAJERA,2701,1,0,200,0,0,0,0,0,0,1, 
2025,08,CUSCO,05,CANAS,08,TUPAC AMARU,33511,09,09,1,2,080541005,1.104356,1,,1,1,6,1,CEBADA GRANO,2104,1,0,100,0,0,0,0,0,0,1, 
2025,08,CUSCO,05,CANAS,08,TUPAC AMARU,33511,09,09,1,2,080541005,1.104356,1,,1,1,6,2,AVENA FORRAJERA,2701,1,0,100,0,0,0,0,0,0,1, 
2025,08,CUSCO,06,CANCHIS,01,SICUANI,33513,01,01,1,2,080641002,69.56083,1,,1,1,1,1,MANZANO,1149,2,12,000,0,0,1,0,0,0,0, 
2025,08,CUSCO,06,CANCHIS,01,SICUANI,33513,05,05,1,2,080641002,33.26359,1,,1,0,1,1,HABA,2942,1,480,000,0,0,0,1,0,0,0, 
2025,08,CUSCO,06,CANCHIS,01,SICUANI,33514,01,01,1,2,080641002,101.8824,1,,1,0,2,1,MAIZ AMILACEO,2108,1,0,120,0,1,0,0,0,0,1, 
2025,08,CUSCO,06,CANCHIS,01,SICUANI,33514,01,01,1,2,080641002,101.8824,1,,1,0,4,1,MAIZ AMILACEO,2108,1,0,100,0,0,0,1,0,0,1, 
2025,08,CUSCO,06,CANCHIS,01,SICUANI,33514,01,01,1,2,080641002,101.8824,1,,1,0,3,1,HABA,2942,1,0,100,0,0,0,1,0,0,1, 
2025,08,CUSCO,06,CANCHIS,01,SICUANI,33514,02,02,1,2,080641002,2.518416,1,,1,1,5,1,MAIZ AMILACEO,2108,1,0,100,0,1,0,0,0,0,1, 
2025,08,CUSCO,06,CANCHIS,01,SICUANI,33514,05,05,1,2,080641002,2.668761,1,,1,1,5,1,MAIZ AMILACEO,2108,1,0,080,0,1,0,1,0,0,0, 
2025,08,CUSCO,06,CANCHIS,01,SICUANI,33514,05,05,1,2,080641002,2.668761,1,,1,1,4,1,MAIZ AMILACEO,2108,1,0,100,0,1,0,1,0,0,0, 
2025,08,CUSCO,06,CANCHIS,01,SICUANI,33514,06,06,1,2,080641002,18.69386,1,,1,1,7,1,MAIZ AMILACEO,2108,1,0,050,0,1,0,0,0,0,1, 
2025,08,CUSCO,06,CANCHIS,01,SICUANI,33514,06,06,1,2,080641002,18.69386,1,,1,1,1,1,MAIZ AMILACEO,2108,1,0,068,0,1,0,1,0,0,0, 
2025,08,CUSCO,06,CANCHIS,01,SICUANI,33514,06,06,1,2,080641002,18.69386,1,,1,1,3,1,MAIZ AMILACEO,2108,1,0,110,0,0,0,1,0,0,1, 
2025,08,CUSCO,06,CANCHIS,01,SICUANI,33514,06,06,1,2,080641002,18.69386,1,,1,1,5,1,MAIZ AMILACEO,2108,1,0,100,0,0,0,1,0,0,1, 
2025,08,CUSCO,06,CANCHIS,01,SICUANI,33514,06,06,1,2,080641002,18.69386,1,,1,1,4,1,MAIZ AMILACEO,2108,1,0,150,0,1,0,1,0,0,0, 
2025,08,CUSCO,06,CANCHIS,01,SICUANI,33514,07,07,1,2,080641002,66.94894,1,,1,1,8,1,MAIZ AMILACEO,2108,1,0,050,0,0,0,1,0,0,1, 
2025,08,CUSCO,06,CANCHIS,01,SICUANI,33514,07,07,1,2,080641002,66.94894,1,,1,1,1,1,MAIZ AMILACEO,2108,1,0,010,0,1,0,0,0,0,0, 
2025,08,CUSCO,06,CANCHIS,01,SICUANI,33514,07,07,1,2,080641002,66.94894,1,,1,1,3,1,MAIZ AMILACEO,2108,1,0,200,0,0,0,1,0,0,1, 
2025,08,CUSCO,06,CANCHIS,01,SICUANI,33514,07,07,1,2,080641002,66.94894,1,,1,1,7,1,MAIZ AMILACEO,2108,1,0,050,0,0,0,1,0,0,1, 
2025,08,CUSCO,06,CANCHIS,01,SICUANI,33517,04,04,1,2,080631002,5.809531,1,,1,1,2,1,MAIZ AMILACEO,2108,1,800,000,0,1,0,0,0,0,0, 
2025,08,CUSCO,06,CANCHIS,01,SICUANI,33517,06,06,1,2,080631002,39.84287,1,,1,1,5,1,MAIZ AMILACEO,2108,1,400,000,0,0,0,1,0,1,0, 
2025,08,CUSCO,06,CANCHIS,01,SICUANI,33517,06,06,1,2,080631002,39.84287,1,,1,1,3,1,MAIZ AMILACEO,2108,1,800,000,0,1,0,0,0,0,0, 
2025,08,CUSCO,06,CANCHIS,01,SICUANI,33517,09,09,1,2,080631002,12.41412,1,,1,1,4,1,PAPA BLANCA,2612,1,400,000,0,1,1,0,0,0,0, 
2025,08,CUSCO,06,CANCHIS,01,SICUANI,33517,09,09,1,2,080631002,12.41412,1,,1,1,2,1,MAIZ AMILACEO,2108,1,800,000,0,1,0,0,0,0,0, 
2025,08,CUSCO,06,CANCHIS,01,SICUANI,33519,02,02,1,2,080641002,166.4717,1,,1,0,8,1,MAIZ AMILACEO,2108,1,0,050,0,1,0,0,0,0,0, 
2025,08,CUSCO,06,CANCHIS,01,SICUANI,33519,02,02,1,2,080641002,166.4717,1,,1,0,9,1,MAIZ AMILACEO,2108,1,0,050,0,1,0,0,0,0,0, 
2025,08,CUSCO,06,CANCHIS,01,SICUANI,33519,02,02,1,2,080641002,166.4717,1,,1,0,7,1,MAIZ AMILACEO,2108,1,0,050,0,1,0,0,0,0,0, 
2025,08,CUSCO,06,CANCHIS,01,SICUANI,33519,02,02,1,2,080641002,166.4717,1,,1,0,5,1,MAIZ AMILACEO,2108,1,0,350,0,1,0,0,0,0,0, 
2025,08,CUSCO,06,CANCHIS,01,SICUANI,33519,02,02,1,2,080641002,166.4717,1,,1,0,6,1,MAIZ AMILACEO,2108,1,0,100,0,1,0,0,0,0,0, 
2025,08,CUSCO,06,CANCHIS,01,SICUANI,33519,03,03,1,2,080641002,44.0452,1,,1,1,5,1,PAPA NATIVA,2615,1,0,050,0,1,0,0,0,0,0, 
2025,08,CUSCO,06,CANCHIS,01,SICUANI,33519,03,03,1,2,080641002,44.0452,1,,1,1,1,1,MAIZ AMILACEO,2108,1,0,010,0,1,0,0,0,0,0, 
2025,08,CUSCO,06,CANCHIS,01,SICUANI,33519,04,04,1,2,080641002,4.195054,1,,1,1,3,1,MAIZ AMILACEO,2108,1,0,100,0,1,0,0,0,0,0, 
2025,08,CUSCO,06,CANCHIS,01,SICUANI,33519,04,04,1,2,080641002,4.195054,1,,1,1,2,1,MAIZ AMILACEO,2108,1,0,100,0,1,0,0,0,0,0, 
2025,08,CUSCO,06,CANCHIS,01,SICUANI,33519,05,05,1,2,080641002,35.28704,1,,1,1,2,1,MAIZ AMILACEO,2108,1,0,150,0,1,0,0,0,0,0, 
2025,08,CUSCO,06,CANCHIS,01,SICUANI,33519,05,05,1,2,080641002,35.28704,1,,1,1,5,1,MAIZ AMILACEO,2108,1,0,070,0,1,0,0,0,0,0, 
2025,08,CUSCO,06,CANCHIS,01,SICUANI,33519,06,06,1,2,080641002,21.61317,1,,1,1,4,1,PAPA NATIVA,2615,1,0,050,0,1,0,0,0,0,0, 
2025,08,CUSCO,06,CANCHIS,01,SICUANI,33519,06,06,1,2,080641002,21.61317,1,,1,1,3,1,MAIZ AMILACEO,2108,1,0,200,0,1,0,0,0,0,0, 
2025,08,CUSCO,06,CANCHIS,01,SICUANI,33519,06,06,1,2,080641002,21.61317,1,,1,1,7,1,MAIZ AMILACEO,2108,1,0,150,0,1,0,0,0,0,0, 
2025,08,CUSCO,06,CANCHIS,01,SICUANI,33521,02,02,1,2,080632002,10.83348,1,,1,0,3,1,MAIZ AMILACEO,2108,1,600,000,0,1,0,0,0,0,0, 
2025,08,CUSCO,06,CANCHIS,01,SICUANI,33521,04,04,1,2,080632002,62.24939,1,,1,1,3,1,MAIZ AMILACEO,2108,1,1000,000,0,1,0,0,0,0,1, 
2025,08,CUSCO,06,CANCHIS,01,SICUANI,33521,05,05,1,2,080632002,37.11382,1,,1,1,9,1,MAIZ AMILACEO,2108,1,1500,000,0,1,0,1,0,0,0, 
2025,08,CUSCO,06,CANCHIS,01,SICUANI,33521,05,05,1,2,080632002,37.11382,1,,1,1,8,1,MAIZ AMILACEO,2108,1,900,000,0,1,0,0,0,1,0, 
2025,08,CUSCO,06,CANCHIS,01,SICUANI,33521,05,05,1,2,080632002,37.11382,1,,1,1,7,1,MAIZ AMILACEO,2108,1,1200,000,0,1,0,0,0,0,0, 
2025,08,CUSCO,06,CANCHIS,01,SICUANI,33521,05,05,1,2,080632002,37.11382,1,,1,1,3,1,MAIZ AMILACEO,2108,1,700,000,0,1,0,0,0,0,1, 
2025,08,CUSCO,06,CANCHIS,01,SICUANI,33521,06,06,1,2,080632002,55.06751,1,,1,1,2,1,MAIZ AMILACEO,2108,1,1000,000,0,1,0,0,0,0,1, 
2025,08,CUSCO,06,CANCHIS,01,SICUANI,33521,10,10,1,2,080632002,43.78495,1,,1,1,7,1,MAIZ AMILACEO,2108,1,90,000,0,1,0,1,0,0,0, 
2025,08,CUSCO,06,CANCHIS,01,SICUANI,33521,10,10,1,2,080632002,43.78495,1,,1,1,3,1,MASHUA,2606,1,80,000,0,1,0,1,1,0,0, 
2025,08,CUSCO,06,CANCHIS,01,SICUANI,33521,10,10,1,2,080632002,43.78495,1,,1,1,2,1,PAPA BLANCA,2612,1,100,000,0,0,1,1,0,0,0, 
2025,08,CUSCO,06,CANCHIS,01,SICUANI,33522,01,01,1,2,080641002,12.72986,1,,1,1,2,1,MAIZ AMILACEO,2108,1,500,000,0,1,0,0,0,0,0, 
2025,08,CUSCO,06,CANCHIS,01,SICUANI,33522,02,02,1,2,080641002,76.22816,1,,1,1,10,1,MAIZ AMILACEO,2108,1,600,000,0,1,0,1,0,0,0, 
2025,08,CUSCO,06,CANCHIS,01,SICUANI,33522,02,02,1,2,080641002,76.22816,1,,1,1,7,1,MAIZ AMILACEO,2108,1,2500,000,0,1,0,1,0,0,0, 
2025,08,CUSCO,06,CANCHIS,01,SICUANI,33522,02,02,1,2,080641002,76.22816,1,,1,1,5,1,MAIZ AMILACEO,2108,1,600,000,0,1,0,1,0,0,0, 
2025,08,CUSCO,06,CANCHIS,01,SICUANI,33522,02,02,1,2,080641002,76.22816,1,,1,1,4,1,HABA,2942,1,1100,000,0,1,0,1,0,0,0, 
2025,08,CUSCO,06,CANCHIS,01,SICUANI,33522,02,02,1,2,080641002,76.22816,1,,1,1,6,1,MAIZ AMILACEO,2108,1,600,000,0,1,0,1,0,0,0, 
2025,08,CUSCO,06,CANCHIS,01,SICUANI,33522,02,02,1,2,080641002,76.22816,1,,1,1,6,2,HABA,2942,1,600,000,0,1,0,1,0,0,0, 
2025,08,CUSCO,06,CANCHIS,03,COMBAPATA,33528,02,02,1,2,080641002,74.30132,1,,1,1,3,1,OLLUCO,2609,1,300,000,0,0,1,0,1,0,0, 
2025,08,CUSCO,06,CANCHIS,03,COMBAPATA,33528,02,02,1,2,080641002,74.30132,1,,1,1,3,2,OCA,2608,1,200,000,0,0,1,0,0,0,0, 
2025,08,CUSCO,06,CANCHIS,03,COMBAPATA,33530,02,02,1,2,080641004,433.3643,1,,1,1,3,1,HABA,2942,1,200,000,0,0,0,1,0,0,0, 
2025,08,CUSCO,06,CANCHIS,03,COMBAPATA,33530,05,05,1,2,080641004,10.09702,1,,1,1,3,1,CEBADA GRANO,2104,1,300,000,0,0,0,1,1,0,0, 
2025,08,CUSCO,06,CANCHIS,03,COMBAPATA,33530,05,05,1,2,080641004,10.09702,1,,1,1,4,1,HABA,2942,1,150,000,0,0,0,1,1,0,0, 
2025,08,CUSCO,06,CANCHIS,04,MARANGANI,33534,01,01,1,2,080641002,126.6178,1,,1,1,1,1,HABA,2942,1,0,013,0,0,1,1,0,0,0, 
2025,08,CUSCO,06,CANCHIS,05,PITUMARCA,33536,01,01,1,2,080641002,11.16457,1,,1,1,1,1,PAPA BLANCA,2612,1,200,000,0,0,1,0,0,0,0, 
2025,08,CUSCO,06,CANCHIS,05,PITUMARCA,33536,02,02,1,2,080641002,238.0324,1,,1,1,1,1,MAIZ AMILACEO,2108,1,400,000,0,0,0,1,0,0,0, 
2025,08,CUSCO,06,CANCHIS,05,PITUMARCA,33536,04,04,1,2,080641002,14.80255,1,,1,1,1,1,MAIZ AMILACEO,2108,1,1069,000,0,0,1,1,0,0,0, 
2025,08,CUSCO,06,CANCHIS,05,PITUMARCA,33537,02,02,1,2,080641002,49.06702,1,,1,1,7,1,PAPA BLANCA,2612,1,2000,000,0,0,1,1,0,0,0, 
2025,08,CUSCO,06,CANCHIS,06,SAN PABLO,33540,05,05,1,2,080631002,19.98653,1,,1,1,2,1,PAPA BLANCA,2612,1,428,000,0,1,0,0,0,0,0, 
2025,08,CUSCO,06,CANCHIS,08,TINTA,33544,11,11,1,2,080653002,.0031606,1,,1,1,2,1,HABA,2942,1,6000,000,0,0,1,1,1,0,0, 
2025,08,CUSCO,06,CANCHIS,08,TINTA,33544,11,11,1,2,080653002,.0031606,1,,1,1,3,1,HABA,2942,1,6000,000,0,0,1,1,1,0,0, 
2025,08,CUSCO,07,CHUMBIVILCAS,01,SANTO TOMAS,33550,01,01,1,2,080742002,112.7041,1,,1,1,4,1,PAPA NATIVA,2615,1,0,250,0,0,0,1,0,0,0, 
2025,08,CUSCO,07,CHUMBIVILCAS,01,SANTO TOMAS,33552,02,02,1,2,080741004,6.613643,1,,1,1,5,1,HABA,2942,1,0,200,0,0,1,1,1,0,0, 
2025,08,CUSCO,07,CHUMBIVILCAS,01,SANTO TOMAS,33552,02,02,1,2,080741004,6.613643,1,,1,1,8,1,PAPA HUAYRO,2614,1,0,050,0,0,1,1,1,0,0, 
2025,08,CUSCO,07,CHUMBIVILCAS,02,CAPACMARCA,33555,06,06,1,2,080752003,7.906761,1,,1,1,4,1,OCA,2608,1,400,000,0,0,1,1,1,0,0, 
2025,08,CUSCO,07,CHUMBIVILCAS,02,CAPACMARCA,33559,01,01,1,2,080732002,1.496404,1,,1,0,1,1,MAIZ AMARILLO DURO,2107,1,0,040,0,0,1,0,0,0,1, 
2025,08,CUSCO,07,CHUMBIVILCAS,02,CAPACMARCA,33559,01,01,1,2,080732002,1.496404,1,,1,0,2,1,MAIZ AMARILLO DURO,2107,1,0,500,0,0,0,0,1,0,1, 
2025,08,CUSCO,07,CHUMBIVILCAS,04,COLQUEMARCA,33569,01,01,1,2,080742004,65.35701,1,,1,1,2,1,TARHUI,2947,1,0,250,0,0,1,1,1,0,0, 
2025,08,CUSCO,07,CHUMBIVILCAS,05,LIVITACA,33572,02,02,1,2,080743005,17.46002,1,,1,1,1,1,ARVEJA,2901,1,0,200,0,0,0,1,1,0,0, 
2025,08,CUSCO,07,CHUMBIVILCAS,05,LIVITACA,33573,01,01,1,2,080733004,4.757861,1,,1,1,1,1,HABA,2942,1,0,200,0,0,1,1,1,0,0, 
2025,08,CUSCO,07,CHUMBIVILCAS,06,LLUSCO,33578,01,01,1,2,080733003,5.505487,1,,1,1,4,1,PAPA NATIVA,2615,1,0,020,0,0,0,1,1,0,0, 
2025,08,CUSCO,07,CHUMBIVILCAS,06,LLUSCO,33578,01,01,1,2,080733003,5.505487,1,,1,1,2,1,HABA,2942,1,0,020,0,0,0,1,1,0,0, 
2025,08,CUSCO,08,ESPINAR,01,ESPINAR,33582,01,01,1,2,080851005,.3341087,1,,1,1,2,1,PAPA HUAYRO,2614,1,0,025,0,0,0,1,1,0,0, 
2025,08,CUSCO,08,ESPINAR,01,ESPINAR,33582,02,02,1,2,080851005,10.06948,1,,1,0,1,1,PAPA NATIVA,2615,1,0,005,0,0,0,1,1,0,0, 
2025,08,CUSCO,08,ESPINAR,01,ESPINAR,33583,02,02,1,2,080841003,6.990928,1,,1,1,1,1,PAPA NATIVA,2615,1,0,200,0,0,0,1,0,0,0, 
2025,08,CUSCO,08,ESPINAR,01,ESPINAR,33583,05,05,1,2,080841003,4.653719,1,,1,1,2,1,PAPA AMARGA,2610,1,0,100,0,0,0,1,0,0,0, 
2025,08,CUSCO,08,ESPINAR,01,ESPINAR,33585,01,01,1,2,080841003,20.49566,1,,1,1,1,1,PAPA AMARGA,2610,1,0,040,0,0,0,1,1,0,0, 
2025,08,CUSCO,08,ESPINAR,01,ESPINAR,33585,01,01,1,2,080841003,20.49566,1,,1,1,1,2,PAPA NATIVA,2615,1,0,070,0,0,0,1,1,0,0, 
2025,08,CUSCO,08,ESPINAR,01,ESPINAR,33585,01,01,1,2,080841003,20.49566,1,,1,1,1,3,CAÑIHUA,2103,1,0,035,0,0,0,1,1,0,0, 
2025,08,CUSCO,08,ESPINAR,01,ESPINAR,33585,01,01,1,2,080841003,20.49566,1,,1,1,1,4,QUINUA,2111,1,0,035,0,0,0,1,1,0,0, 
2025,08,CUSCO,08,ESPINAR,01,ESPINAR,33585,02,02,1,2,080841003,.0007974,1,,1,1,1,1,CAÑIHUA,2103,1,0,050,0,0,0,1,1,0,0, 
2025,08,CUSCO,08,ESPINAR,01,ESPINAR,33585,02,02,1,2,080841003,.0007974,1,,1,1,1,2,PAPA NATIVA,2615,1,0,050,0,0,0,1,1,0,0, 
2025,08,CUSCO,08,ESPINAR,01,ESPINAR,33585,02,02,1,2,080841003,.0007974,1,,1,1,1,3,QUINUA,2111,1,0,050,0,0,0,1,1,0,0, 
2025,08,CUSCO,08,ESPINAR,01,ESPINAR,33593,02,02,1,2,080841003,6.551535,1,,1,1,4,1,CAÑIHUA,2103,1,0,500,0,0,0,1,0,0,0, 
2025,08,CUSCO,08,ESPINAR,01,ESPINAR,33593,04,04,1,2,080841003,4.653993,1,,1,1,1,1,PAPA NATIVA,2615,1,0,100,0,0,0,1,1,0,0, 
2025,08,CUSCO,08,ESPINAR,01,ESPINAR,33595,01,01,1,2,080841004,10.2746,1,,1,1,1,1,QUINUA,2111,1,0,500,0,1,0,1,1,0,0, 
2025,08,CUSCO,08,ESPINAR,01,ESPINAR,33595,03,03,1,2,080841004,6.315813,1,,1,1,2,1,PAPA NATIVA,2615,1,0,300,0,0,0,1,1,0,1, 
2025,08,CUSCO,08,ESPINAR,01,ESPINAR,33595,03,03,1,2,080841004,6.315813,1,,1,1,4,1,PAPA NATIVA,2615,1,0,050,0,0,0,1,0,0,0, 
2025,08,CUSCO,08,ESPINAR,01,ESPINAR,33595,04,04,1,2,080841004,3.412647,1,,1,1,2,1,PAPA NATIVA,2615,1,500,000,0,0,0,1,1,0,0, 
2025,08,CUSCO,08,ESPINAR,01,ESPINAR,33595,05,05,1,2,080841004,2.709761,1,,1,1,1,1,PAPA NATIVA,2615,1,0,100,0,0,0,1,0,0,0, 
2025,08,CUSCO,08,ESPINAR,01,ESPINAR,33595,05,05,1,2,080841004,2.709761,1,,1,1,1,2,PAPA AMARGA,2610,1,0,100,0,0,0,1,0,0,0, 
2025,08,CUSCO,08,ESPINAR,01,ESPINAR,33595,07,07,1,2,080841004,3.432439,1,,1,1,1,1,PAPA NATIVA,2615,1,0,518,0,0,0,1,1,0,0, 
2025,08,CUSCO,08,ESPINAR,01,ESPINAR,33595,09,09,1,2,080841004,2.322718,1,,1,1,2,1,PAPA NATIVA,2615,1,0,300,0,0,0,1,1,0,0, 
2025,08,CUSCO,08,ESPINAR,01,ESPINAR,33596,01,01,1,2,080841003,3.48808,1,,1,1,1,1,PAPA NATIVA,2615,1,0,150,0,0,0,1,0,0,0, 
2025,08,CUSCO,08,ESPINAR,03,COPORAQUE,33597,01,01,1,2,080844002,1.80341,1,,1,1,7,1,QUINUA,2111,1,0,250,0,0,0,1,0,0,0, 
2025,08,CUSCO,08,ESPINAR,03,COPORAQUE,33597,01,01,1,2,080844002,1.80341,1,,1,1,7,2,CAÑIHUA,2103,1,1,000,0,0,0,1,0,0,0, 
2025,08,CUSCO,08,ESPINAR,03,COPORAQUE,33597,02,02,1,2,080844002,.704019,1,,1,1,4,1,PAPA NATIVA,2615,1,0,250,0,0,0,1,0,1,0, 
2025,08,CUSCO,08,ESPINAR,03,COPORAQUE,33601,01,01,1,2,080851004,1.289473,1,,1,1,2,1,CAÑIHUA,2103,1,0,400,0,0,0,1,1,0,0, 
2025,08,CUSCO,08,ESPINAR,03,COPORAQUE,33601,02,02,1,2,080851004,.7268052,1,,1,1,2,1,PAPA NATIVA,2615,1,0,100,0,0,0,1,0,0,0, 
2025,08,CUSCO,08,ESPINAR,03,COPORAQUE,33607,03,03,1,2,080841004,.844608,1,,1,1,4,1,PAPA NATIVA,2615,1,0,500,0,1,0,1,0,0,1, 
2025,08,CUSCO,08,ESPINAR,03,COPORAQUE,33607,05,05,1,2,080841004,.5842065,1,,1,1,6,1,PAPA NATIVA,2615,1,0,500,0,1,0,1,0,0,1, 
2025,08,CUSCO,08,ESPINAR,03,COPORAQUE,33608,02,02,1,2,080841003,3.150187,1,,1,1,3,1,PAPA AMARGA,2610,1,0,500,0,0,0,1,0,0,0, 
2025,08,CUSCO,08,ESPINAR,03,COPORAQUE,33609,01,01,1,2,080842002,7.909195,1,,1,1,2,1,QUINUA,2111,1,0,500,0,0,0,1,1,1,0, 
2025,08,CUSCO,08,ESPINAR,03,COPORAQUE,33612,01,01,1,2,080841004,.6838037,1,,1,1,1,1,PAPA NATIVA,2615,1,0,100,0,0,1,1,1,0,0, 
2025,08,CUSCO,08,ESPINAR,03,COPORAQUE,33612,02,02,1,2,080841004,.0499441,1,,1,1,4,1,PAPA NATIVA,2615,1,0,250,0,0,0,1,1,0,0, 
2025,08,CUSCO,08,ESPINAR,03,COPORAQUE,33612,02,02,1,2,080841004,.0499441,1,,1,1,2,1,PAPA NATIVA,2615,1,0,100,0,0,0,1,1,0,0, 
2025,08,CUSCO,08,ESPINAR,03,COPORAQUE,33612,02,02,1,2,080841004,.0499441,1,,1,1,1,1,AVENA FORRAJERA,2701,1,0,100,0,1,1,1,0,0,0, 
2025,08,CUSCO,08,ESPINAR,03,COPORAQUE,33612,03,03,1,2,080841004,1.309742,1,,1,1,1,1,QUINUA,2111,1,0,100,0,0,0,1,1,0,0, 
2025,08,CUSCO,08,ESPINAR,03,COPORAQUE,33612,04,04,1,2,080841004,3.865494,1,,1,1,1,1,AVENA FORRAJERA,2701,1,0,200,0,0,0,1,1,0,0, 
2025,08,CUSCO,08,ESPINAR,03,COPORAQUE,33612,04,04,1,2,080841004,3.865494,1,,1,1,1,2,CAÑIHUA,2103,1,0,100,0,0,0,1,1,0,0, 
2025,08,CUSCO,08,ESPINAR,03,COPORAQUE,33614,02,02,1,2,080841005,.4941505,1,,1,1,1,1,PAPA AMARGA,2610,1,0,400,0,0,0,1,1,0,0, 
2025,08,CUSCO,08,ESPINAR,03,COPORAQUE,33614,04,04,1,2,080841005,.1017424,1,,1,1,2,1,AVENA GRANO,2102,1,0,500,0,0,0,1,0,0,0, 
2025,08,CUSCO,08,ESPINAR,03,COPORAQUE,33614,07,07,1,2,080841005,.1563765,1,,1,1,1,1,PAPA AMARGA,2610,1,0,050,0,0,0,1,0,0,0, 
2025,08,CUSCO,08,ESPINAR,03,COPORAQUE,33614,07,07,1,2,080841005,.1563765,1,,1,1,1,2,AVENA FORRAJERA,2701,1,0,077,0,0,0,1,0,0,0, 
2025,08,CUSCO,08,ESPINAR,03,COPORAQUE,33615,05,05,1,2,080841004,.6872001,1,,1,1,2,1,CAÑIHUA,2103,1,0,100,0,0,0,1,0,0,0, 
2025,08,CUSCO,08,ESPINAR,03,COPORAQUE,33615,05,05,1,2,080841004,.6872001,1,,1,1,2,2,QUINUA,2111,1,0,100,0,0,0,1,0,0,0, 
2025,08,CUSCO,08,ESPINAR,03,COPORAQUE,33617,01,01,1,2,080841003,.3369968,1,,1,1,3,1,PAPA NATIVA,2615,1,0,250,0,0,0,1,1,0,0, 
2025,08,CUSCO,08,ESPINAR,03,COPORAQUE,33617,03,03,1,2,080841003,1.135212,1,,1,1,7,1,QUINUA,2111,1,0,500,0,0,0,1,1,0,1, 
2025,08,CUSCO,08,ESPINAR,03,COPORAQUE,33617,03,03,1,2,080841003,1.135212,1,,1,1,7,2,CAÑIHUA,2103,1,0,500,0,0,0,1,1,0,1, 
2025,08,CUSCO,08,ESPINAR,03,COPORAQUE,33617,05,05,1,2,080841003,.3195913,1,,1,1,3,1,PAPA AMARGA,2610,1,0,250,0,0,0,1,1,0,0, 
2025,08,CUSCO,08,ESPINAR,03,COPORAQUE,33617,05,05,1,2,080841003,.3195913,1,,1,1,3,2,CAÑIHUA,2103,1,0,150,0,0,0,1,1,0,0, 
2025,08,CUSCO,08,ESPINAR,03,COPORAQUE,33617,05,05,1,2,080841003,.3195913,1,,1,1,3,3,QUINUA,2111,1,0,150,0,0,0,1,1,0,0, 
2025,08,CUSCO,08,ESPINAR,03,COPORAQUE,33617,06,06,1,2,080841003,.4988483,1,,1,1,2,1,QUINUA,2111,1,0,447,0,0,1,1,1,0,0, 
2025,08,CUSCO,08,ESPINAR,03,COPORAQUE,33618,04,04,1,2,080852004,3.802284,1,,1,1,5,1,AVENA FORRAJERA,2701,1,5000,000,0,0,0,1,0,1,0, 
2025,08,CUSCO,08,ESPINAR,03,COPORAQUE,33619,02,02,1,2,080852002,6.172208,1,,1,1,1,1,PAPA NATIVA,2615,1,600,000,0,0,1,1,0,0,0, 
2025,08,CUSCO,08,ESPINAR,05,PALLPATA,33622,01,01,1,2,080854005,6.263742,1,,1,1,2,1,PAPA NATIVA,2615,1,0,410,0,0,1,1,1,1,0, 
2025,08,CUSCO,08,ESPINAR,05,PALLPATA,33623,01,01,1,2,080854005,4.581271,1,,1,1,1,1,QUINUA,2111,1,0,890,0,0,0,1,1,0,1, 
2025,08,CUSCO,08,ESPINAR,05,PALLPATA,33623,01,01,1,2,080854005,4.581271,1,,1,1,1,2,CAÑIHUA,2103,1,1,085,0,0,0,1,1,0,1, 
2025,08,CUSCO,08,ESPINAR,05,PALLPATA,33623,02,02,1,2,080854005,.0627806,1,,1,1,1,1,CAÑIHUA,2103,1,0,660,0,0,0,1,1,1,0, 
2025,08,CUSCO,08,ESPINAR,05,PALLPATA,33624,03,03,1,2,080852005,.0067874,1,,1,1,1,1,CAÑIHUA,2103,1,0,280,0,0,0,1,1,0,0, 
2025,08,CUSCO,08,ESPINAR,05,PALLPATA,33624,03,03,1,2,080852005,.0067874,1,,1,1,2,1,AVENA FORRAJERA,2701,1,0,300,0,0,0,1,1,1,0, 
2025,08,CUSCO,08,ESPINAR,07,SUYCKUTAMBO,33625,03,03,1,2,080851003,3.078953,1,,1,1,3,1,PAPA AMARGA,2610,1,3000,000,0,0,1,1,1,1,0, 
2025,08,CUSCO,08,ESPINAR,08,ALTO PICHIGUA,33626,04,04,1,2,080842004,653.2426,1,,1,1,3,1,PAPA NATIVA,2615,1,0,500,0,0,0,1,0,0,0, 
2025,08,CUSCO,08,ESPINAR,08,ALTO PICHIGUA,33626,05,05,1,2,080842004,34.23812,1,,1,1,1,1,PAPA NATIVA,2615,1,0,300,0,0,0,1,0,0,0, 
2025,08,CUSCO,08,ESPINAR,08,ALTO PICHIGUA,33627,01,01,1,2,080844003,936.4657,1,,1,1,2,1,PAPA NATIVA,2615,1,0,500,0,0,0,1,1,0,0, 
2025,08,CUSCO,09,LA CONVENCION,02,ECHARATE,33630,01,01,1,3,080992004,23.43634,1,,1,1,2,1,YUCA,2620,1,0,100,0,0,1,0,0,0,0, 
2025,08,CUSCO,09,LA CONVENCION,02,ECHARATE,33632,01,01,1,3,080992002,44.61654,1,,1,1,1,1,YUCA,2620,1,0,010,0,0,1,0,0,0,0, 
2025,08,CUSCO,09,LA CONVENCION,07,KIMBIRI,33652,01,01,1,3,080972002,47.72475,1,,1,1,2,1,MARACUYA,2205,1,0,250,0,0,1,0,0,0,0, 
2025,08,CUSCO,09,LA CONVENCION,10,PICHARI,33653,01,01,1,3,080972003,112.3991,1,,1,1,3,1,MANGO,1147,2,0,010,0,0,1,0,0,0,0, 
2025,08,CUSCO,09,LA CONVENCION,10,PICHARI,33653,03,03,1,3,080972003,114.7207,1,,1,1,3,1,PALTO,1162,2,0,006,0,0,1,0,0,0,0, 
2025,08,CUSCO,09,LA CONVENCION,10,PICHARI,33653,03,03,1,3,080972003,114.7207,1,,1,1,1,1,MANGO,1147,2,0,002,0,0,1,0,0,0,0, 
2025,08,CUSCO,09,LA CONVENCION,10,PICHARI,33653,04,04,1,3,080972003,117.0897,1,,1,1,1,1,MANGO,1147,2,0,010,0,0,1,0,0,0,0, 
2025,08,CUSCO,09,LA CONVENCION,10,PICHARI,33653,04,04,1,3,080972003,117.0897,1,,1,1,1,2,COCA,1209,2,0,600,0,0,1,0,0,0,0, 
2025,08,CUSCO,09,LA CONVENCION,10,PICHARI,33653,04,04,1,3,080972003,117.0897,1,,1,1,1,3,CAFE PERGAMINO,1203,2,0,010,0,0,0,0,0,0,1, 
2025,08,CUSCO,09,LA CONVENCION,10,PICHARI,33653,06,06,1,3,080972003,4.047819,1,,1,1,1,1,COCA,1209,2,0,600,0,0,1,0,0,0,0, 
2025,08,CUSCO,09,LA CONVENCION,10,PICHARI,33653,06,06,1,3,080972003,4.047819,1,,1,1,2,1,COCA,1209,2,0,480,0,0,1,0,0,0,0, 
2025,08,CUSCO,09,LA CONVENCION,10,PICHARI,33655,02,02,1,3,080972002,57.35808,1,,1,0,1,1,NARANJO,1156,2,0,002,0,0,1,0,0,0,0, 
2025,08,CUSCO,09,LA CONVENCION,10,PICHARI,33655,02,02,1,3,080972002,57.35808,1,,1,0,1,2,MANDARINA,1146,2,0,003,0,0,1,0,0,0,0, 
2025,08,CUSCO,09,LA CONVENCION,14,MEGANTONI,33657,01,01,1,3,080992002,30.47826,1,,1,1,1,1,YUCA,2620,1,2,500,1,1,1,0,0,0,0, 
2025,08,CUSCO,10,PARURO,01,PARURO,33664,04,04,1,2,081032005,14.84353,1,,1,0,2,1,PAPA BLANCA,2612,1,500,000,0,0,1,1,1,0,0, 
2025,08,CUSCO,10,PARURO,01,PARURO,33664,06,06,1,2,081032005,560.2604,1,,1,1,1,1,PAPA BLANCA,2612,1,1000,000,0,0,1,0,1,0,0, 
2025,08,CUSCO,10,PARURO,01,PARURO,33666,02,02,1,2,081041002,282.0688,1,,1,1,1,1,PAPA NATIVA,2615,1,400,000,0,1,0,0,0,0,0, 
2025,08,CUSCO,10,PARURO,02,ACCHA,33668,04,04,1,2,081042003,.0457135,1,,1,1,5,1,HABA,2942,1,0,050,0,0,0,1,0,0,0, 
2025,08,CUSCO,10,PARURO,05,HUANOQUITE,33673,01,01,1,2,081032002,407.9475,1,,1,1,4,1,CEBADA GRANO,2104,1,0,100,0,0,0,1,0,0,0, 
2025,08,CUSCO,10,PARURO,05,HUANOQUITE,33674,02,02,1,2,081042005,137.8289,1,,1,1,8,1,OCA,2608,1,0,020,0,0,1,1,0,0,0, 
2025,08,CUSCO,10,PARURO,05,HUANOQUITE,33675,05,05,1,2,081052004,22.90631,1,,1,1,14,1,PAPA NATIVA,2615,1,0,003,0,0,1,0,1,0,1, 
2025,08,CUSCO,10,PARURO,05,HUANOQUITE,33680,01,01,1,2,081032002,883.1733,1,,1,1,3,1,PAPA NATIVA,2615,1,0,200,0,0,1,0,1,0,0, 
2025,08,CUSCO,10,PARURO,06,OMACHA,33684,08,08,1,2,081043004,.0826667,1,,1,1,13,1,TRIGO,2113,1,0,050,0,0,1,0,0,0,0, 
2025,08,CUSCO,10,PARURO,06,OMACHA,33684,08,08,1,2,081043004,.0826667,1,,1,1,2,1,HABA,2942,1,0,200,0,0,0,0,0,0,1, 
2025,08,CUSCO,10,PARURO,06,OMACHA,33686,01,01,1,2,081032004,3.401543,1,,1,1,5,1,CEBADA GRANO,2104,1,0,050,0,0,0,0,0,0,1, 
2025,08,CUSCO,10,PARURO,06,OMACHA,33686,01,01,1,2,081032004,3.401543,1,,1,1,6,1,ALFALFA,1401,3,0,050,0,0,0,0,0,0,1, 
2025,08,CUSCO,10,PARURO,06,OMACHA,33686,03,03,1,2,081032004,.1083177,1,,1,1,4,1,PAPA BLANCA,2612,1,0,080,0,0,1,0,0,0,0, 
2025,08,CUSCO,10,PARURO,06,OMACHA,33687,02,02,1,2,081052003,.3286591,1,,1,1,3,1,PAPA BLANCA,2612,1,0,020,0,0,1,1,1,0,0, 
2025,08,CUSCO,10,PARURO,05,HUANOQUITE,33690,03,03,1,2,081033003,47.22119,1,,1,1,10,1,PAPA BLANCA,2612,1,1000,000,0,0,0,0,1,0,0, 
2025,08,CUSCO,10,PARURO,05,HUANOQUITE,33690,04,04,1,2,081033003,75.76925,1,,1,1,8,1,MAIZ AMILACEO,2108,1,1000,000,0,0,0,0,0,0,1, 
2025,08,CUSCO,10,PARURO,05,HUANOQUITE,33690,04,04,1,2,081033003,75.76925,1,,1,1,2,1,HABA,2942,1,200,000,0,0,1,0,0,0,0, 
2025,08,CUSCO,10,PARURO,07,PACCARITAMBO,33693,01,01,1,2,081042002,18.17945,1,,1,1,1,1,PAPA BLANCA,2612,1,0,020,0,0,1,0,0,0,0, 
2025,08,CUSCO,10,PARURO,07,PACCARITAMBO,33695,01,01,1,2,081042002,13.43144,1,,1,1,1,1,TARHUI,2947,1,0,300,0,0,0,1,1,0,0, 
2025,08,CUSCO,10,PARURO,09,YAURISQUE,33701,01,01,1,2,081031002,21.9022,1,,1,1,1,1,MAIZ AMILACEO,2108,1,0,177,0,0,1,0,0,0,0, 
2025,08,CUSCO,11,PAUCARTAMBO,01,PAUCARTAMBO,33704,03,03,1,2,081141002,29.67518,1,,1,1,2,1,PAPA NATIVA,2615,1,2000,000,0,0,1,0,0,0,0, 
2025,08,CUSCO,11,PAUCARTAMBO,01,PAUCARTAMBO,33709,01,01,1,2,081131002,114.2597,1,,1,1,1,1,OREGANO,1219,3,30,000,0,0,0,1,0,0,0, 
2025,08,CUSCO,11,PAUCARTAMBO,01,PAUCARTAMBO,33709,01,01,1,2,081131002,114.2597,1,,1,1,1,2,CAPULI,1113,2,57,000,0,0,1,0,0,0,0, 
2025,08,CUSCO,11,PAUCARTAMBO,01,PAUCARTAMBO,33709,01,01,1,2,081131002,114.2597,1,,1,1,1,3,MANZANO,1149,2,20,000,0,0,1,0,0,0,0, 
2025,08,CUSCO,11,PAUCARTAMBO,01,PAUCARTAMBO,33709,01,01,1,2,081131002,114.2597,1,,1,1,1,4,MELOCOTONERO,1152,2,30,000,0,0,1,0,0,0,0, 
2025,08,CUSCO,11,PAUCARTAMBO,01,PAUCARTAMBO,33709,02,02,1,2,081131002,119.0179,1,,1,1,1,1,MANZANO,1149,2,79,000,0,0,1,0,0,0,0, 
2025,08,CUSCO,11,PAUCARTAMBO,01,PAUCARTAMBO,33711,02,02,1,2,081132002,102.7651,1,,1,1,4,1,TARHUI,2947,1,1000,000,0,0,0,1,0,0,0, 
2025,08,CUSCO,11,PAUCARTAMBO,02,CAICAY,33712,09,09,1,2,081153003,.2207743,1,,1,1,4,1,HABA,2942,1,0,050,0,0,1,1,1,0,0, 
2025,08,CUSCO,11,PAUCARTAMBO,03,CHALLABAMBA,33718,03,03,1,2,081131003,8.606838,1,,1,1,1,1,CAPULI,1113,2,200,000,0,0,1,0,0,0,0, 
2025,08,CUSCO,11,PAUCARTAMBO,03,CHALLABAMBA,33718,06,06,1,2,081131003,.4075916,1,,1,1,1,1,MANZANO,1149,2,282,000,0,0,1,0,0,0,0, 
2025,08,CUSCO,11,PAUCARTAMBO,03,CHALLABAMBA,33718,06,06,1,2,081131003,.4075916,1,,1,1,1,2,MELOCOTONERO,1152,2,544,000,0,0,1,0,0,0,0, 
2025,08,CUSCO,11,PAUCARTAMBO,03,CHALLABAMBA,33718,07,07,1,2,081131003,1.598311,1,,1,1,1,1,MELOCOTONERO,1152,2,1000,000,0,0,1,0,0,0,0, 
2025,08,CUSCO,11,PAUCARTAMBO,03,CHALLABAMBA,33718,07,07,1,2,081131003,1.598311,1,,1,1,1,2,MANZANO,1149,2,1162,000,0,0,1,0,0,0,0, 
2025,08,CUSCO,11,PAUCARTAMBO,03,CHALLABAMBA,33724,03,03,1,2,081131003,2.665417,1,,1,1,1,1,MELOCOTONERO,1152,2,413,000,0,0,1,0,0,0,0, 
2025,08,CUSCO,11,PAUCARTAMBO,03,CHALLABAMBA,33724,04,04,1,2,081131003,6.923706,1,,1,1,1,1,MELOCOTONERO,1152,2,380,000,0,0,1,0,0,0,0, 
2025,08,CUSCO,11,PAUCARTAMBO,03,CHALLABAMBA,33724,04,04,1,2,081131003,6.923706,1,,1,1,1,2,MANZANO,1149,2,751,000,0,0,1,0,0,0,0, 
2025,08,CUSCO,11,PAUCARTAMBO,04,COLQUEPATA,33731,01,01,1,2,081141003,9.463,1,,1,1,1,1,AVENA GRANO,2102,1,1400,000,0,0,0,1,0,0,0, 
2025,08,CUSCO,11,PAUCARTAMBO,04,COLQUEPATA,33731,05,05,1,2,081141003,37.9448,1,,1,1,7,1,ALFALFA,1401,3,1500,000,0,0,0,0,0,1,0, 
2025,08,CUSCO,11,PAUCARTAMBO,04,COLQUEPATA,33737,01,01,1,2,081141002,565.3359,1,,1,1,6,1,HABA,2942,1,200,000,0,1,1,0,0,0,0, 
2025,08,CUSCO,11,PAUCARTAMBO,04,COLQUEPATA,33737,04,04,1,2,081141002,125.6906,1,,1,1,4,1,HABA,2942,1,200,000,0,0,1,0,0,0,0, 
2025,08,CUSCO,11,PAUCARTAMBO,04,COLQUEPATA,33742,05,05,1,2,081133002,257.6169,1,,1,1,7,1,PAPA BLANCA,2612,1,500,000,0,0,1,0,0,0,1, 
2025,08,CUSCO,11,PAUCARTAMBO,05,HUANCARANI,33745,04,04,1,2,081141002,15.36518,1,,1,1,3,1,CEBADA GRANO,2104,1,0,090,0,0,1,1,1,0,0, 
2025,08,CUSCO,11,PAUCARTAMBO,05,HUANCARANI,33746,03,03,1,2,081141002,7.53884,1,,1,1,4,1,AVENA FORRAJERA,2701,1,800,000,0,0,0,0,0,1,0, 
2025,08,CUSCO,11,PAUCARTAMBO,05,HUANCARANI,33749,03,03,1,2,081141002,60.51878,1,,1,1,3,1,CEBADA GRANO,2104,1,0,050,0,0,0,0,1,1,1, 
2025,08,CUSCO,11,PAUCARTAMBO,05,HUANCARANI,33749,09,09,1,2,081141002,10.17837,1,,1,1,5,1,PAPA NATIVA,2615,1,0,200,1,1,0,0,0,0,0, 
2025,08,CUSCO,12,QUISPICANCHI,01,URCOS,33768,01,01,1,2,081242002,70.14732,1,,1,1,1,1,ARVEJA,2901,1,0,100,0,0,1,1,1,0,0, 
2025,08,CUSCO,12,QUISPICANCHI,01,URCOS,33768,01,01,1,2,081242002,70.14732,1,,1,1,1,2,TARHUI,2947,1,0,100,0,0,1,1,1,0,0, 
2025,08,CUSCO,12,QUISPICANCHI,01,URCOS,33768,02,02,1,2,081242002,4.780284,1,,1,1,6,1,OLLUCO,2609,1,0,100,0,0,1,1,1,0,0, 
2025,08,CUSCO,12,QUISPICANCHI,01,URCOS,33768,02,02,1,2,081242002,4.780284,1,,1,1,5,1,HABA,2942,1,0,200,0,0,0,1,1,0,0, 
2025,08,CUSCO,12,QUISPICANCHI,01,URCOS,33769,03,03,1,2,081233002,22.48697,1,,1,1,1,1,HIGUERA,1136,2,12,000,0,0,1,0,0,0,0, 
2025,08,CUSCO,12,QUISPICANCHI,01,URCOS,33772,02,02,1,2,081241002,37.17259,1,,1,1,3,1,OCA,2608,1,0,050,0,0,0,1,1,0,0, 
2025,08,CUSCO,12,QUISPICANCHI,01,URCOS,33772,02,02,1,2,081241002,37.17259,1,,1,1,3,2,OLLUCO,2609,1,0,050,0,0,0,1,1,0,0, 
2025,08,CUSCO,12,QUISPICANCHI,01,URCOS,33774,01,01,1,2,081231003,14.26937,1,,1,1,4,1,MAIZ AMILACEO,2108,1,1700,000,0,0,1,0,1,0,0, 
2025,08,CUSCO,12,QUISPICANCHI,01,URCOS,33774,02,02,1,2,081231003,68.24317,1,,1,1,2,1,MAIZ AMILACEO,2108,1,2500,000,0,0,1,0,1,0,1, 
2025,08,CUSCO,12,QUISPICANCHI,01,URCOS,33776,04,04,1,2,081231004,.2997904,1,,1,0,3,1,MAIZ AMILACEO,2108,1,4000,000,0,0,1,1,1,0,0, 
2025,08,CUSCO,12,QUISPICANCHI,02,ANDAHUAYLILLAS,33778,01,01,1,2,081232003,81.41696,1,,1,1,1,1,HABA,2942,1,0,200,0,0,0,1,0,0,0, 
2025,08,CUSCO,12,QUISPICANCHI,05,CCATCA,33782,02,02,1,2,081242002,247.6676,1,,1,1,6,1,MAIZ AMILACEO,2108,1,0,050,0,1,0,0,0,0,0, 
2025,08,CUSCO,12,QUISPICANCHI,05,CCATCA,33782,02,02,1,2,081242002,247.6676,1,,1,1,7,1,TRIGO,2113,1,0,025,1,0,0,0,0,0,0, 
2025,08,CUSCO,12,QUISPICANCHI,05,CCATCA,33786,02,02,1,2,081242002,209.7789,1,,1,1,8,1,PAPA NATIVA,2615,1,0,200,0,0,1,0,1,0,0, 
2025,08,CUSCO,12,QUISPICANCHI,05,CCATCA,33786,03,03,1,2,081242002,284.6704,1,,1,1,3,1,HABA,2942,1,0,100,0,0,1,0,0,0,0, 
2025,08,CUSCO,12,QUISPICANCHI,06,CUSIPATA,33793,03,03,1,2,081241004,4.981384,1,,1,1,6,1,MAIZ AMILACEO,2108,1,0,200,0,0,1,1,0,1,0, 
2025,08,CUSCO,12,QUISPICANCHI,06,CUSIPATA,33796,01,01,1,2,081231002,7.81942,1,,1,1,4,1,PAPA BLANCA,2612,1,500,000,0,0,1,1,0,0,0, 
2025,08,CUSCO,12,QUISPICANCHI,06,CUSIPATA,33796,02,02,1,2,081231002,2.846628,1,,1,1,4,1,PAPA BLANCA,2612,1,1000,000,0,0,0,1,0,0,0, 
2025,08,CUSCO,12,QUISPICANCHI,06,CUSIPATA,33796,04,04,1,2,081231002,40.59041,1,,1,1,5,1,TARHUI,2947,1,300,000,0,0,0,1,0,0,0, 
2025,08,CUSCO,12,QUISPICANCHI,11,OROPESA,33810,02,02,1,2,081232002,31.43484,1,,1,1,3,1,CEBADA FORRAJERA,2703,1,0,160,0,0,1,0,0,0,0, 
2025,08,CUSCO,12,QUISPICANCHI,11,OROPESA,33810,03,03,1,2,081232002,16.19563,1,,1,1,4,1,MAIZ AMILACEO,2108,1,0,100,0,1,1,0,0,0,0, 
2025,08,CUSCO,12,QUISPICANCHI,11,OROPESA,33811,01,01,1,2,081232002,156.0783,1,,1,1,1,1,ARVEJA,2901,1,0,100,0,0,1,0,0,0,0, 
2025,08,CUSCO,12,QUISPICANCHI,11,OROPESA,33811,01,01,1,2,081232002,156.0783,1,,1,1,5,1,ARVEJA,2901,1,0,300,0,0,1,0,0,1,0, 
2025,08,CUSCO,12,QUISPICANCHI,11,OROPESA,33811,01,01,1,2,081232002,156.0783,1,,1,1,1,2,PAPA BLANCA,2612,1,0,100,0,0,1,0,0,0,0, 
2025,08,CUSCO,12,QUISPICANCHI,11,OROPESA,33811,02,02,1,2,081232002,7.820075,1,,1,1,2,1,MAIZ CHOCLO,2109,1,0,015,0,0,1,0,0,0,0, 
2025,08,CUSCO,12,QUISPICANCHI,11,OROPESA,33811,02,02,1,2,081232002,7.820075,1,,1,1,1,1,PAPA NATIVA,2615,1,0,050,0,0,1,0,0,1,0, 
2025,08,CUSCO,12,QUISPICANCHI,11,OROPESA,33811,02,02,1,2,081232002,7.820075,1,,1,1,2,2,PAPA NATIVA,2615,1,0,015,0,0,1,0,0,0,0, 
2025,08,CUSCO,12,QUISPICANCHI,11,OROPESA,33811,03,03,1,2,081232002,54.22454,1,,1,1,1,1,PAPA NATIVA,2615,1,0,200,0,0,1,0,0,1,0, 
2025,08,CUSCO,12,QUISPICANCHI,11,OROPESA,33812,02,02,1,2,081231002,27.90777,1,,1,1,5,1,ARVEJA,2901,1,500,000,0,0,1,1,0,0,0, 
2025,08,CUSCO,12,QUISPICANCHI,11,OROPESA,33813,13,13,1,2,081232002,7.185267,1,,1,1,1,1,MAIZ AMILACEO,2108,1,30,000,0,0,0,0,0,0,1, 
2025,08,CUSCO,12,QUISPICANCHI,11,OROPESA,33813,13,13,1,2,081232002,7.185267,1,,1,1,1,2,HABA,2942,1,30,000,0,0,0,0,0,0,1, 
2025,08,CUSCO,12,QUISPICANCHI,12,QUIQUIJANA,33817,02,02,1,2,081241003,.391097,1,,1,1,1,1,TARHUI,2947,1,200,000,0,0,0,1,1,0,0, 
2025,08,CUSCO,12,QUISPICANCHI,12,QUIQUIJANA,33817,02,02,1,2,081241003,.391097,1,,1,1,1,2,OLLUCO,2609,1,200,000,0,0,0,1,1,0,0, 
2025,08,CUSCO,12,QUISPICANCHI,12,QUIQUIJANA,33817,02,02,1,2,081241003,.391097,1,,1,1,1,3,OCA,2608,1,300,000,0,0,0,1,1,0,0, 
2025,08,CUSCO,12,QUISPICANCHI,12,QUIQUIJANA,33817,03,03,1,2,081241003,201.9438,1,,1,1,2,1,ARVEJA,2901,1,0,078,0,0,0,1,1,0,0, 
2025,08,CUSCO,12,QUISPICANCHI,12,QUIQUIJANA,33817,03,03,1,2,081241003,201.9438,1,,1,1,1,1,OLLUCO,2609,1,0,800,0,0,0,1,1,0,0, 
2025,08,CUSCO,12,QUISPICANCHI,12,QUIQUIJANA,33817,03,03,1,2,081241003,201.9438,1,,1,1,1,2,OCA,2608,1,0,200,0,0,0,1,1,0,0, 
2025,08,CUSCO,12,QUISPICANCHI,12,QUIQUIJANA,33817,04,04,1,2,081241003,49.93299,1,,1,1,2,1,OCA,2608,1,100,000,0,0,0,1,1,0,0, 
2025,08,CUSCO,12,QUISPICANCHI,12,QUIQUIJANA,33817,04,04,1,2,081241003,49.93299,1,,1,1,2,2,OLLUCO,2609,1,200,000,0,0,0,1,1,0,0, 
2025,08,CUSCO,12,QUISPICANCHI,12,QUIQUIJANA,33817,04,04,1,2,081241003,49.93299,1,,1,1,2,3,LECHUGA,2326,1,50,000,0,0,0,1,1,0,0, 
2025,08,CUSCO,12,QUISPICANCHI,12,QUIQUIJANA,33817,04,04,1,2,081241003,49.93299,1,,1,1,2,4,ARVEJA,2901,1,100,000,0,0,0,1,1,0,0, 
2025,08,CUSCO,12,QUISPICANCHI,12,QUIQUIJANA,33817,05,05,1,2,081241003,54.10299,1,,1,1,1,1,OCA,2608,1,400,000,0,0,0,1,1,0,0, 
2025,08,CUSCO,12,QUISPICANCHI,12,QUIQUIJANA,33817,05,05,1,2,081241003,54.10299,1,,1,1,2,1,OLLUCO,2609,1,500,000,0,0,0,1,1,0,0, 
2025,08,CUSCO,12,QUISPICANCHI,12,QUIQUIJANA,33817,05,05,1,2,081241003,54.10299,1,,1,1,2,2,OCA,2608,1,500,000,0,0,0,1,1,0,0, 
2025,08,CUSCO,13,URUBAMBA,02,CHINCHERO,33830,07,07,1,2,081342002,5.307181,1,,1,0,1,1,PAPA NATIVA,2615,1,1200,000,0,0,1,0,0,1,0, 
2025,08,CUSCO,13,URUBAMBA,03,HUAYLLABAMBA,33835,02,02,1,2,081341002,7.581838,1,,1,1,8,1,HABA,2942,1,700,000,0,0,0,1,0,0,0, 
2025,08,CUSCO,13,URUBAMBA,03,HUAYLLABAMBA,33835,02,02,1,2,081341002,7.581838,1,,1,1,4,1,CEBADA GRANO,2104,1,700,000,0,0,0,1,0,0,0, 
2025,08,CUSCO,13,URUBAMBA,03,HUAYLLABAMBA,33835,02,02,1,2,081341002,7.581838,1,,1,1,5,1,CEBADA GRANO,2104,1,2500,000,0,0,0,1,0,0,0, 
2025,08,CUSCO,13,URUBAMBA,03,HUAYLLABAMBA,33835,02,02,1,2,081341002,7.581838,1,,1,1,1,1,TARHUI,2947,1,800,000,0,0,0,1,0,0,0, 
2025,08,CUSCO,13,URUBAMBA,03,HUAYLLABAMBA,33835,02,02,1,2,081341002,7.581838,1,,1,1,3,1,CEBADA GRANO,2104,1,2500,000,0,0,0,1,0,0,0, 
2025,08,CUSCO,13,URUBAMBA,03,HUAYLLABAMBA,33835,09,09,1,2,081341002,19.35722,1,,1,1,13,1,PAPA NATIVA,2615,1,1800,000,0,0,1,0,0,0,0, 
2025,08,CUSCO,13,URUBAMBA,03,HUAYLLABAMBA,33835,12,12,1,2,081341002,33.53239,1,,1,1,5,1,PAPA NATIVA,2615,1,1000,000,0,0,0,1,1,0,0, 
2025,08,CUSCO,13,URUBAMBA,03,HUAYLLABAMBA,33835,12,12,1,2,081341002,33.53239,1,,1,1,7,1,PAPA NATIVA,2615,1,2000,000,0,0,0,1,1,0,0, 
2025,08,CUSCO,13,URUBAMBA,03,HUAYLLABAMBA,33837,01,01,1,2,081341002,2.25925,1,,1,1,1,1,CAPULI,1113,2,5,000,0,0,1,0,0,0,0, 
2025,08,CUSCO,13,URUBAMBA,05,MARAS,33840,05,05,1,2,081341002,17.89518,1,,1,1,2,1,CEBADA FORRAJERA,2703,1,8000,000,0,0,1,0,0,1,0, 
2025,08,CUSCO,13,URUBAMBA,05,MARAS,33840,05,05,1,2,081341002,17.89518,1,,1,1,1,1,TRIGO,2113,1,2000,000,0,0,1,0,0,1,0, 
2025,08,CUSCO,13,URUBAMBA,05,MARAS,33840,05,05,1,2,081341002,17.89518,1,,1,1,4,1,AVENA FORRAJERA,2701,1,5000,000,0,0,1,0,0,1,0, 
2025,08,CUSCO,13,URUBAMBA,05,MARAS,33844,03,03,1,2,081341002,65.16528,1,,1,1,1,1,AVENA GRANO,2102,1,2930,000,0,0,1,0,0,1,0, 
2025,08,CUSCO,13,URUBAMBA,05,MARAS,33844,03,03,1,2,081341002,65.16528,1,,1,1,2,1,AVENA GRANO,2102,1,1000,000,0,0,1,0,0,1,0, 
2025,08,CUSCO,13,URUBAMBA,05,MARAS,33844,03,03,1,2,081341002,65.16528,1,,1,1,12,1,AVENA GRANO,2102,1,6000,000,0,0,0,1,0,0,0, 
2025,08,CUSCO,13,URUBAMBA,05,MARAS,33844,03,03,1,2,081341002,65.16528,1,,1,1,14,1,AVENA GRANO,2102,1,6000,000,0,0,0,1,0,0,0, 
2025,08,CUSCO,13,URUBAMBA,05,MARAS,33844,03,03,1,2,081341002,65.16528,1,,1,1,3,1,CEBADA GRANO,2104,1,4000,000,0,0,0,1,0,0,0, 
2025,08,CUSCO,13,URUBAMBA,05,MARAS,33844,03,03,1,2,081341002,65.16528,1,,1,1,17,1,AVENA GRANO,2102,1,7000,000,0,0,0,1,0,0,0, 
2025,08,CUSCO,13,URUBAMBA,05,MARAS,33844,06,06,1,2,081341002,5.748622,1,,1,1,8,1,HABA,2942,1,1400,000,0,0,0,1,1,0,0, 
2025,08,CUSCO,13,URUBAMBA,05,MARAS,33844,06,06,1,2,081341002,5.748622,1,,1,1,11,1,AVENA GRANO,2102,1,500,000,0,0,0,1,1,1,0, 
2025,08,CUSCO,13,URUBAMBA,05,MARAS,33844,06,06,1,2,081341002,5.748622,1,,1,1,12,1,AVENA GRANO,2102,1,400,000,0,0,1,1,1,1,0, 
2025,08,CUSCO,13,URUBAMBA,05,MARAS,33848,04,04,1,2,081342002,106.3141,1,,1,1,7,1,CEBADA GRANO,2104,1,0,150,0,0,1,1,0,1,0, 
2025,08,CUSCO,13,URUBAMBA,05,MARAS,33853,04,04,1,2,081341003,5.386465,1,,1,1,6,1,AVENA GRANO,2102,1,0,500,0,0,1,0,0,0,1, 
2025,08,CUSCO,13,URUBAMBA,05,MARAS,33853,07,07,1,2,081341003,13.96285,1,,1,0,5,1,PAPA NATIVA,2615,1,0,200,0,0,1,1,0,1,0, 
2025,08,CUSCO,13,URUBAMBA,05,MARAS,33853,10,10,1,2,081341003,4.545863,1,,1,1,15,1,HABA,2942,1,0,070,0,0,1,0,0,0,0, 
2025,08,CUSCO,13,URUBAMBA,05,MARAS,33854,01,01,1,2,081332003,39.73517,1,,1,1,1,1,CEBADA FORRAJERA,2703,1,26000,000,0,0,1,0,0,1,0, 
2025,08,CUSCO,13,URUBAMBA,05,MARAS,33854,01,01,1,2,081332003,39.73517,1,,1,1,1,2,AVENA GRANO,2102,1,26000,000,0,0,1,0,0,1,0, 
2025,08,CUSCO,13,URUBAMBA,06,OLLANTAYTAMBO,33861,01,01,1,2,081342004,7.789234,1,,1,1,2,1,HABA,2942,1,200,000,0,0,1,0,0,0,0, 
2025,08,CUSCO,13,URUBAMBA,06,OLLANTAYTAMBO,33862,02,02,1,2,081342002,1661.898,1,,1,1,3,1,HABA,2942,1,0,020,0,0,0,1,0,1,0, 
2025,08,CUSCO,13,URUBAMBA,06,OLLANTAYTAMBO,33864,01,01,1,2,081331003,271.9106,1,,1,1,1,1,PAPA BLANCA,2612,1,500,000,0,0,1,0,0,0,0, 
2025,09,HUANCAVELICA,01,HUANCAVELICA,03,ACORIA,33868,02,02,1,2,090142002,91.56596,1,,1,1,3,1,HABA,2942,1,0,100,0,0,0,1,1,0,0, 
2025,09,HUANCAVELICA,01,HUANCAVELICA,03,ACORIA,33868,04,04,1,2,090142002,32.70335,1,,1,1,2,1,PAPA BLANCA,2612,1,0,200,0,0,1,1,0,0,0, 
2025,09,HUANCAVELICA,01,HUANCAVELICA,03,ACORIA,33872,05,05,1,2,090132002,64.60119,1,,1,1,3,1,CEBADA GRANO,2104,1,0,020,0,0,0,0,1,0,1, 
2025,09,HUANCAVELICA,01,HUANCAVELICA,03,ACORIA,33874,02,02,1,2,090152002,249.073,1,,1,1,1,1,CEBADA GRANO,2104,1,0,141,0,0,0,1,0,0,0, 
2025,09,HUANCAVELICA,01,HUANCAVELICA,03,ACORIA,33877,03,03,1,2,090144002,143.7967,1,,1,1,3,1,PAPA COLOR,2613,1,0,100,0,0,0,1,1,0,0, 
2025,09,HUANCAVELICA,01,HUANCAVELICA,03,ACORIA,33879,04,04,1,2,090132002,2.078027,1,,1,1,1,1,MAIZ AMILACEO,2108,1,0,025,0,0,0,1,1,1,0, 
2025,09,HUANCAVELICA,01,HUANCAVELICA,03,ACORIA,33880,05,05,1,2,090152003,1.269878,1,,1,1,3,1,HABA,2942,1,0,100,0,0,0,1,0,1,0, 
2025,09,HUANCAVELICA,01,HUANCAVELICA,03,ACORIA,33880,08,08,1,2,090152003,1.060396,1,,1,1,4,1,ARVEJA,2901,1,0,100,0,0,1,1,0,0,0, 
2025,09,HUANCAVELICA,01,HUANCAVELICA,03,ACORIA,33886,01,01,1,2,090132002,662.0851,1,,1,1,3,1,MAIZ AMILACEO,2108,1,0,100,0,0,1,0,1,0,1, 
2025,09,HUANCAVELICA,01,HUANCAVELICA,04,CONAYCA,33888,01,01,1,2,090142002,22.02994,1,,1,1,7,1,MASHUA,2606,1,0,050,0,0,0,1,1,0,0, 
2025,09,HUANCAVELICA,01,HUANCAVELICA,04,CONAYCA,33888,01,01,1,2,090142002,22.02994,1,,1,1,7,2,OLLUCO,2609,1,0,050,0,0,0,1,1,0,0, 
2025,09,HUANCAVELICA,01,HUANCAVELICA,12,MOYA,33898,03,03,1,2,090142002,1.722213,1,,1,1,1,1,CEBADA GRANO,2104,1,0,060,0,0,0,0,0,0,1, 
2025,09,HUANCAVELICA,01,HUANCAVELICA,12,MOYA,33900,01,01,1,2,090154003,.0985083,1,,1,1,15,1,ALFALFA,1401,3,0,250,0,1,0,0,0,0,0, 
2025,09,HUANCAVELICA,01,HUANCAVELICA,12,MOYA,33900,01,01,1,2,090154003,.0985083,1,,1,1,8,1,PAPA NATIVA,2615,1,0,010,0,1,0,0,0,0,0, 
2025,09,HUANCAVELICA,01,HUANCAVELICA,12,MOYA,33900,01,01,1,2,090154003,.0985083,1,,1,1,9,1,PAPA NATIVA,2615,1,0,019,0,1,0,0,0,0,0, 
2025,09,HUANCAVELICA,01,HUANCAVELICA,14,PALCA,33902,05,05,1,2,090153002,51.68882,1,,1,1,2,1,PAPA COLOR,2613,1,0,080,0,0,0,1,1,0,0, 
2025,09,HUANCAVELICA,01,HUANCAVELICA,14,PALCA,33903,12,12,1,2,090141002,.2885727,1,,1,1,2,1,MAIZ AMILACEO,2108,1,0,125,0,0,1,1,0,0,0, 
2025,09,HUANCAVELICA,01,HUANCAVELICA,14,PALCA,33903,13,13,1,2,090141002,2.439199,1,,1,1,2,1,MAIZ AMILACEO,2108,1,1000,000,0,0,0,1,0,0,0, 
2025,09,HUANCAVELICA,01,HUANCAVELICA,15,PILCHACA,33905,01,01,1,2,090132003,.0017222,1,,1,1,3,1,MAIZ AMILACEO,2108,1,0,250,0,0,1,1,0,0,0, 
2025,09,HUANCAVELICA,01,HUANCAVELICA,15,PILCHACA,33905,01,01,1,2,090132003,.0017222,1,,1,1,4,1,TRIGO,2113,1,0,050,0,0,0,1,0,0,0, 
2025,09,HUANCAVELICA,01,HUANCAVELICA,15,PILCHACA,33905,01,01,1,2,090132003,.0017222,1,,1,1,2,1,HABA,2942,1,0,500,0,0,1,1,0,0,0, 
2025,09,HUANCAVELICA,01,HUANCAVELICA,15,PILCHACA,33905,01,01,1,2,090132003,.0017222,1,,1,1,6,1,PAPA BLANCA,2612,1,0,070,0,0,1,1,0,0,0, 
2025,09,HUANCAVELICA,01,HUANCAVELICA,15,PILCHACA,33905,01,01,1,2,090132003,.0017222,1,,1,1,5,1,HABA,2942,1,0,100,0,0,1,1,0,0,0, 
2025,09,HUANCAVELICA,01,HUANCAVELICA,15,PILCHACA,33905,01,01,1,2,090132003,.0017222,1,,1,1,1,1,MAIZ AMILACEO,2108,1,0,100,0,0,1,0,0,0,0, 
2025,09,HUANCAVELICA,01,HUANCAVELICA,15,PILCHACA,33905,01,01,1,2,090132003,.0017222,1,,1,1,1,2,ARVEJA,2901,1,0,130,0,0,1,0,0,0,0, 
2025,09,HUANCAVELICA,01,HUANCAVELICA,15,PILCHACA,33905,01,01,1,2,090132003,.0017222,1,,1,1,1,3,HABA,2942,1,0,100,0,0,1,0,0,0,0, 
2025,09,HUANCAVELICA,01,HUANCAVELICA,15,PILCHACA,33905,04,04,1,2,090132003,.0002878,1,,1,1,4,1,MAIZ AMILACEO,2108,1,0,250,0,0,1,1,1,0,0, 
2025,09,HUANCAVELICA,01,HUANCAVELICA,15,PILCHACA,33905,06,06,1,2,090132003,.0009761,1,,1,1,1,1,QUINUA,2111,1,0,205,0,0,1,0,1,0,0, 
2025,09,HUANCAVELICA,01,HUANCAVELICA,16,VILCA,33907,02,02,1,2,090142002,17.65789,1,,1,1,4,1,ARVEJA,2901,1,0,010,0,0,0,1,1,0,0, 
2025,09,HUANCAVELICA,01,HUANCAVELICA,16,VILCA,33907,02,02,1,2,090142002,17.65789,1,,1,1,4,2,HABA,2942,1,0,010,0,0,0,1,1,0,0, 
2025,09,HUANCAVELICA,01,HUANCAVELICA,16,VILCA,33910,01,01,1,2,090142002,66.52146,1,,1,1,10,1,MAIZ AMILACEO,2108,1,0,080,0,0,0,0,0,0,1, 
2025,09,HUANCAVELICA,01,HUANCAVELICA,16,VILCA,33910,01,01,1,2,090142002,66.52146,1,,1,1,18,1,PAPA BLANCA,2612,1,0,020,0,0,0,0,1,0,0, 
2025,09,HUANCAVELICA,01,HUANCAVELICA,16,VILCA,33910,02,02,1,2,090142002,31.42086,1,,1,1,5,1,MAIZ AMILACEO,2108,1,0,030,0,0,0,0,0,0,1, 
2025,09,HUANCAVELICA,01,HUANCAVELICA,19,HUANDO,33913,03,03,1,2,090142002,41.84398,1,,1,1,3,1,MAIZ AMILACEO,2108,1,0,120,0,0,0,1,0,0,0, 
2025,09,HUANCAVELICA,02,ACOBAMBA,01,ACOBAMBA,33915,02,02,1,2,090231003,1.502509,1,,1,1,5,1,PAPA BLANCA,2612,1,0,250,0,0,1,0,0,0,0, 
2025,09,HUANCAVELICA,02,ACOBAMBA,01,ACOBAMBA,33916,01,01,1,2,090241003,6.103734,1,,1,1,3,1,PAPA BLANCA,2612,1,0,050,0,0,1,1,1,0,0, 
2025,09,HUANCAVELICA,02,ACOBAMBA,01,ACOBAMBA,33916,02,02,1,2,090241003,6.837546,1,,1,1,2,1,PAPA BLANCA,2612,1,0,150,0,0,1,0,1,0,0, 
2025,09,HUANCAVELICA,02,ACOBAMBA,01,ACOBAMBA,33916,02,02,1,2,090241003,6.837546,1,,1,1,1,1,HABA,2942,1,0,196,0,0,1,1,1,0,0, 
2025,09,HUANCAVELICA,02,ACOBAMBA,01,ACOBAMBA,33916,02,02,1,2,090241003,6.837546,1,,1,1,3,1,ARVEJA,2901,1,0,480,0,0,1,1,1,0,0, 
2025,09,HUANCAVELICA,02,ACOBAMBA,01,ACOBAMBA,33916,02,02,1,2,090241003,6.837546,1,,1,1,1,2,PAPA NATIVA,2615,1,0,150,0,0,1,1,1,0,0, 
2025,09,HUANCAVELICA,02,ACOBAMBA,01,ACOBAMBA,33916,02,02,1,2,090241003,6.837546,1,,1,1,1,3,PAPA BLANCA,2612,1,0,150,0,0,1,1,1,0,0, 
2025,09,HUANCAVELICA,02,ACOBAMBA,01,ACOBAMBA,33916,04,04,1,2,090241003,6.554967,1,,1,1,1,1,PAPA BLANCA,2612,1,0,100,0,0,1,1,1,0,0, 
2025,09,HUANCAVELICA,02,ACOBAMBA,01,ACOBAMBA,33916,05,05,1,2,090241003,27.18321,1,,1,1,2,1,CEBADA GRANO,2104,1,0,950,0,0,1,0,0,0,0, 
2025,09,HUANCAVELICA,02,ACOBAMBA,01,ACOBAMBA,33916,07,07,1,2,090241003,9.556569,1,,1,1,2,1,CEBADA GRANO,2104,1,0,050,0,0,1,0,1,0,0, 
2025,09,HUANCAVELICA,02,ACOBAMBA,01,ACOBAMBA,33916,07,07,1,2,090241003,9.556569,1,,1,1,3,1,AVENA GRANO,2102,1,0,050,0,0,1,0,1,0,0, 
2025,09,HUANCAVELICA,02,ACOBAMBA,01,ACOBAMBA,33916,07,07,1,2,090241003,9.556569,1,,1,1,4,1,PAPA COLOR,2613,1,0,100,0,0,1,1,1,0,0, 
2025,09,HUANCAVELICA,02,ACOBAMBA,01,ACOBAMBA,33917,01,01,1,2,090241003,1.405882,1,,1,1,2,1,PAPA COLOR,2613,1,0,100,0,0,1,0,0,0,0, 
2025,09,HUANCAVELICA,02,ACOBAMBA,01,ACOBAMBA,33919,02,02,1,2,090241002,192.7816,1,,1,0,1,1,MAIZ AMILACEO,2108,1,0,078,0,0,0,0,0,1,0, 
2025,09,HUANCAVELICA,02,ACOBAMBA,01,ACOBAMBA,33919,02,02,1,2,090241002,192.7816,1,,1,0,1,2,TARHUI,2947,1,0,786,0,0,1,0,0,0,0, 
2025,09,HUANCAVELICA,02,ACOBAMBA,01,ACOBAMBA,33920,01,01,1,2,090241003,2.228218,1,,1,1,9,1,ARVEJA,2901,1,0,500,0,0,0,0,0,0,1, 
2025,09,HUANCAVELICA,02,ACOBAMBA,01,ACOBAMBA,33920,02,02,1,2,090241003,6.708475,1,,1,1,7,1,TARHUI,2947,1,0,250,0,0,1,0,0,0,0, 
2025,09,HUANCAVELICA,02,ACOBAMBA,01,ACOBAMBA,33920,03,03,1,2,090241003,20.23694,1,,1,1,6,1,ARVEJA,2901,1,0,100,0,0,1,0,0,0,0, 
2025,09,HUANCAVELICA,02,ACOBAMBA,01,ACOBAMBA,33920,03,03,1,2,090241003,20.23694,1,,1,1,7,1,ARVEJA,2901,1,0,250,0,0,1,0,0,0,0, 
2025,09,HUANCAVELICA,02,ACOBAMBA,01,ACOBAMBA,33920,08,08,1,2,090241003,21.45915,1,,1,1,4,1,PAPA BLANCA,2612,1,0,250,0,0,1,0,0,0,0, 
2025,09,HUANCAVELICA,02,ACOBAMBA,02,ANDABAMBA,33921,01,01,1,2,090241003,61.99606,1,,1,0,3,1,MAIZ AMILACEO,2108,1,0,200,0,0,1,1,0,0,1, 
2025,09,HUANCAVELICA,02,ACOBAMBA,02,ANDABAMBA,33921,06,06,1,2,090241003,12.21973,1,,1,1,3,1,MAIZ AMILACEO,2108,1,0,150,0,0,1,1,0,0,1, 
2025,09,HUANCAVELICA,02,ACOBAMBA,03,ANTA,33923,03,03,1,2,090241003,3.251568,1,,1,0,3,1,CEBADA GRANO,2104,1,0,300,0,0,0,0,1,0,0, 
2025,09,HUANCAVELICA,02,ACOBAMBA,03,ANTA,33923,05,05,1,2,090241003,.8518711,1,,1,1,4,1,CEBADA GRANO,2104,1,0,150,0,0,0,0,1,0,0, 
2025,09,HUANCAVELICA,02,ACOBAMBA,03,ANTA,33923,06,06,1,2,090241003,.5778697,1,,1,1,3,1,CEBADA GRANO,2104,1,0,150,0,0,0,0,1,0,0, 
2025,09,HUANCAVELICA,02,ACOBAMBA,03,ANTA,33924,05,05,1,2,090241003,.9494419,1,,1,1,2,1,TARHUI,2947,1,0,043,0,0,1,1,0,0,0, 
2025,09,HUANCAVELICA,02,ACOBAMBA,03,ANTA,33924,06,06,1,2,090241003,4.30588,1,,1,1,1,1,CEBADA GRANO,2104,1,0,030,0,0,0,0,1,0,1, 
2025,09,HUANCAVELICA,02,ACOBAMBA,03,ANTA,33925,02,02,1,2,090241003,1.892827,1,,1,1,2,1,ARVEJA,2901,1,0,100,1,0,0,0,0,0,0, 
2025,09,HUANCAVELICA,02,ACOBAMBA,03,ANTA,33925,04,04,1,2,090241003,2.131518,1,,1,1,1,1,ARVEJA,2901,1,0,030,0,0,0,0,1,0,0, 
2025,09,HUANCAVELICA,02,ACOBAMBA,04,CAJA,33928,02,02,1,2,090231003,7.07025,1,,1,1,9,1,ARVEJA,2901,1,0,250,0,0,1,0,0,0,1, 
2025,09,HUANCAVELICA,02,ACOBAMBA,04,CAJA,33928,02,02,1,2,090231003,7.07025,1,,1,1,3,1,CEBADA GRANO,2104,1,0,250,0,0,0,0,1,0,1, 
2025,09,HUANCAVELICA,02,ACOBAMBA,04,CAJA,33928,02,02,1,2,090231003,7.07025,1,,1,1,10,1,LINAZA,2819,1,0,250,0,0,1,0,0,0,1, 
2025,09,HUANCAVELICA,02,ACOBAMBA,04,CAJA,33928,02,02,1,2,090231003,7.07025,1,,1,1,8,1,ARVEJA,2901,1,0,500,0,0,1,0,0,0,1, 
2025,09,HUANCAVELICA,02,ACOBAMBA,04,CAJA,33928,03,03,1,2,090231003,.2150037,1,,1,1,9,1,ALFALFA,1401,3,0,250,0,1,0,0,0,0,0, 
2025,09,HUANCAVELICA,02,ACOBAMBA,04,CAJA,33928,03,03,1,2,090231003,.2150037,1,,1,1,3,1,MAIZ AMILACEO,2108,1,0,250,0,1,0,0,0,0,0, 
2025,09,HUANCAVELICA,02,ACOBAMBA,04,CAJA,33928,03,03,1,2,090231003,.2150037,1,,1,1,14,1,PALTO,1162,2,0,050,0,0,0,0,0,1,0, 
2025,09,HUANCAVELICA,02,ACOBAMBA,04,CAJA,33928,03,03,1,2,090231003,.2150037,1,,1,1,10,1,ALFALFA,1401,3,0,250,0,1,0,0,0,0,0, 
2025,09,HUANCAVELICA,02,ACOBAMBA,04,CAJA,33928,05,05,1,2,090231003,8.469401,1,,1,1,7,1,ARVEJA,2901,1,0,030,0,1,1,0,0,0,0, 
2025,09,HUANCAVELICA,02,ACOBAMBA,04,CAJA,33928,05,05,1,2,090231003,8.469401,1,,1,1,5,1,ARVEJA,2901,1,0,375,0,1,1,0,0,0,0, 
2025,09,HUANCAVELICA,02,ACOBAMBA,04,CAJA,33928,05,05,1,2,090231003,8.469401,1,,1,1,7,2,HABA,2942,1,0,030,0,1,1,0,0,0,0, 
2025,09,HUANCAVELICA,02,ACOBAMBA,04,CAJA,33929,03,03,1,2,090231003,2.217205,1,,1,1,1,1,ALFALFA,1401,3,0,095,0,1,0,0,0,0,0, 
2025,09,HUANCAVELICA,02,ACOBAMBA,04,CAJA,33931,01,01,1,2,090231003,3.463411,1,,1,1,4,1,FRIJOL GUINDA,2915,1,0,200,0,0,0,0,0,1,1, 
2025,09,HUANCAVELICA,02,ACOBAMBA,04,CAJA,33931,04,04,1,2,090231003,7.908747,1,,1,1,4,1,FRIJOL RED KIDNEY,2933,1,0,150,0,0,1,0,0,1,0, 
2025,09,HUANCAVELICA,02,ACOBAMBA,04,CAJA,33931,05,05,1,2,090231003,5.087296,1,,1,1,5,1,FRIJOL GUINDA,2915,1,0,250,0,0,1,0,0,1,0, 
2025,09,HUANCAVELICA,02,ACOBAMBA,04,CAJA,33931,06,06,1,2,090231003,.4062788,1,,1,1,1,1,TRIGO,2113,1,0,050,0,0,0,0,0,1,0, 
2025,09,HUANCAVELICA,02,ACOBAMBA,04,CAJA,33931,09,09,1,2,090231003,1.089986,1,,1,1,5,1,ARVEJA,2901,1,0,200,0,0,1,0,0,0,1, 
2025,09,HUANCAVELICA,02,ACOBAMBA,04,CAJA,33932,01,01,1,2,090231003,1.900527,1,,1,1,7,1,MAIZ AMILACEO,2108,1,0,250,0,1,0,0,0,0,0, 
2025,09,HUANCAVELICA,02,ACOBAMBA,04,CAJA,33932,04,04,1,2,090231003,.0772811,1,,1,1,10,1,PAPA BLANCA,2612,1,0,250,0,0,0,0,0,1,0, 
2025,09,HUANCAVELICA,02,ACOBAMBA,04,CAJA,33932,04,04,1,2,090231003,.0772811,1,,1,1,6,1,QUINUA,2111,1,0,500,0,0,1,0,0,0,0, 
2025,09,HUANCAVELICA,02,ACOBAMBA,04,CAJA,33932,06,06,1,2,090231003,12.57589,1,,1,1,6,1,HABA,2942,1,0,750,0,0,1,0,1,0,1, 
2025,09,HUANCAVELICA,02,ACOBAMBA,04,CAJA,33933,02,02,1,2,090231003,3.546741,1,,1,1,2,1,ARVEJA,2901,1,0,200,0,0,1,0,0,0,0, 
2025,09,HUANCAVELICA,02,ACOBAMBA,04,CAJA,33933,02,02,1,2,090231003,3.546741,1,,1,1,4,1,PAPA BLANCA,2612,1,0,100,0,0,1,0,0,0,0, 
2025,09,HUANCAVELICA,02,ACOBAMBA,04,CAJA,33933,07,07,1,2,090231003,2.696372,1,,1,0,1,1,MAIZ AMILACEO,2108,1,0,434,0,0,0,1,0,0,0, 
2025,09,HUANCAVELICA,02,ACOBAMBA,05,MARCAS,33935,01,01,1,2,090231003,2.991162,1,,1,1,5,1,ARVEJA,2901,1,0,500,0,0,1,1,0,0,0, 
2025,09,HUANCAVELICA,02,ACOBAMBA,05,MARCAS,33935,02,02,1,2,090231003,7.995833,1,,1,1,4,1,ARVEJA,2901,1,2,000,0,0,1,1,0,0,0, 
2025,09,HUANCAVELICA,02,ACOBAMBA,05,MARCAS,33935,07,07,1,2,090231003,53.71646,1,,1,1,2,1,ARVEJA,2901,1,1,000,0,0,1,1,0,0,0, 
2025,09,HUANCAVELICA,02,ACOBAMBA,05,MARCAS,33935,07,07,1,2,090231003,53.71646,1,,1,1,5,1,ARVEJA,2901,1,0,500,0,0,1,1,0,0,0, 
2025,09,HUANCAVELICA,02,ACOBAMBA,05,MARCAS,33935,08,08,1,2,090231003,9.106291,1,,1,1,4,1,ARVEJA,2901,1,0,250,0,0,1,1,0,0,0, 
2025,09,HUANCAVELICA,02,ACOBAMBA,05,MARCAS,33935,10,10,1,2,090231003,4.342302,1,,1,1,3,1,ARVEJA,2901,1,0,500,0,0,1,1,0,0,0, 
2025,09,HUANCAVELICA,02,ACOBAMBA,06,PAUCARA,33944,01,01,1,2,090241003,.0062777,1,,1,1,4,1,PAPA NATIVA,2615,1,0,100,0,0,0,1,0,1,0, 
2025,09,HUANCAVELICA,02,ACOBAMBA,06,PAUCARA,33944,03,03,1,2,090241003,2.260318,1,,1,1,2,1,PAPA COLOR,2613,1,0,100,0,0,1,1,0,0,0, 
2025,09,HUANCAVELICA,02,ACOBAMBA,06,PAUCARA,33948,01,01,1,2,090241003,80.40218,1,,1,1,1,1,TARHUI,2947,1,0,178,0,0,0,1,1,0,0, 
2025,09,HUANCAVELICA,02,ACOBAMBA,06,PAUCARA,33948,02,02,1,2,090241003,2.286096,1,,1,1,1,1,PAPA BLANCA,2612,1,0,100,0,0,1,1,0,0,0, 
2025,09,HUANCAVELICA,02,ACOBAMBA,06,PAUCARA,33949,06,06,1,2,090252003,6.545208,1,,1,1,1,1,HABA,2942,1,0,025,0,0,0,1,1,0,0, 
2025,09,HUANCAVELICA,02,ACOBAMBA,06,PAUCARA,33951,01,01,1,2,090251002,5.860664,1,,1,1,4,1,PAPA NATIVA,2615,1,0,150,0,0,1,1,0,0,0, 
2025,09,HUANCAVELICA,02,ACOBAMBA,06,PAUCARA,33951,03,03,1,2,090251002,.0930358,1,,1,1,4,1,PAPA NATIVA,2615,1,0,050,0,0,1,1,1,0,0, 
2025,09,HUANCAVELICA,02,ACOBAMBA,06,PAUCARA,33951,05,05,1,2,090251002,4.269849,1,,1,1,4,1,PAPA NATIVA,2615,1,0,050,0,0,1,1,1,0,0, 
2025,09,HUANCAVELICA,02,ACOBAMBA,06,PAUCARA,33951,05,05,1,2,090251002,4.269849,1,,1,1,3,1,PAPA NATIVA,2615,1,0,080,0,0,1,1,0,0,0, 
2025,09,HUANCAVELICA,02,ACOBAMBA,08,ROSARIO,33953,03,03,1,2,090231003,1.953286,1,,1,1,7,1,PAPA BLANCA,2612,1,0,100,0,0,1,1,1,0,0, 
2025,09,HUANCAVELICA,02,ACOBAMBA,08,ROSARIO,33954,01,01,1,2,090241003,14.92023,1,,1,1,6,1,ARVEJA,2901,1,0,120,0,0,1,1,0,0,0, 
2025,09,HUANCAVELICA,02,ACOBAMBA,08,ROSARIO,33954,07,07,1,2,090241003,1.132063,1,,1,1,3,1,CEBADA GRANO,2104,1,0,900,0,0,0,1,0,0,0, 
2025,09,HUANCAVELICA,02,ACOBAMBA,08,ROSARIO,33954,07,07,1,2,090241003,1.132063,1,,1,1,4,1,TARHUI,2947,1,1,300,0,0,0,1,0,0,0, 
2025,09,HUANCAVELICA,02,ACOBAMBA,08,ROSARIO,33954,07,07,1,2,090241003,1.132063,1,,1,1,2,1,TARHUI,2947,1,1,000,0,0,0,1,0,0,0, 
2025,09,HUANCAVELICA,02,ACOBAMBA,08,ROSARIO,33954,07,07,1,2,090241003,1.132063,1,,1,1,5,1,HABA,2942,1,0,250,0,0,0,1,0,0,0, 
2025,09,HUANCAVELICA,02,ACOBAMBA,08,ROSARIO,33955,02,02,1,2,090241003,7.831699,1,,1,1,5,1,PAPA NATIVA,2615,1,0,500,0,0,1,1,0,0,0, 
2025,09,HUANCAVELICA,02,ACOBAMBA,08,ROSARIO,33955,03,03,1,2,090241003,1.540731,1,,1,0,5,1,ARVEJA,2901,1,0,900,0,0,1,1,1,0,0, 
2025,09,HUANCAVELICA,02,ACOBAMBA,08,ROSARIO,33955,04,04,1,2,090241003,7.211576,1,,1,1,1,1,PAPA NATIVA,2615,1,0,100,0,0,0,1,1,0,0, 
2025,09,HUANCAVELICA,02,ACOBAMBA,08,ROSARIO,33955,04,04,1,2,090241003,7.211576,1,,1,1,2,1,HABA,2942,1,0,100,0,0,0,1,1,0,0, 
2025,09,HUANCAVELICA,02,ACOBAMBA,08,ROSARIO,33955,04,04,1,2,090241003,7.211576,1,,1,1,1,2,CEBADA GRANO,2104,1,0,100,0,0,0,0,1,0,0, 
2025,09,HUANCAVELICA,02,ACOBAMBA,08,ROSARIO,33955,04,04,1,2,090241003,7.211576,1,,1,1,2,2,CEBADA GRANO,2104,1,0,100,0,0,0,1,0,0,0, 
2025,09,HUANCAVELICA,02,ACOBAMBA,08,ROSARIO,33955,05,05,1,2,090241003,6.979331,1,,1,1,1,1,TARHUI,2947,1,0,100,0,0,0,1,1,0,0, 
2025,09,HUANCAVELICA,02,ACOBAMBA,08,ROSARIO,33955,06,06,1,2,090241003,5.91676,1,,1,1,1,1,AVENA GRANO,2102,1,0,200,0,0,0,1,1,0,0, 
2025,09,HUANCAVELICA,02,ACOBAMBA,08,ROSARIO,33955,07,07,1,2,090241003,2.449129,1,,1,1,3,1,PAPA BLANCA,2612,1,0,750,0,0,1,1,1,0,0, 
2025,09,HUANCAVELICA,02,ACOBAMBA,08,ROSARIO,33955,07,07,1,2,090241003,2.449129,1,,1,1,5,1,PAPA AMARILLA,2611,1,0,400,0,0,1,1,1,0,0, 
2025,09,HUANCAVELICA,03,ANGARAES,01,LIRCAY,33961,01,01,1,2,090341002,2.931021,1,,1,1,23,1,PAPA BLANCA,2612,1,0,340,0,0,0,1,1,0,0, 
2025,09,HUANCAVELICA,03,ANGARAES,01,LIRCAY,33961,01,01,1,2,090341002,2.931021,1,,1,1,24,1,PAPA BLANCA,2612,1,0,320,0,0,0,1,1,0,0, 
2025,09,HUANCAVELICA,03,ANGARAES,01,LIRCAY,33962,02,02,1,2,090332002,141.6622,1,,1,1,2,1,CAPULI,1113,2,0,006,0,0,0,0,0,0,1, 
2025,09,HUANCAVELICA,03,ANGARAES,01,LIRCAY,33962,02,02,1,2,090332002,141.6622,1,,1,1,1,1,PAPA AMARILLA,2611,1,0,108,0,0,1,0,0,0,0, 
2025,09,HUANCAVELICA,03,ANGARAES,01,LIRCAY,33962,02,02,1,2,090332002,141.6622,1,,1,1,1,2,CAPULI,1113,2,0,015,0,0,0,0,0,0,1, 
2025,09,HUANCAVELICA,03,ANGARAES,01,LIRCAY,33964,03,03,1,2,090342002,127.8166,1,,1,1,3,1,PAPA BLANCA,2612,1,0,120,0,0,1,1,0,0,0, 
2025,09,HUANCAVELICA,03,ANGARAES,01,LIRCAY,33966,02,02,1,2,090342002,147.9015,1,,1,1,2,1,TRIGO,2113,1,0,040,0,0,0,0,1,0,0, 
2025,09,HUANCAVELICA,03,ANGARAES,01,LIRCAY,33966,02,02,1,2,090342002,147.9015,1,,1,1,4,1,ARVEJA,2901,1,0,040,0,0,1,0,0,0,0, 
2025,09,HUANCAVELICA,03,ANGARAES,01,LIRCAY,33966,02,02,1,2,090342002,147.9015,1,,1,1,1,1,ARVEJA,2901,1,0,040,0,0,1,0,0,0,0, 
2025,09,HUANCAVELICA,03,ANGARAES,01,LIRCAY,33966,02,02,1,2,090342002,147.9015,1,,1,1,4,2,HABA,2942,1,0,040,0,0,1,0,0,0,0, 
2025,09,HUANCAVELICA,03,ANGARAES,01,LIRCAY,33966,05,05,1,2,090342002,2.523423,1,,1,1,2,1,MAIZ AMILACEO,2108,1,0,020,0,0,1,1,0,1,0, 
2025,09,HUANCAVELICA,03,ANGARAES,04,CCOCHACCASA,33971,01,01,1,2,090354002,46.40618,1,,1,1,1,1,PAPA COLOR,2613,1,0,010,0,0,1,0,0,0,0, 
2025,09,HUANCAVELICA,03,ANGARAES,05,CHINCHO,33974,01,01,1,2,090372002,.0846598,1,,1,0,1,1,ALFALFA,1401,3,2,000,0,1,0,0,0,0,0, 
2025,09,HUANCAVELICA,03,ANGARAES,05,CHINCHO,33974,01,01,1,2,090372002,.0846598,1,,1,0,1,2,PALTO,1162,2,2,000,0,1,0,0,0,0,0, 
2025,09,HUANCAVELICA,03,ANGARAES,05,CHINCHO,33974,01,01,1,2,090372002,.0846598,1,,1,0,1,3,TARA,1225,2,1,000,0,1,0,0,0,0,0, 
2025,09,HUANCAVELICA,03,ANGARAES,08,HUAYLLAY GRANDE,33981,02,02,1,2,090342002,3.934395,1,,1,1,3,1,CEBADA GRANO,2104,1,0,060,0,0,0,1,1,1,0, 
2025,09,HUANCAVELICA,03,ANGARAES,08,HUAYLLAY GRANDE,33981,05,05,1,2,090342002,7.623969,1,,1,1,8,1,TUNA FRUTA,1186,2,0,020,0,0,0,0,0,1,0, 
2025,09,HUANCAVELICA,03,ANGARAES,08,HUAYLLAY GRANDE,33982,02,02,1,2,090332002,3.919094,1,,1,1,4,1,MAIZ AMILACEO,2108,1,0,040,0,0,1,0,0,0,0, 
2025,09,HUANCAVELICA,04,CASTROVIRREYNA,01,CASTROVIRREYNA,33991,01,01,1,2,090443002,.0478883,1,,1,1,2,1,PAPA BLANCA,2612,1,0,200,0,0,1,1,0,0,0, 
2025,09,HUANCAVELICA,04,CASTROVIRREYNA,01,CASTROVIRREYNA,33991,02,02,1,2,090443002,17.37587,1,,1,1,2,1,PAPA BLANCA,2612,1,0,150,0,0,1,1,0,0,0, 
2025,09,HUANCAVELICA,04,CASTROVIRREYNA,01,CASTROVIRREYNA,33992,01,01,1,2,090452002,1.118446,1,,1,1,6,1,CEBADA GRANO,2104,1,0,100,0,0,0,0,1,0,1, 
2025,09,HUANCAVELICA,04,CASTROVIRREYNA,01,CASTROVIRREYNA,33992,02,02,1,2,090452002,6.651282,1,,1,1,3,1,CEBADA GRANO,2104,1,0,210,0,0,0,0,1,0,1, 
2025,09,HUANCAVELICA,04,CASTROVIRREYNA,04,CAPILLAS,33999,01,01,1,2,090441002,622.5523,1,,1,1,1,1,MAIZ AMILACEO,2108,1,0,035,0,0,0,1,0,0,0, 
2025,09,HUANCAVELICA,04,CASTROVIRREYNA,09,MOLLEPAMPA,34006,02,02,1,2,090432002,126.3153,1,,1,0,1,1,ALFALFA,1401,3,0,120,0,0,1,1,0,0,0, 
2025,09,HUANCAVELICA,04,CASTROVIRREYNA,09,MOLLEPAMPA,34006,03,03,1,2,090432002,12.29894,1,,1,1,2,1,GARBANZO,2941,1,0,050,0,0,0,0,0,0,1, 
2025,09,HUANCAVELICA,04,CASTROVIRREYNA,09,MOLLEPAMPA,34008,02,02,1,2,090441002,11.53125,1,,1,0,6,1,PAPA BLANCA,2612,1,1,000,0,0,1,1,0,0,0, 
2025,09,HUANCAVELICA,04,CASTROVIRREYNA,13,TICRAPO,34012,01,01,1,2,090421003,12.60008,1,,1,1,1,1,PALTO,1162,2,0,800,0,0,1,0,0,0,0, 
2025,09,HUANCAVELICA,04,CASTROVIRREYNA,13,TICRAPO,34013,01,01,1,2,090431002,1.498231,1,,1,1,4,1,AGUAYMANTO,1103,2,0,005,0,0,1,1,0,0,0, 
2025,09,HUANCAVELICA,04,CASTROVIRREYNA,13,TICRAPO,34015,02,02,1,2,090431002,.5966893,1,,1,1,3,1,PAPA BLANCA,2612,1,0,050,0,0,0,1,1,0,0, 
2025,09,HUANCAVELICA,04,CASTROVIRREYNA,13,TICRAPO,34015,02,02,1,2,090431002,.5966893,1,,1,1,3,2,OCA,2608,1,0,050,0,0,0,1,1,0,0, 
2025,09,HUANCAVELICA,04,CASTROVIRREYNA,13,TICRAPO,34015,02,02,1,2,090431002,.5966893,1,,1,1,3,3,MASHUA,2606,1,0,050,0,0,0,1,1,0,0, 
2025,09,HUANCAVELICA,05,CHURCAMPA,01,CHURCAMPA,34016,03,03,1,2,090531003,21.47187,1,,1,1,9,1,PAPA COLOR,2613,1,0,125,0,0,1,0,0,0,0, 
2025,09,HUANCAVELICA,05,CHURCAMPA,02,ANCO,34021,01,01,1,2,090531003,18.52133,1,,1,1,2,1,ARVEJA,2901,1,0,100,0,0,0,0,1,0,0, 
2025,09,HUANCAVELICA,05,CHURCAMPA,04,EL CARMEN,34023,05,05,1,2,090541003,2.707464,1,,1,1,10,1,PAPA COLOR,2613,1,1800,000,0,0,1,0,0,0,0, 
2025,09,HUANCAVELICA,05,CHURCAMPA,04,EL CARMEN,34025,02,02,1,2,090531003,6.499707,1,,1,1,5,1,MAIZ AMILACEO,2108,1,0,500,0,0,1,0,1,0,0, 
2025,09,HUANCAVELICA,05,CHURCAMPA,04,EL CARMEN,34025,04,04,1,2,090531003,6.272586,1,,1,1,1,1,MAIZ AMILACEO,2108,1,0,153,0,0,1,0,0,0,0, 
2025,09,HUANCAVELICA,05,CHURCAMPA,04,EL CARMEN,34028,03,03,1,2,090534004,67.92941,1,,1,0,3,1,PALTO,1162,2,0,200,0,0,1,0,0,0,0, 
2025,09,HUANCAVELICA,05,CHURCAMPA,05,LA MERCED,34029,07,07,1,2,090571003,2.812835,1,,1,1,5,1,PALTO,1162,2,0,100,0,0,1,0,0,0,0, 
2025,09,HUANCAVELICA,05,CHURCAMPA,05,LA MERCED,34029,07,07,1,2,090571003,2.812835,1,,1,1,5,2,PAPAYA,1163,2,0,100,0,0,1,0,0,0,0, 
2025,09,HUANCAVELICA,05,CHURCAMPA,05,LA MERCED,34029,08,08,1,2,090571003,.0557045,1,,1,1,4,1,HABA,2942,1,0,100,0,0,1,1,0,0,0, 
2025,09,HUANCAVELICA,05,CHURCAMPA,05,LA MERCED,34029,08,08,1,2,090571003,.0557045,1,,1,1,5,1,LINAZA,2819,1,0,130,0,0,1,0,0,0,0, 
2025,09,HUANCAVELICA,05,CHURCAMPA,05,LA MERCED,34031,02,02,1,2,090531003,152.2376,1,,1,1,3,1,GARBANZO,2941,1,0,050,0,0,1,0,0,1,0, 
2025,09,HUANCAVELICA,05,CHURCAMPA,06,LOCROJA,34034,03,03,1,2,090531003,4.501558,1,,1,1,4,1,MAIZ AMILACEO,2108,1,0,250,0,0,1,0,0,0,1, 
2025,09,HUANCAVELICA,05,CHURCAMPA,06,LOCROJA,34034,06,06,1,2,090531003,.4146423,1,,1,1,3,1,ARVEJA,2901,1,0,500,0,0,0,0,0,0,1, 
2025,09,HUANCAVELICA,05,CHURCAMPA,07,PAUCARBAMBA,34039,05,05,1,2,090541003,19.89028,1,,1,1,4,1,ARVEJA,2901,1,0,500,0,0,1,1,0,0,0, 
2025,09,HUANCAVELICA,05,CHURCAMPA,07,PAUCARBAMBA,34042,02,02,1,2,090531003,1.536088,1,,1,1,1,1,TRIGO,2113,1,0,129,0,0,0,0,0,0,1, 
2025,09,HUANCAVELICA,05,CHURCAMPA,07,PAUCARBAMBA,34042,09,09,1,2,090531003,3.638506,1,,1,1,4,1,PAPA BLANCA,2612,1,0,125,0,0,0,1,1,0,0, 
2025,09,HUANCAVELICA,05,CHURCAMPA,07,PAUCARBAMBA,34042,11,11,1,2,090531003,1.15692,1,,1,1,5,1,CEBADA GRANO,2104,1,0,375,0,0,0,1,0,0,1, 
2025,09,HUANCAVELICA,05,CHURCAMPA,07,PAUCARBAMBA,34042,12,12,1,2,090531003,20.33411,1,,1,1,3,1,MAIZ AMILACEO,2108,1,0,400,0,0,1,0,0,0,0, 
2025,09,HUANCAVELICA,05,CHURCAMPA,07,PAUCARBAMBA,34045,04,04,1,2,090531003,.5631251,1,,1,1,1,1,LENTEJA,2944,1,0,100,0,0,1,0,0,0,0, 
2025,09,HUANCAVELICA,05,CHURCAMPA,08,SAN MIGUEL DE MAYOCC,34047,02,02,1,2,090571002,64.9797,1,,1,1,3,1,PACAE,1159,2,0,100,0,0,1,0,0,0,0, 
2025,09,HUANCAVELICA,05,CHURCAMPA,10,PACHAMARCA,34050,02,02,1,2,090531003,8.957273,1,,1,1,3,1,ARVEJA,2901,1,0,400,0,0,1,0,0,0,0, 
2025,09,HUANCAVELICA,05,CHURCAMPA,10,PACHAMARCA,34050,02,02,1,2,090531003,8.957273,1,,1,1,2,1,MAIZ AMILACEO,2108,1,0,200,0,0,1,1,0,0,1, 
2025,09,HUANCAVELICA,05,CHURCAMPA,10,PACHAMARCA,34051,04,04,1,2,090531003,21.39967,1,,1,1,2,1,FRIJOL CABALLERO,2908,1,0,300,0,0,1,0,0,0,0, 
2025,09,HUANCAVELICA,06,HUAYTARA,03,CORDOVA,34062,01,01,1,2,090642002,.6035174,1,,1,0,1,1,HABA,2942,1,0,065,0,0,0,1,0,0,0, 
2025,09,HUANCAVELICA,06,HUAYTARA,10,SAN ANTONIO DE CUSICANCHA,34073,01,01,1,2,090641002,59.88116,1,,1,1,3,1,HABA,2942,1,0,050,0,0,0,1,0,0,0, 
2025,09,HUANCAVELICA,06,HUAYTARA,10,SAN ANTONIO DE CUSICANCHA,34073,02,02,1,2,090641002,17.63382,1,,1,1,10,1,PAPA BLANCA,2612,1,0,010,0,0,0,1,0,0,0, 
2025,09,HUANCAVELICA,06,HUAYTARA,10,SAN ANTONIO DE CUSICANCHA,34073,02,02,1,2,090641002,17.63382,1,,1,1,10,2,HABA,2942,1,0,020,0,0,0,1,0,0,0, 
2025,09,HUANCAVELICA,06,HUAYTARA,10,SAN ANTONIO DE CUSICANCHA,34073,02,02,1,2,090641002,17.63382,1,,1,1,10,3,OLLUCO,2609,1,0,010,0,0,0,1,0,0,0, 
2025,09,HUANCAVELICA,06,HUAYTARA,10,SAN ANTONIO DE CUSICANCHA,34073,02,02,1,2,090641002,17.63382,1,,1,1,10,4,OCA,2608,1,0,010,0,0,0,1,0,0,0, 
2025,09,HUANCAVELICA,07,TAYACAJA,01,PAMPAS,34094,01,01,1,2,090732003,25.02444,1,,1,1,1,1,ARVEJA,2901,1,0,100,0,0,1,0,0,0,0, 
2025,09,HUANCAVELICA,07,TAYACAJA,01,PAMPAS,34094,02,02,1,2,090732003,151.9289,1,,1,1,4,1,PAPA BLANCA,2612,1,0,500,0,0,1,0,0,0,0, 
2025,09,HUANCAVELICA,07,TAYACAJA,01,PAMPAS,34094,02,02,1,2,090732003,151.9289,1,,1,1,4,2,HABA,2942,1,0,350,0,0,1,0,0,0,0, 
2025,09,HUANCAVELICA,07,TAYACAJA,02,ACOSTAMBO,34096,02,02,1,2,090743002,9.228724,1,,1,1,4,1,ARVEJA,2901,1,0,400,0,0,0,1,0,0,0, 
2025,09,HUANCAVELICA,07,TAYACAJA,05,COLCABAMBA,34106,01,01,1,2,090753002,.7365533,1,,1,1,1,1,AVENA GRANO,2102,1,0,350,0,0,0,1,0,0,0, 
2025,09,HUANCAVELICA,07,TAYACAJA,05,COLCABAMBA,34108,02,02,1,2,090732003,7.616754,1,,1,1,4,1,ARVEJA,2901,1,0,400,0,0,0,0,0,0,1, 
2025,09,HUANCAVELICA,07,TAYACAJA,05,COLCABAMBA,34108,06,06,1,2,090732003,15.61876,1,,1,0,4,1,ARVEJA,2901,1,0,300,0,0,0,0,0,0,1, 
2025,09,HUANCAVELICA,07,TAYACAJA,05,COLCABAMBA,34108,09,09,1,2,090732003,1.058101,1,,1,1,2,1,ARVEJA,2901,1,0,229,0,0,0,0,0,0,1, 
2025,09,HUANCAVELICA,07,TAYACAJA,07,HUACHOCOLPA,34125,04,04,1,2,090731002,6.223157,1,,1,1,4,1,MAIZ AMILACEO,2108,1,0,080,1,0,0,0,0,0,0, 
2025,09,HUANCAVELICA,07,TAYACAJA,09,HUARIBAMBA,34127,01,01,1,2,090731002,1.592013,1,,1,1,6,1,ARVEJA,2901,1,0,400,0,0,0,1,0,0,0, 
2025,09,HUANCAVELICA,07,TAYACAJA,09,HUARIBAMBA,34127,05,05,1,2,090731002,4.145389,1,,1,1,1,1,RYE GRASS,1476,3,0,080,0,0,1,0,0,1,0, 
2025,09,HUANCAVELICA,07,TAYACAJA,09,HUARIBAMBA,34129,01,01,1,2,090732002,10.00499,1,,1,0,4,1,PAPA AMARILLA,2611,1,500,000,0,0,1,0,0,0,0, 
2025,09,HUANCAVELICA,07,TAYACAJA,09,HUARIBAMBA,34132,05,05,1,2,090732002,4.045998,1,,1,1,7,1,PAPA BLANCA,2612,1,4000,000,0,0,1,0,0,0,0, 
2025,09,HUANCAVELICA,07,TAYACAJA,09,HUARIBAMBA,34132,05,05,1,2,090732002,4.045998,1,,1,1,7,2,PAPA COLOR,2613,1,3500,000,0,0,1,0,0,0,0, 
2025,09,HUANCAVELICA,07,TAYACAJA,09,HUARIBAMBA,34133,02,02,1,2,090732002,9.732432,1,,1,1,3,1,PAPA BLANCA,2612,1,0,080,0,0,0,0,0,0,1, 
2025,09,HUANCAVELICA,07,TAYACAJA,11,PAZOS,34137,01,01,1,2,090732002,4.234909,1,,1,1,4,1,PAPA BLANCA,2612,1,0,250,0,0,0,1,0,0,0, 
2025,09,HUANCAVELICA,07,TAYACAJA,11,PAZOS,34139,08,08,1,2,090742002,80.79311,1,,1,1,5,1,PAPA AMARILLA,2611,1,0,150,0,0,1,1,1,0,0, 
2025,09,HUANCAVELICA,07,TAYACAJA,11,PAZOS,34139,08,08,1,2,090742002,80.79311,1,,1,1,3,1,PAPA NATIVA,2615,1,0,070,0,0,1,1,1,0,0, 
2025,09,HUANCAVELICA,07,TAYACAJA,11,PAZOS,34139,08,08,1,2,090742002,80.79311,1,,1,1,3,2,PAPA AMARGA,2610,1,0,080,0,0,1,1,1,0,0, 
2025,09,HUANCAVELICA,07,TAYACAJA,14,SALCABAMBA,34142,01,01,1,2,090734002,29.64735,1,,1,1,1,1,MAIZ AMILACEO,2108,1,0,250,0,0,1,1,0,0,0, 
2025,09,HUANCAVELICA,07,TAYACAJA,14,SALCABAMBA,34143,02,02,1,2,090732002,.3777312,1,,1,1,4,1,PAPA BLANCA,2612,1,0,250,0,0,1,0,0,0,1, 
2025,09,HUANCAVELICA,07,TAYACAJA,14,SALCABAMBA,34145,05,05,1,2,090744002,1.125223,1,,1,1,6,1,MAIZ AMILACEO,2108,1,0,250,0,0,0,0,0,0,1, 
2025,09,HUANCAVELICA,07,TAYACAJA,15,SALCAHUASI,34146,04,04,1,2,090732002,1.925223,1,,1,1,5,1,FRIJOL PANAMITO,2929,1,0,250,0,0,0,0,0,1,0, 
2025,09,HUANCAVELICA,07,TAYACAJA,15,SALCAHUASI,34147,03,03,1,2,090732002,10.37772,1,,1,1,1,1,PAPA BLANCA,2612,1,0,030,0,0,1,0,0,0,0, 
2025,09,HUANCAVELICA,07,TAYACAJA,18,TINTAY PUNCU,34151,02,02,1,2,090733002,11.63641,1,,1,1,3,1,ZAPALLO,2345,1,0,150,0,0,1,0,0,0,1, 
2025,09,HUANCAVELICA,07,TAYACAJA,18,TINTAY PUNCU,34151,03,03,1,2,090733002,.9819042,1,,1,1,1,1,ROCOTO,2338,1,0,200,0,0,1,0,0,0,1, 
2025,09,HUANCAVELICA,07,TAYACAJA,19,QUICHUAS,34159,02,02,1,2,090742002,5.415768,1,,1,1,9,1,TARHUI,2947,1,0,250,0,0,0,1,0,0,0, 
2025,09,HUANCAVELICA,07,TAYACAJA,19,QUICHUAS,34159,02,02,1,2,090742002,5.415768,1,,1,1,1,1,TARHUI,2947,1,0,100,0,0,0,1,0,0,0, 
2025,09,HUANCAVELICA,07,TAYACAJA,19,QUICHUAS,34159,08,08,1,2,090742002,27.64665,1,,1,1,4,1,OLLUCO,2609,1,0,250,0,0,1,0,0,0,0, 
2025,09,HUANCAVELICA,07,TAYACAJA,19,QUICHUAS,34162,01,01,1,2,090743002,64.86029,1,,1,1,2,1,PAPA COLOR,2613,1,0,240,0,0,0,1,0,0,0, 
2025,09,HUANCAVELICA,07,TAYACAJA,19,QUICHUAS,34162,01,01,1,2,090743002,64.86029,1,,1,1,1,1,TARHUI,2947,1,0,060,0,0,0,1,0,0,0, 
2025,09,HUANCAVELICA,07,TAYACAJA,22,PICHOS,34170,09,09,1,2,090743002,10.19239,1,,1,1,4,1,MAIZ AMILACEO,2108,1,10000,000,1,0,0,0,0,0,0, 
2025,09,HUANCAVELICA,07,TAYACAJA,22,PICHOS,34171,04,04,1,2,090732002,28.85861,1,,1,1,3,1,PAPA AMARILLA,2611,1,0,125,0,0,0,1,0,0,0, 
2025,09,HUANCAVELICA,07,TAYACAJA,22,PICHOS,34172,01,01,1,2,090732002,77.89411,1,,1,1,2,1,PACAE,1159,2,0,020,0,0,1,0,0,0,0, 
2025,09,HUANCAVELICA,07,TAYACAJA,23,SANTIAGO DE TUCUMA,34173,05,05,1,2,090731003,1.965291,1,,1,1,2,1,ARVEJA,2901,1,0,250,0,0,0,1,0,0,0, 
2025,09,HUANCAVELICA,07,TAYACAJA,23,SANTIAGO DE TUCUMA,34175,01,01,1,2,090754002,1.922946,1,,1,1,3,1,MAIZ CHOCLO,2109,1,0,500,0,0,0,1,0,0,0, 
2025,10,HUANUCO,01,HUANUCO,01,HUANUCO,34176,01,01,1,2,100134002,771.9102,1,,1,1,2,1,OLLUCO,2609,1,0,250,0,0,1,0,1,0,0, 
2025,10,HUANUCO,01,HUANUCO,01,HUANUCO,34176,01,01,1,2,100134002,771.9102,1,,1,1,2,2,OCA,2608,1,0,250,0,0,1,0,1,0,0, 
2025,10,HUANUCO,01,HUANUCO,01,HUANUCO,34177,10,10,1,2,100131004,7.29616,1,,1,1,2,1,BROCOLI,2312,1,0,200,0,0,0,0,0,1,0, 
2025,10,HUANUCO,01,HUANUCO,03,CHINCHAO,34192,02,02,1,2,100171004,.9526365,1,,1,1,1,1,MAIZ AMARILLO DURO,2107,1,0,160,0,0,1,0,0,0,0, 
2025,10,HUANUCO,01,HUANUCO,09,SANTA MARIA DEL VALLE,34199,02,02,1,3,100174002,2.291898,1,,1,0,1,1,APIO,2306,1,0,300,0,0,1,0,0,0,0, 
2025,10,HUANUCO,01,HUANUCO,04,CHURUBAMBA,34203,08,08,1,2,100131003,6.58877,1,,1,1,2,1,PAPA BLANCA,2612,1,0,200,0,0,1,0,0,0,0, 
2025,10,HUANUCO,01,HUANUCO,04,CHURUBAMBA,34208,02,02,1,2,100131003,35.11061,1,,1,1,2,1,PAPA BLANCA,2612,1,1,000,0,0,1,0,0,0,0, 
2025,10,HUANUCO,01,HUANUCO,04,CHURUBAMBA,34210,01,01,1,2,100141005,.204319,1,,1,1,1,1,PAPA NATIVA,2615,1,0,400,0,0,0,1,0,0,0, 
2025,10,HUANUCO,01,HUANUCO,04,CHURUBAMBA,34210,03,03,1,2,100141005,3.266458,1,,1,1,3,1,PAPA AMARILLA,2611,1,0,500,0,0,1,1,0,0,0, 
2025,10,HUANUCO,01,HUANUCO,04,CHURUBAMBA,34210,04,04,1,2,100141005,4.233345,1,,1,1,2,1,PAPA AMARILLA,2611,1,1,000,0,0,1,1,0,0,0, 
2025,10,HUANUCO,01,HUANUCO,04,CHURUBAMBA,34211,01,01,1,2,100153002,.7622839,1,,1,1,4,1,PAPA HUAYRO,2614,1,1,500,0,1,0,0,0,0,0, 
2025,10,HUANUCO,01,HUANUCO,10,YARUMAYO,34217,01,01,1,2,100131003,3.978627,1,,1,1,1,1,PAPA BLANCA,2612,1,1,000,0,0,0,1,0,0,0, 
2025,10,HUANUCO,01,HUANUCO,06,QUISQUI,34220,01,01,1,2,100154002,48.50467,1,,1,0,1,1,OLLUCO,2609,1,0,130,0,0,0,1,0,0,0, 
2025,10,HUANUCO,01,HUANUCO,09,SANTA MARIA DEL VALLE,34230,01,01,1,2,100141002,450.9788,1,,1,1,3,1,PAPA HUAYRO,2614,1,0,250,0,0,1,0,1,0,0, 
2025,10,HUANUCO,01,HUANUCO,07,SAN FRANCISCO DE CAYRAN,34235,01,01,1,2,100144003,542.6632,1,,1,1,2,1,PAPA NATIVA,2615,1,0,050,1,0,0,0,0,0,0, 
2025,10,HUANUCO,01,HUANUCO,10,YARUMAYO,34238,03,03,1,2,100141003,.3389153,1,,1,1,5,1,PAPA NATIVA,2615,1,0,500,0,0,1,1,0,0,0, 
2025,10,HUANUCO,01,HUANUCO,11,PILLCO MARCA,34240,01,01,1,2,100151003,15.17855,1,,1,1,2,1,PAPA AMARILLA,2611,1,0,100,0,0,1,1,0,0,0, 
2025,10,HUANUCO,01,HUANUCO,13,SAN PABLO DE PILLAO,34251,02,02,1,2,100131003,31.42474,1,,1,1,2,1,ARVEJA,2901,1,1,000,0,0,0,0,0,0,1, 
2025,10,HUANUCO,02,AMBO,01,AMBO,34270,01,01,1,2,100233004,23.97055,1,,1,1,1,1,ZAPALLO,2345,1,0,100,0,0,1,0,0,0,0, 
2025,10,HUANUCO,02,AMBO,01,AMBO,34270,03,03,1,2,100233004,.2856874,1,,1,1,1,1,ZAPALLO,2345,1,0,250,0,0,0,0,0,0,1, 
2025,10,HUANUCO,02,AMBO,01,AMBO,34271,05,05,1,2,100241005,.6099824,1,,1,0,1,1,PAPA AMARILLA,2611,1,0,756,0,0,1,0,0,0,0, 
2025,10,HUANUCO,02,AMBO,01,AMBO,34271,05,05,1,2,100241005,.6099824,1,,1,0,2,1,PAPA AMARILLA,2611,1,0,765,0,0,1,0,0,0,0, 
2025,10,HUANUCO,02,AMBO,05,HUACAR,34286,02,02,1,2,100232003,9.223434,1,,1,1,1,1,TARHUI,2947,1,0,250,0,1,0,0,0,0,0, 
2025,10,HUANUCO,02,AMBO,05,HUACAR,34289,01,01,1,2,100242002,26.01171,1,,1,0,1,1,PAPA AMARILLA,2611,1,0,750,0,0,1,1,0,1,0, 
2025,10,HUANUCO,02,AMBO,08,TOMAY KICHWA,34308,03,03,1,2,100274002,1875.829,1,,1,0,2,1,MAIZ AMILACEO,2108,1,0,500,0,1,0,0,0,0,0, 
2025,10,HUANUCO,03,DOS DE MAYO,01,LA UNION,34311,04,04,1,2,100343004,145.2663,1,,1,1,1,1,TARHUI,2947,1,0,029,0,0,0,1,1,0,0, 
2025,10,HUANUCO,03,DOS DE MAYO,07,CHUQUIS,34314,01,01,1,2,100341002,1.555441,1,,1,1,1,1,PAPA HUAYRO,2614,1,0,030,0,0,1,0,1,0,0, 
2025,10,HUANUCO,03,DOS DE MAYO,13,PACHAS,34328,01,01,1,2,100342003,18.48934,1,,1,1,4,1,PAPA NATIVA,2615,1,0,100,0,0,0,0,1,0,0, 
2025,10,HUANUCO,03,DOS DE MAYO,13,PACHAS,34328,05,05,1,2,100342003,27.73602,1,,1,1,2,1,OCA,2608,1,0,050,0,0,0,0,0,1,0, 
2025,10,HUANUCO,03,DOS DE MAYO,13,PACHAS,34328,05,05,1,2,100342003,27.73602,1,,1,1,2,2,HABA,2942,1,0,050,0,0,0,0,0,1,0, 
2025,10,HUANUCO,03,DOS DE MAYO,13,PACHAS,34328,08,08,1,2,100342003,5.99736,1,,1,1,2,1,PAPA BLANCA,2612,1,0,020,0,0,1,0,0,0,0, 
2025,10,HUANUCO,03,DOS DE MAYO,13,PACHAS,34328,09,09,1,2,100342003,6.501594,1,,1,1,1,1,OLLUCO,2609,1,0,060,0,0,0,0,1,0,0, 
2025,10,HUANUCO,03,DOS DE MAYO,13,PACHAS,34328,09,09,1,2,100342003,6.501594,1,,1,1,4,1,OLLUCO,2609,1,0,050,0,0,0,0,1,0,0, 
2025,10,HUANUCO,03,DOS DE MAYO,13,PACHAS,34328,09,09,1,2,100342003,6.501594,1,,1,1,4,2,PAPA NATIVA,2615,1,0,050,0,0,0,0,1,0,0, 
2025,10,HUANUCO,03,DOS DE MAYO,13,PACHAS,34328,09,09,1,2,100342003,6.501594,1,,1,1,4,3,OCA,2608,1,0,050,0,0,0,0,1,0,0, 
2025,10,HUANUCO,03,DOS DE MAYO,13,PACHAS,34335,03,03,1,2,100331003,24.25246,1,,1,1,5,1,PAPA HUAYRO,2614,1,0,050,0,0,1,0,0,0,0, 
2025,10,HUANUCO,03,DOS DE MAYO,16,QUIVILLA,34336,02,02,1,2,100332003,24.24184,1,,1,1,2,1,MAIZ AMILACEO,2108,1,0,250,0,0,1,0,0,0,0, 
2025,10,HUANUCO,03,DOS DE MAYO,21,SHUNQUI,34340,01,01,1,2,100331002,125.2627,1,,1,1,1,1,ALFALFA,1401,3,1,000,1,0,0,0,0,0,0, 
2025,10,HUANUCO,03,DOS DE MAYO,22,SILLAPATA,34344,01,01,1,2,100341003,7.283884,1,,1,1,1,1,PAPA NATIVA,2615,1,0,250,0,0,0,0,1,0,0, 
2025,10,HUANUCO,03,DOS DE MAYO,22,SILLAPATA,34346,02,02,1,2,100353003,1.029914,1,,1,1,4,1,MAIZ AMILACEO,2108,1,0,250,0,0,1,1,1,0,0, 
2025,10,HUANUCO,04,HUACAYBAMBA,02,CANCHABAMBA,34356,01,01,1,2,100451002,13.3632,1,,1,1,3,1,OLLUCO,2609,1,0,100,0,0,0,0,0,0,1, 
2025,10,HUANUCO,04,HUACAYBAMBA,04,PINRA,34357,02,02,1,2,100444003,72.02872,1,,1,1,2,1,OCA,2608,1,0,050,0,0,1,1,0,0,0, 
2025,10,HUANUCO,04,HUACAYBAMBA,04,PINRA,34357,04,04,1,2,100444003,85.22644,1,,1,1,1,1,PAPA NATIVA,2615,1,0,125,0,0,1,0,0,0,0, 
2025,10,HUANUCO,04,HUACAYBAMBA,04,PINRA,34357,05,05,1,2,100444003,77.40231,1,,1,1,5,1,OCA,2608,1,0,250,0,0,1,0,0,0,0, 
2025,10,HUANUCO,04,HUACAYBAMBA,03,COCHABAMBA,34362,02,02,1,2,100432003,33.5749,1,,1,1,5,1,HABA,2942,1,0,125,0,0,0,0,0,0,1, 
2025,10,HUANUCO,04,HUACAYBAMBA,03,COCHABAMBA,34362,02,02,1,2,100432003,33.5749,1,,1,1,5,2,ARVEJA,2901,1,0,125,0,0,0,0,0,0,1, 
2025,10,HUANUCO,04,HUACAYBAMBA,03,COCHABAMBA,34366,04,04,1,2,100442003,71.3838,1,,1,1,1,1,OCA,2608,1,0,125,0,0,0,0,0,0,1, 
2025,10,HUANUCO,04,HUACAYBAMBA,03,COCHABAMBA,34367,01,01,1,3,100472002,5.759733,1,,1,1,1,1,CAFE PERGAMINO,1203,2,0,488,0,0,0,0,0,0,1, 
2025,10,HUANUCO,04,HUACAYBAMBA,04,PINRA,34371,02,02,1,2,100431003,72.9362,1,,1,1,4,1,FRIJOL CANARIO,2910,1,0,250,0,0,1,0,0,0,0, 
2025,10,HUANUCO,04,HUACAYBAMBA,04,PINRA,34372,01,01,1,2,100431003,26.09315,1,,1,1,1,1,MAIZ AMILACEO,2108,1,0,050,1,0,1,1,1,1,0, 
2025,10,HUANUCO,04,HUACAYBAMBA,04,PINRA,34372,01,01,1,2,100431003,26.09315,1,,1,1,3,1,MAIZ AMILACEO,2108,1,0,250,0,0,1,1,1,1,0, 
2025,10,HUANUCO,04,HUACAYBAMBA,04,PINRA,34381,02,02,1,2,100443004,12.97659,1,,1,1,2,1,HABA,2942,1,0,050,0,0,0,0,0,0,1, 
2025,10,HUANUCO,04,HUACAYBAMBA,04,PINRA,34381,02,02,1,2,100443004,12.97659,1,,1,1,3,1,TARHUI,2947,1,0,050,0,0,0,1,0,0,0, 
2025,10,HUANUCO,04,HUACAYBAMBA,04,PINRA,34382,02,02,1,2,100441004,2.051189,1,,1,1,1,1,CEBADA GRANO,2104,1,0,071,0,0,1,0,0,0,0, 
2025,10,HUANUCO,04,HUACAYBAMBA,04,PINRA,34382,02,02,1,2,100441004,2.051189,1,,1,1,1,2,PAPA NATIVA,2615,1,0,063,0,0,1,1,1,0,0, 
2025,10,HUANUCO,05,HUAMALIES,01,LLATA,34384,01,01,1,2,100542002,109.6543,1,,1,1,2,1,TRIGO,2113,1,0,005,0,0,1,0,0,0,0, 
2025,10,HUANUCO,05,HUAMALIES,01,LLATA,34385,02,02,1,2,100543004,5.912328,1,,1,1,5,1,HABA,2942,1,0,250,0,0,1,0,0,0,0, 
2025,10,HUANUCO,05,HUAMALIES,03,CHAVIN DE PARIARCA,34400,01,01,1,2,100531003,223.8782,1,,1,1,3,1,QUINUA,2111,1,0,250,0,0,1,0,0,0,0, 
2025,10,HUANUCO,05,HUAMALIES,03,CHAVIN DE PARIARCA,34400,03,03,1,2,100531003,44.27453,1,,1,1,2,1,MAIZ CHOCLO,2109,1,0,250,0,0,1,1,0,0,0, 
2025,10,HUANUCO,05,HUAMALIES,03,CHAVIN DE PARIARCA,34400,03,03,1,2,100531003,44.27453,1,,1,1,5,1,PAPA BLANCA,2612,1,0,125,0,0,1,0,0,0,0, 
2025,10,HUANUCO,05,HUAMALIES,03,CHAVIN DE PARIARCA,34400,08,08,1,2,100531003,181.9209,1,,1,0,1,1,PAPA BLANCA,2612,1,0,125,0,0,1,0,0,0,0, 
2025,10,HUANUCO,05,HUAMALIES,04,JACAS GRANDE,34401,04,04,1,2,100542004,1.544919,1,,1,1,1,1,PAPA NATIVA,2615,1,0,030,0,0,1,0,1,0,0, 
2025,10,HUANUCO,05,HUAMALIES,10,SINGA,34437,01,01,1,2,100531002,340.9438,1,,1,1,1,1,ARVEJA,2901,1,0,125,0,0,1,0,0,0,0, 
2025,10,HUANUCO,05,HUAMALIES,10,SINGA,34437,01,01,1,2,100531002,340.9438,1,,1,1,2,1,HABA,2942,1,0,125,0,0,1,0,0,0,0, 
2025,10,HUANUCO,05,HUAMALIES,10,SINGA,34437,02,02,1,2,100531002,37.03091,1,,1,1,3,1,MAIZ AMILACEO,2108,1,0,125,1,0,0,0,0,0,0, 
2025,10,HUANUCO,05,HUAMALIES,10,SINGA,34437,02,02,1,2,100531002,37.03091,1,,1,1,1,1,TARHUI,2947,1,0,125,0,0,1,0,0,0,0, 
2025,10,HUANUCO,05,HUAMALIES,10,SINGA,34437,03,03,1,2,100531002,7.413352,1,,1,1,2,1,ARVEJA,2901,1,0,125,0,0,1,0,0,0,1, 
2025,10,HUANUCO,05,HUAMALIES,10,SINGA,34437,04,04,1,2,100531002,50.78522,1,,1,0,5,1,PAPA AMARILLA,2611,1,0,125,0,0,1,0,0,0,0, 
2025,10,HUANUCO,05,HUAMALIES,10,SINGA,34437,04,04,1,2,100531002,50.78522,1,,1,0,6,1,PAPA HUAYRO,2614,1,0,125,0,0,1,0,0,0,0, 
2025,10,HUANUCO,05,HUAMALIES,10,SINGA,34437,04,04,1,2,100531002,50.78522,1,,1,0,2,1,MAIZ AMILACEO,2108,1,0,125,0,0,1,0,0,0,0, 
2025,10,HUANUCO,05,HUAMALIES,10,SINGA,34437,05,05,1,2,100531002,38.28357,1,,1,1,1,1,ARVEJA,2901,1,0,070,0,0,1,0,0,0,0, 
2025,10,HUANUCO,05,HUAMALIES,10,SINGA,34437,06,06,1,2,100531002,15.77603,1,,1,1,1,1,ARVEJA,2901,1,0,250,0,0,1,1,0,0,0, 
2025,10,HUANUCO,05,HUAMALIES,10,SINGA,34440,01,01,1,2,100534002,10.07016,1,,1,1,3,1,PAPA BLANCA,2612,1,0,125,0,0,1,0,0,0,0, 
2025,10,HUANUCO,05,HUAMALIES,10,SINGA,34440,01,01,1,2,100534002,10.07016,1,,1,1,6,1,ARVEJA,2901,1,0,125,0,0,1,0,0,0,0, 
2025,10,HUANUCO,05,HUAMALIES,10,SINGA,34440,02,02,1,2,100534002,263.8334,1,,1,1,5,1,MAIZ AMILACEO,2108,1,0,125,0,0,1,0,0,0,0, 
2025,10,HUANUCO,05,HUAMALIES,10,SINGA,34440,02,02,1,2,100534002,263.8334,1,,1,1,2,1,ARVEJA,2901,1,0,125,0,0,1,0,0,0,0, 
2025,10,HUANUCO,05,HUAMALIES,10,SINGA,34440,02,02,1,2,100534002,263.8334,1,,1,1,3,1,PAPA AMARILLA,2611,1,0,125,0,0,1,1,0,0,0, 
2025,10,HUANUCO,05,HUAMALIES,10,SINGA,34440,05,05,1,2,100534002,107.2302,1,,1,1,4,1,ARVEJA,2901,1,0,125,0,0,1,0,0,0,0, 
2025,10,HUANUCO,05,HUAMALIES,10,SINGA,34440,05,05,1,2,100534002,107.2302,1,,1,1,9,1,PAPA HUAYRO,2614,1,0,125,0,0,1,1,0,0,0, 
2025,10,HUANUCO,05,HUAMALIES,10,SINGA,34440,05,05,1,2,100534002,107.2302,1,,1,1,6,1,PAPA BLANCA,2612,1,0,250,0,0,1,0,0,0,0, 
2025,10,HUANUCO,05,HUAMALIES,10,SINGA,34440,05,05,1,2,100534002,107.2302,1,,1,1,2,1,ARVEJA,2901,1,0,125,0,0,1,1,0,0,0, 
2025,10,HUANUCO,06,LEONCIO PRADO,01,RUPA-RUPA,34447,01,01,1,3,100681003,147.3582,1,,1,1,2,1,CACAO,1202,3,0,500,1,0,0,0,0,0,0, 
2025,10,HUANUCO,06,LEONCIO PRADO,08,CASTILLO GRANDE,34500,01,01,1,3,100682004,48.50237,1,,1,1,1,1,PLATANO,1171,3,2,000,1,0,0,0,0,0,0, 
2025,10,HUANUCO,06,LEONCIO PRADO,08,CASTILLO GRANDE,34500,01,01,1,3,100682004,48.50237,1,,1,1,1,2,CACAO,1202,3,1,000,1,0,0,0,0,0,0, 
2025,10,HUANUCO,07,MARAÑON,01,HUACRACHUCO,34511,01,01,1,2,100752002,1.372605,1,,1,1,1,1,OCA,2608,1,0,060,0,0,1,0,0,0,0, 
2025,10,HUANUCO,07,MARAÑON,01,HUACRACHUCO,34519,03,03,1,2,100743002,25.12588,1,,1,1,6,1,OCA,2608,1,0,050,0,0,1,1,0,0,0, 
2025,10,HUANUCO,07,MARAÑON,02,CHOLON,34534,04,04,1,3,100773004,1.619684,1,,1,1,6,1,MAIZ AMILACEO,2108,1,1,000,0,0,1,0,0,0,0, 
2025,10,HUANUCO,07,MARAÑON,02,CHOLON,34538,07,07,1,2,100743003,12.67715,1,,1,1,3,1,PAPA BLANCA,2612,1,0,082,0,0,1,1,0,0,0, 
2025,10,HUANUCO,07,MARAÑON,03,SAN BUENAVENTURA,34544,03,03,1,2,100731003,89.33836,1,,1,1,2,1,PAPA HUAYRO,2614,1,0,250,0,0,1,1,0,0,0, 
2025,10,HUANUCO,07,MARAÑON,03,SAN BUENAVENTURA,34544,04,04,1,2,100731003,296.4202,1,,1,1,1,1,PAPA HUAYRO,2614,1,0,250,0,0,1,1,0,0,0, 
2025,10,HUANUCO,07,MARAÑON,03,SAN BUENAVENTURA,34544,05,05,1,2,100731003,191.2925,1,,1,1,2,1,ARVEJA,2901,1,0,125,0,0,1,1,0,0,0, 
2025,10,HUANUCO,07,MARAÑON,03,SAN BUENAVENTURA,34544,06,06,1,2,100731003,314.1201,1,,1,1,4,1,ARVEJA,2901,1,0,125,0,0,1,0,0,0,0, 
2025,10,HUANUCO,07,MARAÑON,03,SAN BUENAVENTURA,34544,06,06,1,2,100731003,314.1201,1,,1,1,1,1,PAPA HUAYRO,2614,1,0,125,0,0,1,0,0,0,0, 
2025,10,HUANUCO,07,MARAÑON,03,SAN BUENAVENTURA,34544,06,06,1,2,100731003,314.1201,1,,1,1,6,1,ARVEJA,2901,1,0,125,0,0,1,0,0,0,0, 
2025,10,HUANUCO,07,MARAÑON,03,SAN BUENAVENTURA,34544,07,07,1,2,100731003,100.4049,1,,1,1,1,1,ARVEJA,2901,1,0,125,0,0,1,0,0,0,0, 
2025,10,HUANUCO,07,MARAÑON,03,SAN BUENAVENTURA,34544,07,07,1,2,100731003,100.4049,1,,1,1,2,1,MAIZ AMILACEO,2108,1,0,125,0,0,1,0,0,0,0, 
2025,10,HUANUCO,07,MARAÑON,03,SAN BUENAVENTURA,34544,08,08,1,2,100731003,286.5789,1,,1,1,1,1,ARVEJA,2901,1,0,125,0,0,1,1,0,0,0, 
2025,10,HUANUCO,07,MARAÑON,03,SAN BUENAVENTURA,34544,08,08,1,2,100731003,286.5789,1,,1,1,2,1,MAIZ AMILACEO,2108,1,0,125,0,0,1,0,0,0,0, 
2025,10,HUANUCO,07,MARAÑON,03,SAN BUENAVENTURA,34544,09,09,1,2,100731003,92.74107,1,,1,1,1,1,ARVEJA,2901,1,0,125,0,0,1,0,0,0,0, 
2025,10,HUANUCO,07,MARAÑON,03,SAN BUENAVENTURA,34544,09,09,1,2,100731003,92.74107,1,,1,1,2,1,MAIZ AMILACEO,2108,1,0,250,0,0,1,0,0,0,0, 
2025,10,HUANUCO,07,MARAÑON,03,SAN BUENAVENTURA,34544,10,10,1,2,100731003,151.3363,1,,1,1,4,1,TRIGO,2113,1,0,125,0,0,1,0,0,0,0, 
2025,10,HUANUCO,07,MARAÑON,03,SAN BUENAVENTURA,34544,10,10,1,2,100731003,151.3363,1,,1,1,1,1,ARVEJA,2901,1,0,250,0,0,1,0,0,0,0, 
2025,10,HUANUCO,07,MARAÑON,03,SAN BUENAVENTURA,34544,11,11,1,2,100731003,254.1741,1,,1,1,4,1,MAIZ AMILACEO,2108,1,0,125,0,0,1,0,0,0,0, 
2025,10,HUANUCO,07,MARAÑON,03,SAN BUENAVENTURA,34544,11,11,1,2,100731003,254.1741,1,,1,1,5,1,TARHUI,2947,1,0,125,0,0,1,0,0,0,0, 
2025,10,HUANUCO,07,MARAÑON,03,SAN BUENAVENTURA,34544,11,11,1,2,100731003,254.1741,1,,1,1,3,1,ARVEJA,2901,1,0,125,0,0,1,0,0,0,0, 
2025,10,HUANUCO,07,MARAÑON,03,SAN BUENAVENTURA,34545,01,01,1,2,100733004,49.20638,1,,1,1,4,1,MAIZ AMILACEO,2108,1,0,250,0,0,0,0,0,1,0, 
2025,10,HUANUCO,07,MARAÑON,03,SAN BUENAVENTURA,34545,10,10,1,2,100733004,20.55699,1,,1,1,3,1,MAIZ AMILACEO,2108,1,0,125,0,0,0,0,0,1,0, 
2025,10,HUANUCO,07,MARAÑON,03,SAN BUENAVENTURA,34545,10,10,1,2,100733004,20.55699,1,,1,1,4,1,TRIGO,2113,1,0,125,0,0,0,0,0,1,0, 
2025,10,HUANUCO,08,PACHITEA,01,PANAO,34561,02,02,1,2,100841002,91.13483,1,,1,1,1,1,PAPA COLOR,2613,1,0,200,0,0,1,0,1,0,0, 
2025,10,HUANUCO,08,PACHITEA,01,PANAO,34563,03,03,1,2,100871003,17.97163,1,,1,1,1,1,MAIZ AMILACEO,2108,1,0,184,0,0,1,0,0,0,0, 
2025,10,HUANUCO,08,PACHITEA,01,PANAO,34563,10,10,1,2,100871003,51.96375,1,,1,1,3,1,ZAPALLO,2345,1,0,250,0,0,1,0,0,0,0, 
2025,10,HUANUCO,08,PACHITEA,01,PANAO,34572,02,02,1,2,100831003,31.48786,1,,1,1,3,1,PAPA BLANCA,2612,1,0,500,0,0,1,1,1,0,0, 
2025,10,HUANUCO,08,PACHITEA,02,CHAGLLA,34590,01,01,1,3,100883003,2.071849,1,,1,0,3,1,FRIJOL CANARIO,2910,1,2,000,0,0,1,0,0,0,0, 
2025,10,HUANUCO,08,PACHITEA,02,CHAGLLA,34590,01,01,1,3,100883003,2.071849,1,,1,0,3,2,FRIJOL CHAUCHA,2912,1,1,000,0,0,1,0,0,0,0, 
2025,10,HUANUCO,08,PACHITEA,03,MOLINO,34606,02,02,1,2,100832002,766.4387,1,,1,1,3,1,MAIZ AMILACEO,2108,1,0,500,0,0,1,0,0,0,0, 
2025,10,HUANUCO,08,PACHITEA,04,UMARI,34609,03,03,1,2,100872003,15.68317,1,,1,1,1,1,ZAPALLO,2345,1,0,250,0,0,1,0,0,0,1, 
2025,10,HUANUCO,08,PACHITEA,04,UMARI,34610,04,04,1,2,100831003,70.28321,1,,1,0,1,1,ARVEJA,2901,1,0,250,0,0,1,0,0,1,0, 
2025,10,HUANUCO,09,PUERTO INCA,01,PUERTO INCA,34645,01,01,1,3,100992004,21.08844,1,,1,1,1,1,CACAO,1202,3,11,098,0,0,1,0,0,0,0, 
2025,10,HUANUCO,09,PUERTO INCA,02,CODO DEL POZUZO,34660,01,01,1,3,100972004,18.09496,1,,1,1,2,1,MAIZ AMARILLO DURO,2107,1,1,000,0,0,1,0,0,0,0, 
2025,10,HUANUCO,09,PUERTO INCA,03,HONORIA,34700,01,01,1,3,100992004,8.612762,1,,1,1,1,1,MAIZ AMARILLO DURO,2107,1,0,500,0,0,1,0,0,0,0, 
2025,10,HUANUCO,09,PUERTO INCA,03,HONORIA,34709,05,05,1,3,100992005,9.416659,1,,1,1,1,1,MAIZ AMARILLO DURO,2107,1,0,500,0,0,0,0,0,0,1, 
2025,10,HUANUCO,09,PUERTO INCA,04,TOURNAVISTA,34731,06,06,1,3,100992005,6.239115,1,,1,1,1,1,KION,2818,1,1,000,0,0,1,0,0,0,0, 
2025,10,HUANUCO,09,PUERTO INCA,05,YUYAPICHIS,34752,02,02,1,3,100993005,39.48417,1,,1,1,1,1,ARROZ CASCARA,2101,1,1,000,0,0,0,0,0,0,1, 
2025,10,HUANUCO,10,LAURICOCHA,01,JESUS,34788,01,01,1,2,101043004,109.449,1,,1,1,2,1,PAPA NATIVA,2615,1,0,296,0,0,1,0,1,0,0, 
2025,10,HUANUCO,10,LAURICOCHA,01,JESUS,34790,03,03,1,2,101031002,15.14041,1,,1,1,6,1,PAPA NATIVA,2615,1,0,200,1,1,1,0,0,0,0, 
2025,10,HUANUCO,10,LAURICOCHA,02,BAÑOS,34795,01,01,1,2,101053002,474.6066,1,,1,1,2,1,HABA,2942,1,0,250,0,0,1,1,0,0,0, 
2025,10,HUANUCO,10,LAURICOCHA,02,BAÑOS,34797,01,01,1,2,101054002,736.7977,1,,1,1,1,1,PAPA HUAYRO,2614,1,0,125,0,0,1,1,0,0,0, 
2025,10,HUANUCO,10,LAURICOCHA,06,SAN FRANCISCO DE ASIS,34807,01,01,1,2,101033003,228.3111,1,,1,1,1,1,PAPA NATIVA,2615,1,0,100,0,0,1,1,0,0,0, 
2025,10,HUANUCO,11,YAROWILCA,03,CHACABAMBA,34820,01,01,1,2,101151002,2.477106,1,,1,1,3,1,PAPA NATIVA,2615,1,0,100,0,0,1,0,0,0,0, 
2025,10,HUANUCO,11,YAROWILCA,06,OBAS,34832,04,04,1,2,101141003,38.37904,1,,1,1,7,1,MAIZ AMILACEO,2108,1,0,050,0,0,0,0,0,0,1, 
2025,10,HUANUCO,11,YAROWILCA,06,OBAS,34833,01,01,1,2,101152004,2.682448,1,,1,1,2,1,PAPA NATIVA,2615,1,0,150,0,0,0,0,1,0,0, 
2025,10,HUANUCO,11,YAROWILCA,06,OBAS,34833,04,04,1,2,101152004,.8985097,1,,1,1,8,1,TUNA FRUTA,1186,2,0,500,0,0,0,0,0,0,1, 
2025,10,HUANUCO,11,YAROWILCA,06,OBAS,34833,09,09,1,2,101152004,.0227986,1,,1,1,2,1,PAPA NATIVA,2615,1,0,100,0,0,0,1,1,0,0, 
2025,10,HUANUCO,11,YAROWILCA,01,CHAVINILLO,34834,01,01,1,2,101144002,50.40401,1,,1,1,1,1,TARHUI,2947,1,0,125,0,0,1,1,0,0,0, 
2025,10,HUANUCO,11,YAROWILCA,01,CHAVINILLO,34834,02,02,1,2,101144002,549.5431,1,,1,1,1,1,OCA,2608,1,0,015,0,0,1,1,0,0,0, 
2025,10,HUANUCO,11,YAROWILCA,06,OBAS,34838,09,09,1,2,101143003,.4104713,1,,1,1,4,1,HABA,2942,1,0,125,0,0,1,0,0,0,0, 
2025,10,HUANUCO,11,YAROWILCA,07,PAMPAMARCA,34841,01,01,1,2,101143002,9.362297,1,,1,1,3,1,PAPA NATIVA,2615,1,0,250,0,0,0,1,1,0,0, 
2025,10,HUANUCO,11,YAROWILCA,08,CHORAS,34846,05,05,1,2,101133003,.9420075,1,,1,1,4,1,TRIGO,2113,1,0,100,0,0,1,0,0,0,0, 
2025,10,HUANUCO,11,YAROWILCA,08,CHORAS,34846,12,12,1,2,101133003,16.66732,1,,1,1,1,1,MAIZ AMILACEO,2108,1,0,125,0,0,0,1,0,0,0, 
2025,10,HUANUCO,11,YAROWILCA,08,CHORAS,34846,12,12,1,2,101133003,16.66732,1,,1,1,3,1,PAPA NATIVA,2615,1,0,025,0,0,1,0,0,0,0, 
2025,11,ICA,01,ICA,01,ICA,34849,04,04,1,1,110111003,14.36549,1,,1,0,1,1,VID,1192,2,0,060,0,0,1,0,0,0,0, 
2025,11,ICA,01,ICA,03,LOS AQUIJES,34850,03,03,1,1,110111003,141.1925,1,,1,1,1,1,CIRUELA AGRIA,1125,2,0,008,0,0,1,0,0,0,0, 
2025,11,ICA,01,ICA,03,LOS AQUIJES,34850,03,03,1,1,110111003,141.1925,1,,1,1,1,2,MANZANO,1149,2,0,010,0,0,1,0,0,0,0, 
2025,11,ICA,01,ICA,08,SALAS,34870,01,01,1,1,110111005,45.1768,1,,1,0,1,1,CEBOLLA,2315,1,0,500,0,0,1,0,0,0,1, 
2025,11,ICA,01,ICA,08,SALAS,34870,03,03,1,1,110111005,1001.796,1,,1,1,1,1,SANDIA,2209,1,3,000,0,0,1,0,0,0,0, 
2025,11,ICA,01,ICA,08,SALAS,34870,04,04,1,1,110111005,9.386548,1,,1,1,1,1,CEBOLLA,2315,1,1,000,0,0,1,0,0,0,1, 
2025,11,ICA,01,ICA,08,SALAS,34870,04,04,1,1,110111005,9.386548,1,,1,1,1,2,PAPRIKA,2824,1,2,000,0,0,1,0,0,0,1, 
2025,11,ICA,01,ICA,08,SALAS,34870,06,06,1,1,110111005,.542082,1,,1,0,1,1,CEBOLLA,2315,1,2,000,0,0,0,0,0,0,1, 
2025,11,ICA,01,ICA,11,SANTIAGO,34883,06,06,1,1,110111004,6.854806,1,,1,0,1,1,PECANO,1165,2,7,282,0,0,1,0,0,0,0, 
2025,11,ICA,01,ICA,11,SANTIAGO,34889,11,11,1,1,110111003,14.94188,1,,1,0,1,1,PECANO,1165,2,0,039,0,0,1,0,0,0,0, 
2025,11,ICA,01,ICA,13,TATE,34892,01,01,1,1,110111002,70.0033,1,,1,0,1,1,NARANJO,1156,2,0,001,0,0,1,0,0,0,0, 
2025,11,ICA,01,ICA,14,YAUCA DEL ROSARIO,34910,01,01,1,2,110133002,11.25897,1,,1,1,3,1,MELOCOTONERO,1152,2,0,108,0,0,0,0,0,0,1, 
2025,11,ICA,01,ICA,14,YAUCA DEL ROSARIO,34910,02,02,1,2,110133002,5.535359,1,,1,1,3,1,MAIZ CHOCLO,2109,1,0,020,0,0,1,1,0,0,0, 
2025,11,ICA,01,ICA,14,YAUCA DEL ROSARIO,34911,01,01,1,1,110122002,26.96099,1,,1,0,4,1,FRIJOL CANARIO,2910,1,0,200,0,0,1,0,0,0,0, 
2025,11,ICA,02,CHINCHA,03,CHAVIN,34925,01,01,1,2,110232003,9.463568,1,,1,0,5,1,HABA,2942,1,0,123,0,0,0,1,0,0,0, 
2025,11,ICA,02,CHINCHA,03,CHAVIN,34925,01,01,1,2,110232003,9.463568,1,,1,0,4,1,HABA,2942,1,0,098,0,0,0,1,0,0,0, 
2025,11,ICA,02,CHINCHA,03,CHAVIN,34925,02,02,1,2,110232003,1.950321,1,,1,1,2,1,PAPA NATIVA,2615,1,0,100,0,0,1,1,0,0,0, 
2025,11,ICA,02,CHINCHA,03,CHAVIN,34925,02,02,1,2,110232003,1.950321,1,,1,1,2,2,HABA,2942,1,0,100,0,0,1,1,0,0,0, 
2025,11,ICA,02,CHINCHA,03,CHAVIN,34925,03,03,1,2,110232003,1.198593,1,,1,1,2,1,PAPA NATIVA,2615,1,0,085,0,0,1,1,0,0,0, 
2025,11,ICA,02,CHINCHA,03,CHAVIN,34926,01,01,1,2,110244002,8.567528,1,,1,1,2,1,PAPA NATIVA,2615,1,0,100,0,0,1,1,0,0,0, 
2025,11,ICA,02,CHINCHA,03,CHAVIN,34926,01,01,1,2,110244002,8.567528,1,,1,1,2,2,HABA,2942,1,0,200,0,0,1,1,0,0,0, 
2025,11,ICA,02,CHINCHA,03,CHAVIN,34926,01,01,1,2,110244002,8.567528,1,,1,1,2,3,OCA,2608,1,0,100,0,0,1,1,0,0,0, 
2025,11,ICA,02,CHINCHA,03,CHAVIN,34926,02,02,1,2,110244002,94.75286,1,,1,1,2,1,PAPA NATIVA,2615,1,0,200,0,0,1,1,0,0,0, 
2025,11,ICA,02,CHINCHA,03,CHAVIN,34927,01,01,1,2,110232003,1.618698,1,,1,1,2,1,HABA,2942,1,0,235,0,0,1,1,0,0,0, 
2025,11,ICA,02,CHINCHA,05,EL CARMEN,34938,03,03,1,1,110213002,.7120083,1,,1,0,1,1,PECANO,1165,2,0,567,0,0,1,0,0,0,0, 
2025,11,ICA,02,CHINCHA,05,EL CARMEN,34939,04,04,1,1,110211003,8.740314,1,,1,1,2,1,PALTO,1162,2,3,000,0,0,1,0,0,0,0, 
2025,11,ICA,03,NASCA,03,EL INGENIO,34982,01,01,1,1,110311004,13.29093,1,,1,0,1,1,PAPRIKA,2824,1,4,549,1,0,0,0,0,0,0, 
2025,11,ICA,03,NASCA,05,VISTA ALEGRE,34990,02,02,1,1,110321004,8.996778,1,,1,1,1,1,MANGO,1147,2,0,018,0,0,1,0,0,0,0, 
2025,11,ICA,03,NASCA,05,VISTA ALEGRE,34990,02,02,1,1,110321004,8.996778,1,,1,1,2,1,PAPAYA,1163,2,0,010,0,0,1,0,0,0,0, 
2025,11,ICA,03,NASCA,05,VISTA ALEGRE,34990,02,02,1,1,110321004,8.996778,1,,1,1,3,1,PACAE,1159,2,0,026,0,0,1,0,0,0,0, 
2025,11,ICA,03,NASCA,05,VISTA ALEGRE,34990,02,02,1,1,110321004,8.996778,1,,1,1,3,2,TANGELO,1180,2,0,026,0,0,1,0,0,0,0, 
2025,11,ICA,03,NASCA,05,VISTA ALEGRE,34990,02,02,1,1,110321004,8.996778,1,,1,1,1,2,PACAE,1159,2,0,004,0,0,1,0,0,0,0, 
2025,11,ICA,03,NASCA,05,VISTA ALEGRE,34990,02,02,1,1,110321004,8.996778,1,,1,1,2,2,PLATANO,1171,3,0,005,0,0,1,0,0,0,0, 
2025,11,ICA,03,NASCA,05,VISTA ALEGRE,34990,02,02,1,1,110321004,8.996778,1,,1,1,3,3,HIGUERA,1136,2,0,004,0,0,1,0,0,0,0, 
2025,11,ICA,03,NASCA,05,VISTA ALEGRE,34990,02,02,1,1,110321004,8.996778,1,,1,1,3,4,PAPAYA,1163,2,0,010,0,0,1,0,0,0,0, 
2025,11,ICA,03,NASCA,05,VISTA ALEGRE,34990,03,03,1,1,110321004,5.8553,1,,1,0,1,1,MANGO,1147,2,0,004,0,0,1,0,0,0,0, 
2025,11,ICA,03,NASCA,05,VISTA ALEGRE,34990,03,03,1,1,110321004,5.8553,1,,1,0,1,2,PLATANO,1171,3,0,003,0,0,1,0,0,0,0, 
2025,11,ICA,03,NASCA,05,VISTA ALEGRE,34990,03,03,1,1,110321004,5.8553,1,,1,0,1,3,PALTO,1162,2,0,009,0,0,1,0,0,0,0, 
2025,11,ICA,03,NASCA,05,VISTA ALEGRE,34990,03,03,1,1,110321004,5.8553,1,,1,0,1,4,CHIRIMOYO,1121,2,0,004,0,0,1,0,0,0,0, 
2025,11,ICA,03,NASCA,05,VISTA ALEGRE,34990,05,05,1,1,110321004,.0837289,1,,1,0,1,1,HIGUERA,1136,2,0,008,0,0,1,0,0,0,0, 
2025,11,ICA,03,NASCA,05,VISTA ALEGRE,34990,05,05,1,1,110321004,.0837289,1,,1,0,1,2,CIRUELA AGRIA,1125,2,0,009,0,0,1,0,0,0,0, 
2025,11,ICA,03,NASCA,05,VISTA ALEGRE,34990,05,05,1,1,110321004,.0837289,1,,1,0,1,3,CHIRIMOYO,1121,2,0,003,0,0,1,0,0,0,0, 
2025,11,ICA,03,NASCA,05,VISTA ALEGRE,34991,01,01,1,1,110321004,10.62345,1,,1,1,1,1,HIGUERA,1136,2,0,014,0,0,0,0,0,0,1, 
2025,11,ICA,03,NASCA,05,VISTA ALEGRE,34993,01,01,1,1,110321004,26.36984,1,,1,1,1,1,MAIZ AMILACEO,2108,1,0,700,0,0,1,0,0,1,0, 
2025,11,ICA,03,NASCA,05,VISTA ALEGRE,34993,03,03,1,1,110321004,.5733635,1,,1,1,1,1,PACAE,1159,2,0,010,0,0,1,0,0,0,0, 
2025,11,ICA,03,NASCA,05,VISTA ALEGRE,34993,05,05,1,1,110321004,11.31756,1,,1,1,4,1,MAIZ CHOCLO,2109,1,3,000,0,0,1,0,0,0,0, 
2025,11,ICA,03,NASCA,05,VISTA ALEGRE,34993,05,05,1,1,110321004,11.31756,1,,1,1,1,1,MAIZ CHOCLO,2109,1,0,800,0,0,1,0,0,0,0, 
2025,11,ICA,03,NASCA,05,VISTA ALEGRE,34993,06,06,1,1,110321004,2.643051,1,,1,0,1,1,PECANO,1165,2,0,534,0,0,1,0,0,0,0, 
2025,11,ICA,03,NASCA,05,VISTA ALEGRE,34994,02,02,1,1,110321004,9.309834,1,,1,1,1,1,PALTO,1162,2,0,018,0,0,1,0,0,0,0, 
2025,11,ICA,03,NASCA,05,VISTA ALEGRE,34994,02,02,1,1,110321004,9.309834,1,,1,1,2,1,PALTO,1162,2,0,009,0,0,1,0,0,0,0, 
2025,11,ICA,03,NASCA,05,VISTA ALEGRE,34994,03,03,1,1,110321004,10.13899,1,,1,0,2,1,SANDIA,2209,1,5,000,0,0,1,0,0,0,0, 
2025,11,ICA,03,NASCA,05,VISTA ALEGRE,34994,03,03,1,1,110321004,10.13899,1,,1,0,1,1,FRIJOL CAUPI,2911,1,9,000,1,0,0,0,0,0,0, 
2025,11,ICA,04,PALPA,01,PALPA,35000,02,02,1,1,110411004,2.275234,1,,1,0,1,1,PECANO,1165,2,0,250,0,0,1,0,0,0,0, 
2025,11,ICA,04,PALPA,03,RIO GRANDE,35007,02,02,1,1,110411004,44.04187,1,,1,0,3,1,MANGO,1147,2,0,027,0,0,0,0,0,0,1, 
2025,11,ICA,04,PALPA,04,SANTA CRUZ,35015,03,03,1,1,110421002,4.870193,1,,1,1,1,1,MAIZ CHOCLO,2109,1,0,670,0,0,1,0,0,0,1, 
2025,11,ICA,04,PALPA,05,TIBILLO,35016,02,02,1,2,110424002,267.8499,1,,1,0,1,1,TARA,1225,2,0,200,0,0,0,0,0,0,1, 
2025,11,ICA,05,PISCO,04,INDEPENDENCIA,35045,04,04,1,1,110511003,7.030428,1,,1,0,1,1,PACAE,1159,2,0,026,0,0,0,0,0,0,1, 
2025,11,ICA,05,PISCO,04,INDEPENDENCIA,35045,04,04,1,1,110511003,7.030428,1,,1,0,1,2,TUNA FRUTA,1186,2,0,006,0,0,0,0,0,0,1, 
2025,11,ICA,05,PISCO,04,INDEPENDENCIA,35045,04,04,1,1,110511003,7.030428,1,,1,0,1,3,PLATANO,1171,3,0,040,0,0,0,0,0,0,1, 
2025,11,ICA,05,PISCO,04,INDEPENDENCIA,35045,04,04,1,1,110511003,7.030428,1,,1,0,1,4,MANGO,1147,2,0,060,0,0,0,0,0,0,1, 
2025,11,ICA,05,PISCO,04,INDEPENDENCIA,35066,02,02,1,1,110511004,355.6092,1,,1,1,1,1,MAIZ AMARILLO DURO,2107,1,2,000,0,0,1,0,0,1,0, 
2025,11,ICA,05,PISCO,06,SAN ANDRES,35070,01,01,1,1,110511003,114.2271,1,,1,0,2,1,TOMATE,2342,1,1,000,0,0,1,0,0,0,0, 
2025,11,ICA,05,PISCO,06,SAN ANDRES,35072,01,01,1,1,110511002,13.68917,1,,1,0,1,1,TUNA FRUTA,1186,2,2,500,0,0,1,0,0,0,0, 
2025,12,JUNIN,01,HUANCAYO,12,COLCA,35089,06,06,1,2,120133003,4.237097,1,,1,1,4,1,ARVEJA,2901,1,2,000,0,0,0,0,1,0,0, 
2025,12,JUNIN,01,HUANCAYO,22,INGENIO,35108,01,01,1,2,120141003,104.6163,1,,1,1,1,1,PAPA BLANCA,2612,1,3170,000,0,1,0,0,1,0,0, 
2025,12,JUNIN,01,HUANCAYO,24,PARIAHUANCA,35112,01,01,1,2,120173003,12.25273,1,,1,1,3,1,MAIZ AMILACEO,2108,1,0,300,0,0,1,0,0,0,0, 
2025,12,JUNIN,01,HUANCAYO,24,PARIAHUANCA,35115,03,03,1,2,120171003,1.593347,1,,1,1,7,1,MAIZ AMILACEO,2108,1,6000,000,0,0,1,0,0,0,0, 
2025,12,JUNIN,01,HUANCAYO,24,PARIAHUANCA,35115,05,05,1,2,120171003,.9065688,1,,1,1,1,1,MAIZ MORADO,2110,1,0,050,0,0,1,0,0,0,0, 
2025,12,JUNIN,01,HUANCAYO,24,PARIAHUANCA,35120,03,03,1,2,120132003,290.6046,1,,1,0,2,1,MAIZ AMILACEO,2108,1,0,250,0,0,1,0,0,0,0, 
2025,12,JUNIN,01,HUANCAYO,24,PARIAHUANCA,35120,03,03,1,2,120132003,290.6046,1,,1,0,1,1,MAIZ AMILACEO,2108,1,1,000,0,0,1,0,0,0,0, 
2025,12,JUNIN,01,HUANCAYO,24,PARIAHUANCA,35120,04,04,1,2,120132003,10.79217,1,,1,0,4,1,MAIZ AMILACEO,2108,1,0,250,0,0,1,0,0,0,0, 
2025,12,JUNIN,01,HUANCAYO,28,QUILCAS,35128,02,02,1,2,120132004,59.13834,1,,1,1,3,1,PAPA BLANCA,2612,1,1500,000,0,0,0,0,1,0,0, 
2025,12,JUNIN,01,HUANCAYO,33,SAPALLANGA,35132,03,03,1,2,120131003,623.3671,1,,1,1,1,1,MAIZ AMARILLO DURO,2107,1,1600,000,0,0,0,1,1,0,0, 
2025,12,JUNIN,01,HUANCAYO,33,SAPALLANGA,35132,03,03,1,2,120131003,623.3671,1,,1,1,1,2,ARVEJA,2901,1,1600,000,0,0,0,1,1,0,0, 
2025,12,JUNIN,01,HUANCAYO,33,SAPALLANGA,35132,05,05,1,2,120131003,120.8725,1,,1,0,1,1,QUINUA,2111,1,50,000,0,0,1,0,0,0,0, 
2025,12,JUNIN,01,HUANCAYO,33,SAPALLANGA,35132,05,05,1,2,120131003,120.8725,1,,1,0,1,2,LINAZA,2819,1,50,000,0,0,1,1,0,0,0, 
2025,12,JUNIN,01,HUANCAYO,33,SAPALLANGA,35132,09,09,1,2,120131003,46.9277,1,,1,1,1,1,MAIZ AMILACEO,2108,1,0,400,0,0,1,0,0,0,0, 
2025,12,JUNIN,01,HUANCAYO,33,SAPALLANGA,35134,06,06,1,2,120131004,53.67427,1,,1,1,1,1,ARVEJA,2901,1,900,000,0,0,0,1,1,0,0, 
2025,12,JUNIN,01,HUANCAYO,34,SICAYA,35136,06,06,1,2,120131002,29.90111,1,,1,0,1,1,QUINUA,2111,1,1,500,0,1,0,0,0,0,0, 
2025,12,JUNIN,01,HUANCAYO,35,SANTO DOMINGO DE ACOBAMBA,35148,01,01,1,3,120172004,12.01039,1,,1,1,3,1,FRIJOL CABALLERO,2908,1,0,250,1,0,1,0,0,0,0, 
2025,12,JUNIN,02,CONCEPCION,04,CHAMBARA,35164,05,05,1,2,120241002,95.65679,1,,1,1,8,1,LINAZA,2819,1,200,000,0,0,1,0,1,0,0, 
2025,12,JUNIN,02,CONCEPCION,04,CHAMBARA,35164,05,05,1,2,120241002,95.65679,1,,1,1,6,1,MAIZ AMILACEO,2108,1,200,000,0,0,0,0,0,1,0, 
2025,12,JUNIN,02,CONCEPCION,04,CHAMBARA,35164,05,05,1,2,120241002,95.65679,1,,1,1,6,2,HABA,2942,1,200,000,0,0,0,0,0,1,0, 
2025,12,JUNIN,02,CONCEPCION,11,MITO,35171,01,01,1,2,120231001,.1958551,1,,1,1,5,1,AVENA FORRAJERA,2701,1,0,700,0,0,0,0,0,1,0, 
2025,12,JUNIN,02,CONCEPCION,11,MITO,35172,02,02,1,2,120241002,9.729057,1,,1,1,2,1,TARHUI,2947,1,3300,000,0,0,1,0,0,1,0, 
2025,12,JUNIN,02,CONCEPCION,11,MITO,35172,03,03,1,2,120241002,4.601305,1,,1,1,16,1,LINAZA,2819,1,900,000,0,0,1,0,1,0,0, 
2025,12,JUNIN,02,CONCEPCION,11,MITO,35172,03,03,1,2,120241002,4.601305,1,,1,1,15,1,LINAZA,2819,1,900,000,0,0,1,0,1,0,0, 
2025,12,JUNIN,02,CONCEPCION,13,ORCOTUNA,35174,03,03,1,2,120232002,203.8461,1,,1,1,12,1,LINAZA,2819,1,2400,000,0,0,1,1,0,0,0, 
2025,12,JUNIN,02,CONCEPCION,13,ORCOTUNA,35174,04,04,1,2,120232002,99.55197,1,,1,1,4,1,MAIZ AMILACEO,2108,1,6000,000,0,0,1,1,0,0,0, 
2025,12,JUNIN,02,CONCEPCION,13,ORCOTUNA,35175,01,01,1,2,120231002,25.2191,1,,1,0,20,1,PAPA BLANCA,2612,1,400,000,0,0,0,0,0,0,1, 
2025,12,JUNIN,02,CONCEPCION,13,ORCOTUNA,35175,03,03,1,2,120231002,636.0175,1,,1,1,1,1,HABA,2942,1,160,000,0,0,1,0,0,0,0, 
2025,12,JUNIN,02,CONCEPCION,13,ORCOTUNA,35175,03,03,1,2,120231002,636.0175,1,,1,1,1,2,MAIZ AMILACEO,2108,1,500,000,0,0,1,0,0,0,0, 
2025,12,JUNIN,02,CONCEPCION,13,ORCOTUNA,35175,04,04,1,2,120231002,53.6712,1,,1,1,1,1,ARVEJA,2901,1,140,000,0,0,1,0,0,0,0, 
2025,12,JUNIN,02,CONCEPCION,13,ORCOTUNA,35175,04,04,1,2,120231002,53.6712,1,,1,1,2,1,ARVEJA,2901,1,120,000,0,0,0,0,0,1,0, 
2025,12,JUNIN,02,CONCEPCION,13,ORCOTUNA,35175,04,04,1,2,120231002,53.6712,1,,1,1,13,1,MAIZ AMILACEO,2108,1,100,000,0,0,0,1,0,0,0, 
2025,12,JUNIN,02,CONCEPCION,13,ORCOTUNA,35175,08,08,1,2,120231002,93.97108,1,,1,0,7,1,QUINUA,2111,1,48,000,0,0,0,1,1,0,0, 
2025,12,JUNIN,02,CONCEPCION,13,ORCOTUNA,35175,09,09,1,2,120231002,143.2133,1,,1,1,9,1,TARHUI,2947,1,20000,000,0,0,1,1,0,0,0, 
2025,12,JUNIN,02,CONCEPCION,13,ORCOTUNA,35176,01,01,1,2,120231002,313.4171,1,,1,0,1,1,MAIZ AMILACEO,2108,1,3250,000,0,0,1,0,0,0,0, 
2025,12,JUNIN,02,CONCEPCION,13,ORCOTUNA,35176,02,02,1,2,120231002,144.5693,1,,1,0,12,1,QUINUA,2111,1,600,000,0,0,1,1,0,0,0, 
2025,12,JUNIN,02,CONCEPCION,13,ORCOTUNA,35176,04,04,1,2,120231002,116.3108,1,,1,1,19,1,QUINUA,2111,1,1440,000,0,0,1,1,0,0,0, 
2025,12,JUNIN,02,CONCEPCION,14,SAN JOSE DE QUERO,35177,01,01,1,2,120252004,16.53718,1,,1,1,2,1,MACA,2605,1,700,000,0,0,0,1,0,1,0, 
2025,12,JUNIN,02,CONCEPCION,14,SAN JOSE DE QUERO,35177,02,02,1,2,120252004,164.0325,1,,1,1,2,1,PAPA AMARILLA,2611,1,500,000,0,0,1,1,1,0,0, 
2025,12,JUNIN,02,CONCEPCION,14,SAN JOSE DE QUERO,35177,03,03,1,2,120252004,25.52465,1,,1,0,1,1,PAPA AMARILLA,2611,1,1000,000,0,0,1,0,0,0,0, 
2025,12,JUNIN,02,CONCEPCION,14,SAN JOSE DE QUERO,35177,07,07,1,2,120252004,20.62263,1,,1,0,4,1,AVENA FORRAJERA,2701,1,200,000,0,0,0,0,1,1,0, 
2025,12,JUNIN,02,CONCEPCION,14,SAN JOSE DE QUERO,35177,07,07,1,2,120252004,20.62263,1,,1,0,3,1,AVENA FORRAJERA,2701,1,1000,000,0,0,0,0,1,1,0, 
2025,12,JUNIN,02,CONCEPCION,14,SAN JOSE DE QUERO,35177,08,08,1,2,120252004,81.64203,1,,1,1,1,1,PAPA AMARILLA,2611,1,800,000,0,0,1,0,0,0,0, 
2025,12,JUNIN,02,CONCEPCION,14,SAN JOSE DE QUERO,35179,02,02,1,2,120252002,147.4065,1,,1,1,2,1,AVENA FORRAJERA,2701,1,10000,000,0,1,0,0,0,0,0, 
2025,12,JUNIN,02,CONCEPCION,14,SAN JOSE DE QUERO,35180,01,01,1,2,120251003,2.657445,1,,1,1,2,1,ARVEJA,2901,1,200,000,0,0,0,0,1,0,0, 
2025,12,JUNIN,02,CONCEPCION,14,SAN JOSE DE QUERO,35183,02,02,1,2,120251004,1.392581,1,,1,1,6,1,PAPA COLOR,2613,1,900,000,0,0,1,1,0,0,0, 
2025,12,JUNIN,02,CONCEPCION,14,SAN JOSE DE QUERO,35183,03,03,1,2,120251004,31.65613,1,,1,1,1,1,PAPA HUAYRO,2614,1,500,000,0,0,1,1,0,0,0, 
2025,12,JUNIN,02,CONCEPCION,14,SAN JOSE DE QUERO,35183,03,03,1,2,120251004,31.65613,1,,1,1,2,1,HABA,2942,1,600,000,0,0,0,1,1,1,0, 
2025,12,JUNIN,02,CONCEPCION,14,SAN JOSE DE QUERO,35184,02,02,1,2,120241002,72.53956,1,,1,1,11,1,PAPA COLOR,2613,1,400,000,0,0,1,1,0,0,0, 
2025,12,JUNIN,02,CONCEPCION,14,SAN JOSE DE QUERO,35184,02,02,1,2,120241002,72.53956,1,,1,1,7,1,QUINUA,2111,1,800,000,0,0,1,0,0,1,0, 
2025,12,JUNIN,02,CONCEPCION,14,SAN JOSE DE QUERO,35184,07,07,1,2,120241002,264.2848,1,,1,1,3,1,PAPA AMARILLA,2611,1,300,000,0,0,1,1,1,0,0, 
2025,12,JUNIN,02,CONCEPCION,14,SAN JOSE DE QUERO,35187,01,01,1,2,120241004,1334.569,1,,1,1,7,1,PAPA BLANCA,2612,1,120,000,0,0,1,0,1,0,0, 
2025,12,JUNIN,02,CONCEPCION,14,SAN JOSE DE QUERO,35187,01,01,1,2,120241004,1334.569,1,,1,1,8,1,AVENA GRANO,2102,1,20000,000,0,0,0,1,1,0,0, 
2025,12,JUNIN,03,CHANCHAMAYO,01,CHANCHAMAYO,35198,01,01,1,3,120381004,32.58237,1,,1,1,1,1,NARANJO,1156,2,0,082,0,0,1,0,0,0,0, 
2025,12,JUNIN,03,CHANCHAMAYO,03,PICHANAQUI,35248,02,02,1,3,120382004,20.9885,1,,1,1,2,1,KION,2818,1,0,500,0,0,1,0,0,0,0, 
2025,12,JUNIN,03,CHANCHAMAYO,03,PICHANAQUI,35256,01,01,1,3,120371004,76.65102,1,,1,1,1,1,MAIZ AMARILLO DURO,2107,1,0,250,0,0,1,0,0,0,0, 
2025,12,JUNIN,03,CHANCHAMAYO,05,SAN RAMON,35264,01,01,1,2,120333002,5.130629,1,,1,1,1,1,PAPA BLANCA,2612,1,0,400,1,0,1,0,0,0,0, 
2025,12,JUNIN,03,CHANCHAMAYO,05,SAN RAMON,35264,02,02,1,2,120333002,6.324184,1,,1,1,4,1,PAPA BLANCA,2612,1,0,500,1,0,1,0,0,0,0, 
2025,12,JUNIN,03,CHANCHAMAYO,05,SAN RAMON,35264,03,03,1,2,120333002,13.98631,1,,1,1,6,1,PAPA BLANCA,2612,1,2,000,0,0,1,1,0,1,0, 
2025,12,JUNIN,04,JAUJA,02,ACOLLA,35276,01,01,1,2,120432003,15.94234,1,,1,1,12,1,MAIZ AMILACEO,2108,1,20000,000,0,1,0,0,0,0,0, 
2025,12,JUNIN,04,JAUJA,02,ACOLLA,35276,02,02,1,2,120432003,17.14014,1,,1,1,5,1,HABA,2942,1,250,000,0,1,0,0,0,0,0, 
2025,12,JUNIN,04,JAUJA,02,ACOLLA,35276,02,02,1,2,120432003,17.14014,1,,1,1,4,1,MAIZ AMILACEO,2108,1,250,000,0,1,0,0,0,0,0, 
2025,12,JUNIN,04,JAUJA,02,ACOLLA,35276,02,02,1,2,120432003,17.14014,1,,1,1,6,1,MAIZ AMILACEO,2108,1,500,000,0,1,0,0,0,0,0, 
2025,12,JUNIN,04,JAUJA,02,ACOLLA,35276,02,02,1,2,120432003,17.14014,1,,1,1,3,1,HABA,2942,1,500,000,0,1,0,0,0,0,0, 
2025,12,JUNIN,04,JAUJA,02,ACOLLA,35276,03,03,1,2,120432003,28.81224,1,,1,1,11,1,HABA,2942,1,800,000,0,1,0,0,0,0,0, 
2025,12,JUNIN,04,JAUJA,02,ACOLLA,35276,04,04,1,2,120432003,17.36087,1,,1,1,4,1,HABA,2942,1,1000,000,0,1,0,0,0,0,0, 
2025,12,JUNIN,04,JAUJA,02,ACOLLA,35276,04,04,1,2,120432003,17.36087,1,,1,1,6,1,MAIZ CHOCLO,2109,1,720,000,0,1,0,0,0,0,0, 
2025,12,JUNIN,04,JAUJA,02,ACOLLA,35276,04,04,1,2,120432003,17.36087,1,,1,1,5,1,CEBADA GRANO,2104,1,320,000,0,1,0,0,0,0,0, 
2025,12,JUNIN,04,JAUJA,02,ACOLLA,35276,04,04,1,2,120432003,17.36087,1,,1,1,7,1,ZANAHORIA,2344,1,3000,000,0,1,0,0,0,0,0, 
2025,12,JUNIN,04,JAUJA,02,ACOLLA,35276,07,07,1,2,120432003,35.59985,1,,1,1,2,1,MAIZ AMILACEO,2108,1,60,000,0,0,1,1,0,0,0, 
2025,12,JUNIN,04,JAUJA,02,ACOLLA,35278,02,02,1,2,120442002,148.4609,1,,1,1,6,1,LINAZA,2819,1,750,000,0,0,0,1,0,0,0, 
2025,12,JUNIN,04,JAUJA,02,ACOLLA,35279,01,01,1,2,120442002,218.1142,1,,1,1,2,1,PAPA BLANCA,2612,1,2400,000,0,1,0,0,0,0,0, 
2025,12,JUNIN,04,JAUJA,02,ACOLLA,35280,01,01,1,2,120443002,1.017713,1,,1,0,2,1,QUINUA,2111,1,500,000,0,0,0,0,0,0,1, 
2025,12,JUNIN,04,JAUJA,02,ACOLLA,35281,03,03,1,2,120432002,278.9402,1,,1,1,6,1,HABA,2942,1,825,000,0,0,0,1,0,0,0, 
2025,12,JUNIN,04,JAUJA,02,ACOLLA,35281,05,05,1,2,120432002,272.244,1,,1,0,2,1,PAPA BLANCA,2612,1,1400,000,0,1,0,0,0,0,0, 
2025,12,JUNIN,04,JAUJA,02,ACOLLA,35281,06,06,1,2,120432002,190.8264,1,,1,1,9,1,MAIZ CHOCLO,2109,1,30,000,0,0,0,1,0,0,0, 
2025,12,JUNIN,04,JAUJA,06,CURICACA,35287,01,01,1,2,120443002,59.4065,1,,1,1,1,1,HABA,2942,1,1300,000,0,0,0,1,1,0,0, 
2025,12,JUNIN,04,JAUJA,06,CURICACA,35288,01,01,1,2,120443003,13.91431,1,,1,1,3,1,TRIGO,2113,1,0,500,0,0,1,0,0,0,0, 
2025,12,JUNIN,04,JAUJA,07,EL MANTARO,35291,01,01,1,2,120431002,41.39176,1,,1,1,13,1,PAPA BLANCA,2612,1,2200,000,0,1,1,0,0,0,0, 
2025,12,JUNIN,04,JAUJA,07,EL MANTARO,35291,01,01,1,2,120431002,41.39176,1,,1,1,14,1,PAPA BLANCA,2612,1,2200,000,0,1,1,0,0,0,0, 
2025,12,JUNIN,04,JAUJA,11,JANJAILLO,35296,02,02,1,2,120453002,48.30334,1,,1,1,3,1,TARHUI,2947,1,0,100,0,0,1,0,1,0,0, 
2025,12,JUNIN,04,JAUJA,16,MASMA,35299,01,01,1,2,120441002,180.4115,1,,1,1,1,1,OLLUCO,2609,1,2500,000,0,0,1,0,0,0,0, 
2025,12,JUNIN,04,JAUJA,16,MASMA,35299,01,01,1,2,120441002,180.4115,1,,1,1,2,1,OLLUCO,2609,1,2000,000,0,0,1,0,0,0,0, 
2025,12,JUNIN,04,JAUJA,16,MASMA,35299,02,02,1,2,120441002,131.0529,1,,1,1,5,1,CEBADA GRANO,2104,1,11000,000,0,0,1,0,0,0,0, 
2025,12,JUNIN,04,JAUJA,16,MASMA,35299,03,03,1,2,120441002,.6096591,1,,1,1,2,1,TRIGO,2113,1,1000,000,0,0,0,0,1,0,0, 
2025,12,JUNIN,04,JAUJA,16,MASMA,35301,06,06,1,2,120432004,3.135645,1,,1,1,2,1,PAPA BLANCA,2612,1,1500,000,0,0,1,1,0,0,0, 
2025,12,JUNIN,04,JAUJA,26,POMACANCHA,35314,05,05,1,2,120452003,9.367266,1,,1,1,8,1,PAPA BLANCA,2612,1,1700,000,0,0,1,0,0,0,0, 
2025,12,JUNIN,04,JAUJA,31,SINCOS,35320,03,03,1,2,120453004,36.88881,1,,1,1,2,1,AVENA FORRAJERA,2701,1,0,020,0,0,0,0,0,0,1, 
2025,12,JUNIN,04,JAUJA,31,SINCOS,35321,11,11,1,2,120451002,.0358854,1,,1,1,11,1,PAPA BLANCA,2612,1,625,000,0,0,1,0,1,0,0, 
2025,12,JUNIN,04,JAUJA,31,SINCOS,35321,11,11,1,2,120451002,.0358854,1,,1,1,10,1,PAPA BLANCA,2612,1,900,000,0,0,1,1,1,0,0, 
2025,12,JUNIN,04,JAUJA,31,SINCOS,35322,01,01,1,2,120443004,1.965379,1,,1,1,1,1,AVENA FORRAJERA,2701,1,0,050,0,0,1,0,0,0,0, 
2025,12,JUNIN,04,JAUJA,31,SINCOS,35322,05,05,1,2,120443004,27.80764,1,,1,1,1,1,AVENA FORRAJERA,2701,1,0,100,0,0,0,0,0,1,0, 
2025,12,JUNIN,04,JAUJA,32,TUNAN MARCA,35324,01,01,1,2,120441002,8.71981,1,,1,0,5,1,HABA,2942,1,300,000,0,1,0,0,0,0,0, 
2025,12,JUNIN,04,JAUJA,33,YAULI,35326,02,02,1,2,120443004,147.5724,1,,1,1,3,1,TARHUI,2947,1,0,500,1,0,0,0,0,0,0, 
2025,12,JUNIN,04,JAUJA,33,YAULI,35327,02,02,1,2,120431002,59.09875,1,,1,1,4,1,PAPA BLANCA,2612,1,200,000,0,0,1,0,0,0,0, 
2025,12,JUNIN,04,JAUJA,33,YAULI,35327,02,02,1,2,120431002,59.09875,1,,1,1,11,1,PAPA BLANCA,2612,1,880,000,0,0,1,0,0,0,0, 
2025,12,JUNIN,04,JAUJA,33,YAULI,35327,03,03,1,2,120431002,61.5638,1,,1,1,5,1,PAPA BLANCA,2612,1,500,000,0,0,1,0,0,0,0, 
2025,12,JUNIN,04,JAUJA,33,YAULI,35327,03,03,1,2,120431002,61.5638,1,,1,1,4,1,PAPA BLANCA,2612,1,500,000,0,0,1,0,0,0,0, 
2025,12,JUNIN,04,JAUJA,33,YAULI,35327,04,04,1,2,120431002,275.2374,1,,1,1,1,1,PAPA BLANCA,2612,1,950,000,0,1,1,0,0,0,0, 
2025,12,JUNIN,04,JAUJA,33,YAULI,35327,04,04,1,2,120431002,275.2374,1,,1,1,12,1,PAPA BLANCA,2612,1,250,000,0,1,1,0,0,0,0, 
2025,12,JUNIN,04,JAUJA,33,YAULI,35327,04,04,1,2,120431002,275.2374,1,,1,1,13,1,PAPA BLANCA,2612,1,250,000,0,1,1,0,0,0,0, 
2025,12,JUNIN,04,JAUJA,33,YAULI,35327,04,04,1,2,120431002,275.2374,1,,1,1,9,1,PAPA BLANCA,2612,1,1500,000,0,0,1,0,0,0,0, 
2025,12,JUNIN,04,JAUJA,33,YAULI,35327,04,04,1,2,120431002,275.2374,1,,1,1,8,1,PAPA BLANCA,2612,1,1200,000,0,1,1,0,0,0,0, 
2025,12,JUNIN,04,JAUJA,33,YAULI,35327,05,05,1,2,120431002,49.42443,1,,1,1,8,1,PAPA BLANCA,2612,1,1200,000,0,0,1,0,0,0,0, 
2025,12,JUNIN,04,JAUJA,33,YAULI,35327,05,05,1,2,120431002,49.42443,1,,1,1,7,1,PAPA BLANCA,2612,1,300,000,0,1,1,0,0,0,0, 
2025,12,JUNIN,04,JAUJA,34,YAUYOS,35329,01,01,1,2,120441002,444.9445,1,,1,0,1,1,HABA,2942,1,3,000,0,0,0,0,0,0,1, 
2025,12,JUNIN,05,JUNIN,04,ULCUMAYO,35343,01,01,1,2,120552003,106.8359,1,,1,1,3,1,OCA,2608,1,0,080,0,0,1,0,0,0,0, 
2025,12,JUNIN,05,JUNIN,04,ULCUMAYO,35344,03,03,1,2,120533003,332.814,1,,1,0,9,1,MAIZ AMILACEO,2108,1,400,000,0,0,1,0,0,1,0, 
2025,12,JUNIN,05,JUNIN,04,ULCUMAYO,35347,04,04,1,2,120532003,151.1388,1,,1,1,1,1,PAPA BLANCA,2612,1,880,000,0,0,1,0,0,0,0, 
2025,12,JUNIN,06,SATIPO,01,SATIPO,35372,01,01,1,3,120682004,90.43514,1,,1,0,1,1,CACAO,1202,3,0,700,0,0,1,0,0,0,0, 
2025,12,JUNIN,06,SATIPO,01,SATIPO,35372,03,03,1,3,120682004,4.438094,1,,1,1,2,1,CACAO,1202,3,0,750,0,0,1,0,0,0,0, 
2025,12,JUNIN,06,SATIPO,01,SATIPO,35372,04,04,1,3,120682004,51.83198,1,,1,1,1,1,KION,2818,1,2,500,1,0,1,0,0,0,0, 
2025,12,JUNIN,06,SATIPO,01,SATIPO,35372,04,04,1,3,120682004,51.83198,1,,1,1,2,1,CACAO,1202,3,0,500,0,0,1,0,0,0,0, 
2025,12,JUNIN,06,SATIPO,01,SATIPO,35372,04,04,1,3,120682004,51.83198,1,,1,1,1,2,PALTO,1162,2,2,000,1,0,1,0,0,0,0, 
2025,12,JUNIN,06,SATIPO,01,SATIPO,35372,04,04,1,3,120682004,51.83198,1,,1,1,2,2,LIMON DULCE,1141,2,1,000,0,0,1,0,0,0,0, 
2025,12,JUNIN,06,SATIPO,01,SATIPO,35372,04,04,1,3,120682004,51.83198,1,,1,1,1,3,CAFE PERGAMINO,1203,2,2,000,0,0,1,0,0,0,0, 
2025,12,JUNIN,06,SATIPO,01,SATIPO,35374,03,03,1,3,120682004,137.9078,1,,1,1,3,1,PLATANO,1171,3,1,500,0,1,0,0,0,0,0, 
2025,12,JUNIN,06,SATIPO,01,SATIPO,35378,01,01,1,3,120682004,60.99075,1,,1,0,3,1,PLATANO,1171,3,0,500,0,1,0,0,0,0,0, 
2025,12,JUNIN,06,SATIPO,01,SATIPO,35378,02,02,1,3,120682004,55.58831,1,,1,0,3,1,PLATANO,1171,3,0,250,0,1,0,0,0,0,0, 
2025,12,JUNIN,06,SATIPO,01,SATIPO,35382,01,01,1,3,120682004,621.646,1,,1,1,1,1,CAFE PERGAMINO,1203,2,0,050,0,0,1,0,0,0,0, 
2025,12,JUNIN,06,SATIPO,02,COVIRIALI,35392,01,01,1,3,120682002,45.32332,1,,1,1,1,1,KION,2818,1,3,100,0,0,1,0,0,0,0, 
2025,12,JUNIN,06,SATIPO,04,MAZAMARI,35409,05,05,1,3,120672004,2.634734,1,,1,1,2,1,KION,2818,1,0,500,1,0,0,0,0,0,0, 
2025,12,JUNIN,06,SATIPO,05,PAMPA HERMOSA,35420,01,01,1,2,120632002,10.63581,1,,1,1,3,1,COL,2319,1,0,010,0,0,1,1,0,1,0, 
2025,12,JUNIN,06,SATIPO,06,PANGOA,35433,01,01,1,3,120682004,15.4353,1,,1,0,6,1,PIÑA,2208,1,0,500,0,0,1,0,0,0,0, 
2025,12,JUNIN,06,SATIPO,06,PANGOA,35443,02,02,1,3,120682004,28.77199,1,,1,1,1,1,MAIZ AMARILLO DURO,2107,1,0,650,0,0,1,0,0,0,0, 
2025,12,JUNIN,06,SATIPO,07,RIO NEGRO,35466,03,03,1,3,120682004,217.0024,1,,1,1,2,1,CAFE PERGAMINO,1203,2,2,000,0,0,1,0,0,0,0, 
2025,12,JUNIN,06,SATIPO,07,RIO NEGRO,35466,04,04,1,3,120682004,18.70431,1,,1,1,3,1,KION,2818,1,0,500,0,0,1,0,0,0,0, 
2025,12,JUNIN,06,SATIPO,07,RIO NEGRO,35466,04,04,1,3,120682004,18.70431,1,,1,1,1,1,CAFE PERGAMINO,1203,2,0,130,0,0,1,0,0,0,0, 
2025,12,JUNIN,06,SATIPO,07,RIO NEGRO,35467,01,01,1,3,120682004,195.0326,1,,1,1,1,1,CAFE PERGAMINO,1203,2,2,000,1,0,1,0,0,0,0, 
2025,12,JUNIN,06,SATIPO,08,RIO TAMBO,35474,02,02,1,3,120682004,5.334526,1,,1,0,1,1,CACAO,1202,3,4,000,0,1,0,0,0,0,0, 
2025,12,JUNIN,07,TARMA,01,TARMA,35496,04,04,1,2,120742003,192.7322,1,,1,1,12,1,ARVEJA,2901,1,0,500,1,0,0,0,0,0,0, 
2025,12,JUNIN,07,TARMA,01,TARMA,35496,04,04,1,2,120742003,192.7322,1,,1,1,13,1,PAPA BLANCA,2612,1,1,000,1,0,1,0,0,0,0, 
2025,12,JUNIN,07,TARMA,01,TARMA,35496,04,04,1,2,120742003,192.7322,1,,1,1,11,1,PAPA BLANCA,2612,1,2,000,1,0,0,0,0,0,0, 
2025,12,JUNIN,07,TARMA,01,TARMA,35496,04,04,1,2,120742003,192.7322,1,,1,1,12,2,PAPA BLANCA,2612,1,0,500,1,0,0,0,0,0,0, 
2025,12,JUNIN,07,TARMA,01,TARMA,35500,01,01,1,2,120742004,67.20506,1,,1,1,16,1,ARVEJA,2901,1,0,250,0,0,1,0,0,1,0, 
2025,12,JUNIN,07,TARMA,01,TARMA,35502,02,02,1,2,120751002,11.20055,1,,1,1,22,1,HABA,2942,1,1,000,0,0,1,0,0,0,0, 
2025,12,JUNIN,07,TARMA,01,TARMA,35502,05,05,1,2,120751002,3.569932,1,,1,1,5,1,OLLUCO,2609,1,0,500,0,0,1,0,0,0,0, 
2025,12,JUNIN,07,TARMA,01,TARMA,35502,06,06,1,2,120751002,12.20687,1,,1,1,16,1,ARVEJA,2901,1,0,250,0,0,0,1,0,1,0, 
2025,12,JUNIN,07,TARMA,01,TARMA,35502,08,08,1,2,120751002,17.30252,1,,1,1,4,1,PAPA COLOR,2613,1,1,000,0,0,0,1,0,0,0, 
2025,12,JUNIN,07,TARMA,01,TARMA,35502,11,11,1,2,120751002,3.214385,1,,1,1,19,1,OLLUCO,2609,1,0,500,0,0,0,0,0,0,1, 
2025,12,JUNIN,07,TARMA,01,TARMA,35502,12,12,1,2,120751002,1.174172,1,,1,1,11,1,ARVEJA,2901,1,2,000,0,0,0,0,0,0,1, 
2025,12,JUNIN,07,TARMA,02,ACOBAMBA,35505,03,03,1,2,120731002,19.59641,1,,1,1,1,1,BROCOLI,2312,1,1,000,0,0,0,1,0,0,0, 
2025,12,JUNIN,07,TARMA,03,HUARICOLCA,35507,01,01,1,2,120743001,.0910125,1,,1,0,1,1,PAPA BLANCA,2612,1,490,000,0,0,0,1,0,0,1, 
2025,12,JUNIN,07,TARMA,04,HUASAHUASI,35514,02,02,1,2,120773004,12.50989,1,,1,1,1,1,MAIZ AMARILLO DURO,2107,1,500,000,1,0,0,0,0,0,0, 
2025,12,JUNIN,07,TARMA,04,HUASAHUASI,35520,03,03,1,2,120731003,83.45449,1,,1,1,2,1,PAPA BLANCA,2612,1,2,000,0,0,1,0,0,0,0, 
2025,12,JUNIN,07,TARMA,04,HUASAHUASI,35520,04,04,1,2,120731003,112.7109,1,,1,1,2,1,PAPA BLANCA,2612,1,9,000,0,0,1,0,0,0,0, 
2025,12,JUNIN,07,TARMA,05,LA UNION,35522,03,03,1,2,120741002,148.6222,1,,1,1,4,1,ARVEJA,2901,1,2,000,0,0,1,0,0,0,0, 
2025,12,JUNIN,07,TARMA,06,PALCA,35523,02,02,1,2,120731002,1030.343,1,,1,1,2,1,ARVEJA,2901,1,4,500,0,1,1,0,0,0,1, 
2025,12,JUNIN,07,TARMA,07,PALCAMAYO,35527,01,01,1,2,120741002,42.26505,1,,1,1,5,1,PAPA BLANCA,2612,1,1,000,0,0,1,0,0,0,0, 
2025,12,JUNIN,07,TARMA,09,TAPO,35535,01,01,1,2,120741002,71.11861,1,,1,1,8,1,PAPA COLOR,2613,1,1500,000,0,0,0,1,1,0,0, 
2025,12,JUNIN,07,TARMA,09,TAPO,35537,05,05,1,2,120741004,33.19544,1,,1,1,7,1,LECHUGA,2326,1,0,020,0,1,1,0,0,0,0, 
2025,12,JUNIN,09,CHUPACA,02,AHUAC,35545,07,07,1,2,120931002,40.26144,1,,1,0,2,1,LINAZA,2819,1,300,000,0,0,1,0,1,0,0, 
2025,12,JUNIN,09,CHUPACA,02,AHUAC,35545,08,08,1,2,120931002,2.892541,1,,1,1,3,1,LINAZA,2819,1,300,000,0,0,1,0,0,0,0, 
2025,12,JUNIN,09,CHUPACA,02,AHUAC,35547,02,02,1,2,120931003,59.48077,1,,1,1,5,1,QUINUA,2111,1,600,000,0,0,1,0,1,0,0, 
2025,12,JUNIN,09,CHUPACA,02,AHUAC,35548,03,03,1,2,120931002,102.0978,1,,1,1,11,1,PAPA BLANCA,2612,1,0,080,0,0,1,1,1,0,0, 
2025,12,JUNIN,09,CHUPACA,02,AHUAC,35548,04,04,1,2,120931002,45.09978,1,,1,1,10,1,HABA,2942,1,0,010,0,0,1,0,1,1,0, 
2025,12,JUNIN,09,CHUPACA,02,AHUAC,35548,04,04,1,2,120931002,45.09978,1,,1,1,8,1,LENTEJA,2944,1,0,025,0,0,1,0,1,0,0, 
2025,12,JUNIN,09,CHUPACA,02,AHUAC,35548,04,04,1,2,120931002,45.09978,1,,1,1,9,1,PAPA HUAYRO,2614,1,0,025,0,0,1,1,0,1,0, 
2025,12,JUNIN,09,CHUPACA,02,AHUAC,35549,02,02,1,2,120932002,287.5938,1,,1,1,3,1,TRIGO,2113,1,0,005,0,0,1,1,1,0,0, 
2025,12,JUNIN,09,CHUPACA,02,AHUAC,35549,02,02,1,2,120932002,287.5938,1,,1,1,6,1,MAIZ AMILACEO,2108,1,0,015,0,0,1,1,1,0,0, 
2025,12,JUNIN,09,CHUPACA,02,AHUAC,35549,02,02,1,2,120932002,287.5938,1,,1,1,3,2,ARVEJA,2901,1,0,010,0,0,1,1,1,0,0, 
2025,12,JUNIN,09,CHUPACA,02,AHUAC,35550,01,01,1,2,120931002,190.6464,1,,1,1,4,1,QUINUA,2111,1,1200,000,0,0,1,0,0,0,0, 
2025,12,JUNIN,09,CHUPACA,02,AHUAC,35550,01,01,1,2,120931002,190.6464,1,,1,1,2,1,LINAZA,2819,1,3300,000,0,0,1,0,0,0,0, 
2025,12,JUNIN,09,CHUPACA,02,AHUAC,35550,06,06,1,2,120931002,84.58235,1,,1,1,7,1,PAPA BLANCA,2612,1,600,000,0,0,1,0,0,0,0, 
2025,12,JUNIN,09,CHUPACA,04,HUACHAC,35552,01,01,1,2,120941001,332.0445,1,,1,1,2,1,LINAZA,2819,1,3300,000,0,0,1,0,0,0,0, 
2025,12,JUNIN,09,CHUPACA,04,HUACHAC,35553,02,02,1,2,120932001,95.42516,1,,1,0,6,1,PAPA BLANCA,2612,1,600,000,0,0,1,0,0,0,0, 
2025,12,JUNIN,09,CHUPACA,07,SAN JUAN DE JARPA,35559,01,01,1,2,120951002,4.190078,1,,1,1,2,1,HABA,2942,1,200,000,0,0,0,0,1,0,0, 
2025,12,JUNIN,09,CHUPACA,08,TRES DE DICIEMBRE,35562,02,02,1,2,120931002,68.26013,1,,1,1,1,1,MAIZ AMILACEO,2108,1,700,000,0,0,1,0,0,0,0, 
2025,12,JUNIN,09,CHUPACA,08,TRES DE DICIEMBRE,35562,04,04,1,2,120931002,17.06059,1,,1,1,2,1,MAIZ AMILACEO,2108,1,6600,000,0,0,1,0,0,0,0, 
2025,12,JUNIN,09,CHUPACA,09,YANACANCHA,35564,01,01,1,2,120942003,123.6358,1,,1,1,5,1,AVENA FORRAJERA,2701,1,3000,000,0,0,0,1,1,0,0, 
2025,12,JUNIN,09,CHUPACA,09,YANACANCHA,35564,01,01,1,2,120942003,123.6358,1,,1,1,4,1,AVENA FORRAJERA,2701,1,3500,000,0,0,0,1,1,0,0, 
2025,13,LA LIBERTAD,01,TRUJILLO,04,HUANCHACO,35569,01,01,1,1,130113004,5.39079,1,,1,1,3,1,TOMATE,2342,1,1,500,0,0,1,0,0,0,0, 
2025,13,LA LIBERTAD,01,TRUJILLO,06,LAREDO,35571,01,01,1,2,130131003,.8796087,1,,1,1,1,1,ARVEJA,2901,1,1,750,0,0,0,0,0,1,0, 
2025,13,LA LIBERTAD,01,TRUJILLO,06,LAREDO,35571,01,01,1,2,130131003,.8796087,1,,1,1,2,1,ARVEJA,2901,1,1,000,0,0,0,0,0,1,0, 
2025,13,LA LIBERTAD,01,TRUJILLO,06,LAREDO,35571,02,02,1,2,130131003,.4299607,1,,1,1,2,1,ARVEJA,2901,1,2,000,0,0,0,0,0,1,0, 
2025,13,LA LIBERTAD,01,TRUJILLO,06,LAREDO,35571,02,02,1,2,130131003,.4299607,1,,1,1,1,1,ARVEJA,2901,1,1,000,0,0,0,0,0,1,0, 
2025,13,LA LIBERTAD,01,TRUJILLO,06,LAREDO,35571,02,02,1,2,130131003,.4299607,1,,1,1,2,2,CEBADA GRANO,2104,1,1,000,0,0,0,0,0,1,0, 
2025,13,LA LIBERTAD,01,TRUJILLO,06,LAREDO,35571,02,02,1,2,130131003,.4299607,1,,1,1,1,2,TRIGO,2113,1,1,000,0,0,0,0,0,1,0, 
2025,13,LA LIBERTAD,01,TRUJILLO,06,LAREDO,35571,03,03,1,2,130131003,14.94184,1,,1,1,7,1,ARVEJA,2901,1,0,250,0,0,0,0,0,1,0, 
2025,13,LA LIBERTAD,01,TRUJILLO,06,LAREDO,35571,03,03,1,2,130131003,14.94184,1,,1,1,6,1,TRIGO,2113,1,0,500,0,0,0,0,0,1,0, 
2025,13,LA LIBERTAD,01,TRUJILLO,06,LAREDO,35571,03,03,1,2,130131003,14.94184,1,,1,1,1,1,TRIGO,2113,1,1,500,0,0,0,0,0,1,0, 
2025,13,LA LIBERTAD,01,TRUJILLO,06,LAREDO,35571,03,03,1,2,130131003,14.94184,1,,1,1,5,1,ARVEJA,2901,1,1,000,0,0,0,0,0,1,0, 
2025,13,LA LIBERTAD,01,TRUJILLO,06,LAREDO,35571,03,03,1,2,130131003,14.94184,1,,1,1,4,1,TRIGO,2113,1,0,500,0,0,0,0,0,1,0, 
2025,13,LA LIBERTAD,01,TRUJILLO,06,LAREDO,35571,03,03,1,2,130131003,14.94184,1,,1,1,3,1,ARVEJA,2901,1,1,000,0,0,0,0,0,1,0, 
2025,13,LA LIBERTAD,01,TRUJILLO,06,LAREDO,35571,03,03,1,2,130131003,14.94184,1,,1,1,2,1,ARVEJA,2901,1,0,750,0,0,0,0,0,1,0, 
2025,13,LA LIBERTAD,01,TRUJILLO,06,LAREDO,35571,03,03,1,2,130131003,14.94184,1,,1,1,3,2,CEBADA GRANO,2104,1,0,500,0,0,0,0,0,1,0, 
2025,13,LA LIBERTAD,01,TRUJILLO,06,LAREDO,35571,03,03,1,2,130131003,14.94184,1,,1,1,4,2,CEBADA GRANO,2104,1,0,500,0,0,0,0,0,1,0, 
2025,13,LA LIBERTAD,01,TRUJILLO,06,LAREDO,35571,03,03,1,2,130131003,14.94184,1,,1,1,2,2,TRIGO,2113,1,0,250,0,0,0,0,0,1,0, 
2025,13,LA LIBERTAD,01,TRUJILLO,06,LAREDO,35571,03,03,1,2,130131003,14.94184,1,,1,1,3,3,TRIGO,2113,1,0,500,0,0,0,0,0,1,0, 
2025,13,LA LIBERTAD,01,TRUJILLO,06,LAREDO,35571,04,04,1,2,130131003,.0928304,1,,1,1,1,1,ARVEJA,2901,1,0,250,0,0,0,0,0,1,0, 
2025,13,LA LIBERTAD,01,TRUJILLO,06,LAREDO,35571,04,04,1,2,130131003,.0928304,1,,1,1,1,2,TRIGO,2113,1,0,250,0,0,0,0,0,1,0, 
2025,13,LA LIBERTAD,01,TRUJILLO,06,LAREDO,35572,01,01,1,2,130132004,11.60056,1,,1,1,2,1,CEBADA GRANO,2104,1,0,500,0,0,0,0,0,1,0, 
2025,13,LA LIBERTAD,01,TRUJILLO,06,LAREDO,35572,01,01,1,2,130132004,11.60056,1,,1,1,2,2,ARVEJA,2901,1,0,450,0,0,0,0,0,1,0, 
2025,13,LA LIBERTAD,01,TRUJILLO,06,LAREDO,35572,02,02,1,2,130132004,9.431034,1,,1,1,2,1,PAPA BLANCA,2612,1,0,250,0,0,1,0,0,1,0, 
2025,13,LA LIBERTAD,01,TRUJILLO,06,LAREDO,35572,04,04,1,2,130132004,.0613246,1,,1,1,2,1,TRIGO,2113,1,0,500,0,0,0,0,0,1,0, 
2025,13,LA LIBERTAD,01,TRUJILLO,06,LAREDO,35573,01,01,1,2,130131004,6.312742,1,,1,1,4,1,MAIZ CHOCLO,2109,1,0,125,0,0,0,0,0,1,0, 
2025,13,LA LIBERTAD,01,TRUJILLO,06,LAREDO,35573,01,01,1,2,130131004,6.312742,1,,1,1,1,1,CEBADA GRANO,2104,1,2,500,0,0,0,0,0,1,0, 
2025,13,LA LIBERTAD,01,TRUJILLO,06,LAREDO,35573,01,01,1,2,130131004,6.312742,1,,1,1,2,1,PAPA BLANCA,2612,1,0,350,0,0,0,0,0,1,0, 
2025,13,LA LIBERTAD,01,TRUJILLO,06,LAREDO,35573,01,01,1,2,130131004,6.312742,1,,1,1,3,1,CEBADA GRANO,2104,1,0,500,0,0,0,0,0,1,0, 
2025,13,LA LIBERTAD,01,TRUJILLO,06,LAREDO,35573,01,01,1,2,130131004,6.312742,1,,1,1,1,2,TRIGO,2113,1,1,000,0,0,0,0,0,1,0, 
2025,13,LA LIBERTAD,01,TRUJILLO,06,LAREDO,35573,01,01,1,2,130131004,6.312742,1,,1,1,4,2,ZAPALLO,2345,1,0,125,0,0,0,0,0,1,0, 
2025,13,LA LIBERTAD,01,TRUJILLO,06,LAREDO,35573,01,01,1,2,130131004,6.312742,1,,1,1,3,2,TRIGO,2113,1,1,000,0,0,0,0,0,1,0, 
2025,13,LA LIBERTAD,01,TRUJILLO,06,LAREDO,35573,01,01,1,2,130131004,6.312742,1,,1,1,1,3,ARVEJA,2901,1,1,000,0,0,0,0,0,1,0, 
2025,13,LA LIBERTAD,01,TRUJILLO,06,LAREDO,35573,01,01,1,2,130131004,6.312742,1,,1,1,3,3,HABA,2942,1,0,125,0,0,0,0,0,1,0, 
2025,13,LA LIBERTAD,01,TRUJILLO,06,LAREDO,35573,01,01,1,2,130131004,6.312742,1,,1,1,1,4,MAIZ CHOCLO,2109,1,0,250,0,0,0,0,0,1,0, 
2025,13,LA LIBERTAD,01,TRUJILLO,06,LAREDO,35573,02,02,1,2,130131004,.503956,1,,1,1,1,1,ARVEJA,2901,1,0,750,0,0,0,0,0,1,0, 
2025,13,LA LIBERTAD,01,TRUJILLO,06,LAREDO,35573,02,02,1,2,130131004,.503956,1,,1,1,2,1,CEBADA GRANO,2104,1,1,500,0,0,0,0,0,1,0, 
2025,13,LA LIBERTAD,01,TRUJILLO,06,LAREDO,35573,02,02,1,2,130131004,.503956,1,,1,1,3,1,ARVEJA,2901,1,1,000,0,0,0,0,0,1,0, 
2025,13,LA LIBERTAD,01,TRUJILLO,06,LAREDO,35573,02,02,1,2,130131004,.503956,1,,1,1,1,2,CEBADA GRANO,2104,1,0,500,0,0,0,0,0,1,0, 
2025,13,LA LIBERTAD,01,TRUJILLO,06,LAREDO,35573,03,03,1,2,130131004,5.13961,1,,1,1,1,1,ARVEJA,2901,1,0,500,0,0,0,0,0,1,0, 
2025,13,LA LIBERTAD,01,TRUJILLO,06,LAREDO,35573,03,03,1,2,130131004,5.13961,1,,1,1,2,1,ARVEJA,2901,1,2,000,0,0,0,0,0,1,0, 
2025,13,LA LIBERTAD,01,TRUJILLO,06,LAREDO,35573,03,03,1,2,130131004,5.13961,1,,1,1,1,2,TRIGO,2113,1,0,500,0,0,0,0,0,1,0, 
2025,13,LA LIBERTAD,01,TRUJILLO,06,LAREDO,35573,03,03,1,2,130131004,5.13961,1,,1,1,2,2,CEBADA GRANO,2104,1,1,000,0,0,0,0,0,1,0, 
2025,13,LA LIBERTAD,01,TRUJILLO,06,LAREDO,35573,04,04,1,2,130131004,6.462489,1,,1,1,2,1,ARVEJA,2901,1,0,250,0,0,0,0,0,1,0, 
2025,13,LA LIBERTAD,01,TRUJILLO,06,LAREDO,35573,04,04,1,2,130131004,6.462489,1,,1,1,1,1,ARVEJA,2901,1,1,500,0,0,1,0,0,1,0, 
2025,13,LA LIBERTAD,01,TRUJILLO,06,LAREDO,35573,04,04,1,2,130131004,6.462489,1,,1,1,2,2,TRIGO,2113,1,0,250,0,0,0,0,0,1,0, 
2025,13,LA LIBERTAD,01,TRUJILLO,06,LAREDO,35573,04,04,1,2,130131004,6.462489,1,,1,1,2,3,CEBADA GRANO,2104,1,0,250,0,0,0,0,0,1,0, 
2025,13,LA LIBERTAD,01,TRUJILLO,06,LAREDO,35573,05,05,1,2,130131004,1.404814,1,,1,1,2,1,MAIZ CHOCLO,2109,1,1,000,0,0,0,0,0,1,0, 
2025,13,LA LIBERTAD,01,TRUJILLO,06,LAREDO,35573,05,05,1,2,130131004,1.404814,1,,1,1,1,1,ARVEJA,2901,1,2,000,0,0,0,0,0,1,0, 
2025,13,LA LIBERTAD,01,TRUJILLO,06,LAREDO,35573,05,05,1,2,130131004,1.404814,1,,1,1,2,2,TRIGO,2113,1,4,000,0,0,0,0,0,1,0, 
2025,13,LA LIBERTAD,01,TRUJILLO,06,LAREDO,35573,05,05,1,2,130131004,1.404814,1,,1,1,2,3,CEBADA GRANO,2104,1,2,500,0,0,0,0,0,1,0, 
2025,13,LA LIBERTAD,01,TRUJILLO,06,LAREDO,35573,05,05,1,2,130131004,1.404814,1,,1,1,2,4,HABA,2942,1,0,250,0,0,0,0,0,1,0, 
2025,13,LA LIBERTAD,01,TRUJILLO,06,LAREDO,35573,05,05,1,2,130131004,1.404814,1,,1,1,2,5,PAPA BLANCA,2612,1,0,500,0,0,0,0,0,1,0, 
2025,13,LA LIBERTAD,01,TRUJILLO,06,LAREDO,35573,06,06,1,2,130131004,4.158457,1,,1,1,1,1,ARVEJA,2901,1,1,000,0,0,0,0,0,1,0, 
2025,13,LA LIBERTAD,01,TRUJILLO,06,LAREDO,35573,06,06,1,2,130131004,4.158457,1,,1,1,1,2,CEBADA GRANO,2104,1,0,250,0,0,0,0,0,1,0, 
2025,13,LA LIBERTAD,01,TRUJILLO,06,LAREDO,35573,06,06,1,2,130131004,4.158457,1,,1,1,1,3,TRIGO,2113,1,0,250,0,0,0,0,0,1,0, 
2025,13,LA LIBERTAD,01,TRUJILLO,06,LAREDO,35573,07,07,1,2,130131004,3.823751,1,,1,1,1,1,ARVEJA,2901,1,0,750,0,0,0,0,0,1,0, 
2025,13,LA LIBERTAD,01,TRUJILLO,06,LAREDO,35573,07,07,1,2,130131004,3.823751,1,,1,1,1,2,TRIGO,2113,1,0,500,0,0,0,0,0,1,0, 
2025,13,LA LIBERTAD,01,TRUJILLO,06,LAREDO,35573,07,07,1,2,130131004,3.823751,1,,1,1,1,3,CEBADA GRANO,2104,1,0,500,0,0,0,0,0,1,0, 
2025,13,LA LIBERTAD,01,TRUJILLO,06,LAREDO,35573,08,08,1,2,130131004,4.874841,1,,1,1,5,1,TRIGO,2113,1,0,500,0,0,0,0,0,1,0, 
2025,13,LA LIBERTAD,01,TRUJILLO,06,LAREDO,35573,08,08,1,2,130131004,4.874841,1,,1,1,2,1,TRIGO,2113,1,1,000,0,0,0,0,0,1,0, 
2025,13,LA LIBERTAD,01,TRUJILLO,06,LAREDO,35573,08,08,1,2,130131004,4.874841,1,,1,1,3,1,ARVEJA,2901,1,0,500,0,0,0,0,0,1,0, 
2025,13,LA LIBERTAD,01,TRUJILLO,06,LAREDO,35573,08,08,1,2,130131004,4.874841,1,,1,1,1,1,ARVEJA,2901,1,0,500,0,0,0,0,0,1,0, 
2025,13,LA LIBERTAD,01,TRUJILLO,06,LAREDO,35573,08,08,1,2,130131004,4.874841,1,,1,1,4,1,TRIGO,2113,1,0,250,0,0,0,0,0,1,0, 
2025,13,LA LIBERTAD,01,TRUJILLO,06,LAREDO,35573,08,08,1,2,130131004,4.874841,1,,1,1,4,2,CEBADA GRANO,2104,1,0,250,0,0,0,0,0,1,0, 
2025,13,LA LIBERTAD,01,TRUJILLO,06,LAREDO,35573,08,08,1,2,130131004,4.874841,1,,1,1,2,2,CEBADA GRANO,2104,1,0,500,0,0,0,0,0,1,0, 
2025,13,LA LIBERTAD,01,TRUJILLO,06,LAREDO,35573,08,08,1,2,130131004,4.874841,1,,1,1,3,2,HABA,2942,1,0,500,0,0,0,0,0,1,0, 
2025,13,LA LIBERTAD,01,TRUJILLO,06,LAREDO,35573,09,09,1,2,130131004,.7239125,1,,1,1,1,1,ARVEJA,2901,1,1,000,0,0,0,0,0,1,0, 
2025,13,LA LIBERTAD,01,TRUJILLO,06,LAREDO,35573,09,09,1,2,130131004,.7239125,1,,1,1,3,1,ARVEJA,2901,1,2,000,0,0,0,0,0,1,0, 
2025,13,LA LIBERTAD,01,TRUJILLO,06,LAREDO,35573,09,09,1,2,130131004,.7239125,1,,1,1,2,1,CEBADA GRANO,2104,1,1,000,0,0,0,0,0,1,0, 
2025,13,LA LIBERTAD,01,TRUJILLO,06,LAREDO,35573,09,09,1,2,130131004,.7239125,1,,1,1,2,2,ARVEJA,2901,1,1,000,0,0,0,0,0,1,0, 
2025,13,LA LIBERTAD,01,TRUJILLO,06,LAREDO,35573,10,10,1,2,130131004,1.40183,1,,1,0,2,1,ARVEJA,2901,1,0,500,0,0,0,0,0,1,0, 
2025,13,LA LIBERTAD,01,TRUJILLO,06,LAREDO,35573,10,10,1,2,130131004,1.40183,1,,1,0,5,1,ARVEJA,2901,1,0,500,0,0,0,0,0,1,0, 
2025,13,LA LIBERTAD,01,TRUJILLO,06,LAREDO,35573,10,10,1,2,130131004,1.40183,1,,1,0,1,1,TRIGO,2113,1,0,400,0,0,0,0,0,1,0, 
2025,13,LA LIBERTAD,01,TRUJILLO,06,LAREDO,35573,10,10,1,2,130131004,1.40183,1,,1,0,3,1,ARVEJA,2901,1,2,000,0,0,0,0,0,1,0, 
2025,13,LA LIBERTAD,01,TRUJILLO,06,LAREDO,35573,10,10,1,2,130131004,1.40183,1,,1,0,5,2,TRIGO,2113,1,0,250,0,0,0,0,0,1,0, 
2025,13,LA LIBERTAD,01,TRUJILLO,06,LAREDO,35573,10,10,1,2,130131004,1.40183,1,,1,0,3,2,TRIGO,2113,1,1,000,0,0,0,0,0,1,0, 
2025,13,LA LIBERTAD,01,TRUJILLO,06,LAREDO,35573,10,10,1,2,130131004,1.40183,1,,1,0,5,3,CEBADA GRANO,2104,1,0,250,0,0,0,0,0,1,0, 
2025,13,LA LIBERTAD,01,TRUJILLO,06,LAREDO,35573,11,11,1,2,130131004,3.090458,1,,1,1,4,1,CEBADA GRANO,2104,1,0,500,0,0,0,0,0,1,0, 
2025,13,LA LIBERTAD,01,TRUJILLO,06,LAREDO,35573,11,11,1,2,130131004,3.090458,1,,1,1,1,1,ARVEJA,2901,1,0,500,0,0,0,0,0,1,0, 
2025,13,LA LIBERTAD,01,TRUJILLO,06,LAREDO,35573,11,11,1,2,130131004,3.090458,1,,1,1,2,1,ARVEJA,2901,1,1,000,0,0,0,0,0,1,0, 
2025,13,LA LIBERTAD,01,TRUJILLO,06,LAREDO,35573,11,11,1,2,130131004,3.090458,1,,1,1,1,2,CEBADA GRANO,2104,1,0,500,0,0,0,0,0,1,0, 
2025,13,LA LIBERTAD,01,TRUJILLO,06,LAREDO,35573,11,11,1,2,130131004,3.090458,1,,1,1,1,3,TRIGO,2113,1,0,500,0,0,0,0,0,1,0, 
2025,13,LA LIBERTAD,01,TRUJILLO,06,LAREDO,35573,12,12,1,2,130131004,1.652484,1,,1,1,7,1,ARVEJA,2901,1,0,500,0,0,0,0,0,1,0, 
2025,13,LA LIBERTAD,01,TRUJILLO,06,LAREDO,35573,12,12,1,2,130131004,1.652484,1,,1,1,4,1,CEBADA GRANO,2104,1,1,000,0,0,0,0,0,1,0, 
2025,13,LA LIBERTAD,01,TRUJILLO,06,LAREDO,35573,12,12,1,2,130131004,1.652484,1,,1,1,2,1,ARVEJA,2901,1,1,000,0,0,0,0,0,1,0, 
2025,13,LA LIBERTAD,01,TRUJILLO,06,LAREDO,35573,12,12,1,2,130131004,1.652484,1,,1,1,3,1,ARVEJA,2901,1,1,000,0,0,0,0,0,1,0, 
2025,13,LA LIBERTAD,01,TRUJILLO,06,LAREDO,35573,12,12,1,2,130131004,1.652484,1,,1,1,5,1,ARVEJA,2901,1,0,500,0,0,1,0,0,1,0, 
2025,13,LA LIBERTAD,01,TRUJILLO,06,LAREDO,35573,12,12,1,2,130131004,1.652484,1,,1,1,1,1,ARVEJA,2901,1,2,000,0,0,0,0,0,1,0, 
2025,13,LA LIBERTAD,01,TRUJILLO,06,LAREDO,35573,12,12,1,2,130131004,1.652484,1,,1,1,1,2,CEBADA GRANO,2104,1,0,500,0,0,0,0,0,1,0, 
2025,13,LA LIBERTAD,01,TRUJILLO,06,LAREDO,35573,12,12,1,2,130131004,1.652484,1,,1,1,2,2,CEBADA GRANO,2104,1,0,500,0,0,0,0,0,1,0, 
2025,13,LA LIBERTAD,01,TRUJILLO,06,LAREDO,35573,12,12,1,2,130131004,1.652484,1,,1,1,3,2,CEBADA GRANO,2104,1,0,500,0,0,0,0,0,1,0, 
2025,13,LA LIBERTAD,01,TRUJILLO,06,LAREDO,35573,12,12,1,2,130131004,1.652484,1,,1,1,3,3,TRIGO,2113,1,0,500,0,0,0,0,0,1,0, 
2025,13,LA LIBERTAD,01,TRUJILLO,06,LAREDO,35574,01,01,1,2,130132003,1.74081,1,,1,1,1,1,CEBADA GRANO,2104,1,0,250,0,0,0,0,0,1,0, 
2025,13,LA LIBERTAD,01,TRUJILLO,06,LAREDO,35574,01,01,1,2,130132003,1.74081,1,,1,1,2,1,CEBADA GRANO,2104,1,0,500,0,0,0,0,0,1,0, 
2025,13,LA LIBERTAD,01,TRUJILLO,06,LAREDO,35574,01,01,1,2,130132003,1.74081,1,,1,1,4,1,PAPA BLANCA,2612,1,0,100,0,0,0,0,0,1,0, 
2025,13,LA LIBERTAD,01,TRUJILLO,06,LAREDO,35574,02,02,1,2,130132003,.0631337,1,,1,1,3,1,PAPA BLANCA,2612,1,1,000,0,0,0,0,0,1,0, 
2025,13,LA LIBERTAD,01,TRUJILLO,06,LAREDO,35575,01,01,1,2,130142003,.4312138,1,,1,0,3,1,TRIGO,2113,1,2,000,0,0,0,0,0,1,0, 
2025,13,LA LIBERTAD,01,TRUJILLO,06,LAREDO,35575,02,02,1,2,130142003,2.17301,1,,1,0,1,1,TRIGO,2113,1,1,000,0,0,0,0,0,1,0, 
2025,13,LA LIBERTAD,01,TRUJILLO,06,LAREDO,35575,03,03,1,2,130142003,.4474776,1,,1,0,2,1,CEBADA GRANO,2104,1,1,000,0,0,0,1,0,1,0, 
2025,13,LA LIBERTAD,01,TRUJILLO,10,SIMBAL,35579,01,01,1,2,130133003,62.89675,1,,1,1,3,1,PAPA AMARILLA,2611,1,0,500,0,0,0,0,0,1,0, 
2025,13,LA LIBERTAD,01,TRUJILLO,10,SIMBAL,35579,01,01,1,2,130133003,62.89675,1,,1,1,3,2,ARVEJA,2901,1,0,500,0,0,0,0,0,1,0, 
2025,13,LA LIBERTAD,01,TRUJILLO,10,SIMBAL,35579,02,02,1,2,130133003,.5800379,1,,1,1,2,1,PAPA AMARILLA,2611,1,0,200,0,0,0,0,0,1,0, 
2025,13,LA LIBERTAD,01,TRUJILLO,10,SIMBAL,35579,02,02,1,2,130133003,.5800379,1,,1,1,2,2,HABA,2942,1,0,200,0,0,0,0,0,1,0, 
2025,13,LA LIBERTAD,01,TRUJILLO,10,SIMBAL,35579,02,02,1,2,130133003,.5800379,1,,1,1,2,3,MAIZ AMILACEO,2108,1,0,300,0,0,0,0,0,1,0, 
2025,13,LA LIBERTAD,02,ASCOPE,02,CHICAMA,35588,04,04,1,1,130211002,.0031792,1,,1,0,1,1,LENTEJA,2944,1,0,600,0,0,0,0,0,1,0, 
2025,13,LA LIBERTAD,02,ASCOPE,04,MAGDALENA DE CAO,35590,01,01,1,1,130211005,70.83241,1,,1,0,1,1,CAÑA DE AZUCAR PARA AZUCAR,2808,1,2,000,0,1,0,0,0,0,0, 
2025,13,LA LIBERTAD,02,ASCOPE,07,SANTIAGO DE CAO,35595,02,02,1,1,130213005,7.49438,1,,1,1,1,1,MAIZ CHALA,2706,1,1,000,0,0,0,0,0,1,0, 
2025,13,LA LIBERTAD,02,ASCOPE,07,SANTIAGO DE CAO,35595,02,02,1,1,130213005,7.49438,1,,1,1,1,2,MARACUYA,2205,1,0,250,0,0,0,0,0,1,0, 
2025,13,LA LIBERTAD,02,ASCOPE,07,SANTIAGO DE CAO,35596,02,02,1,1,130212004,.036219,1,,1,1,2,1,ZAPALLO,2345,1,4,000,0,0,1,0,0,0,0, 
2025,13,LA LIBERTAD,03,BOLIVAR,04,LONGOTEA,35611,01,01,1,3,130381002,.0012699,1,,1,1,1,1,LIMON ACIDO,1140,3,0,080,1,0,0,0,0,0,0, 
2025,13,LA LIBERTAD,03,BOLIVAR,04,LONGOTEA,35611,01,01,1,3,130381002,.0012699,1,,1,1,1,2,MANGO,1147,2,0,030,1,0,0,0,0,0,0, 
2025,13,LA LIBERTAD,03,BOLIVAR,04,LONGOTEA,35611,01,01,1,3,130381002,.0012699,1,,1,1,1,3,PLATANO,1171,3,0,050,1,0,0,0,0,0,0, 
2025,13,LA LIBERTAD,03,BOLIVAR,04,LONGOTEA,35611,01,01,1,3,130381002,.0012699,1,,1,1,1,4,CAÑA DE AZUCAR PARA FRUTA,2811,1,0,010,1,0,0,0,0,0,0, 
2025,13,LA LIBERTAD,04,CHEPEN,01,CHEPEN,35620,02,02,1,1,130411004,10.95187,1,,1,1,1,1,MARACUYA,2205,1,1,500,0,0,1,0,0,0,0, 
2025,13,LA LIBERTAD,04,CHEPEN,03,PUEBLO NUEVO,35636,08,08,1,1,130411004,7.411403,1,,1,1,1,1,CULANTRO,2321,1,0,686,0,0,1,0,0,0,1, 
2025,13,LA LIBERTAD,05,JULCAN,01,JULCAN,35643,01,01,1,2,130534003,125.9643,1,,1,1,1,1,LENTEJA,2944,1,0,500,0,0,0,0,0,1,0, 
2025,13,LA LIBERTAD,05,JULCAN,01,JULCAN,35647,01,01,1,2,130541003,7.423631,1,,1,1,2,1,PAPA BLANCA,2612,1,3,000,0,0,0,0,1,1,0, 
2025,13,LA LIBERTAD,05,JULCAN,01,JULCAN,35647,01,01,1,2,130541003,7.423631,1,,1,1,1,1,PAPA BLANCA,2612,1,2,000,0,0,0,0,1,1,0, 
2025,13,LA LIBERTAD,05,JULCAN,01,JULCAN,35647,01,01,1,2,130541003,7.423631,1,,1,1,3,1,TRIGO,2113,1,3,000,0,0,0,0,0,1,0, 
2025,13,LA LIBERTAD,05,JULCAN,01,JULCAN,35647,01,01,1,2,130541003,7.423631,1,,1,1,1,2,TARHUI,2947,1,1,000,0,0,0,0,1,1,0, 
2025,13,LA LIBERTAD,05,JULCAN,01,JULCAN,35647,01,01,1,2,130541003,7.423631,1,,1,1,3,2,CEBADA GRANO,2104,1,3,000,0,0,0,0,0,1,0, 
2025,13,LA LIBERTAD,05,JULCAN,01,JULCAN,35648,04,04,1,2,130531004,4.912718,1,,1,1,1,1,HABA,2942,1,0,500,0,0,1,0,0,1,0, 
2025,13,LA LIBERTAD,05,JULCAN,01,JULCAN,35648,04,04,1,2,130531004,4.912718,1,,1,1,1,2,TRIGO,2113,1,0,500,0,0,1,0,0,1,0, 
2025,13,LA LIBERTAD,05,JULCAN,01,JULCAN,35649,01,01,1,2,130521002,.6777429,1,,1,1,1,1,PAPA BLANCA,2612,1,0,500,0,0,1,0,0,0,0, 
2025,13,LA LIBERTAD,05,JULCAN,01,JULCAN,35649,01,01,1,2,130521002,.6777429,1,,1,1,2,1,PAPA BLANCA,2612,1,0,250,0,0,1,0,0,0,0, 
2025,13,LA LIBERTAD,05,JULCAN,01,JULCAN,35649,01,01,1,2,130521002,.6777429,1,,1,1,3,1,PAPA BLANCA,2612,1,0,500,0,0,1,0,0,0,0, 
2025,13,LA LIBERTAD,05,JULCAN,02,CALAMARCA,35654,01,01,1,2,130521003,7.482711,1,,1,1,2,1,CEBADA GRANO,2104,1,0,250,1,0,0,0,0,0,0, 
2025,13,LA LIBERTAD,05,JULCAN,02,CALAMARCA,35654,01,01,1,2,130521003,7.482711,1,,1,1,2,2,MAIZ AMARILLO DURO,2107,1,0,250,1,0,0,0,0,0,0, 
2025,13,LA LIBERTAD,05,JULCAN,02,CALAMARCA,35654,02,02,1,2,130521003,12.88846,1,,1,1,2,1,PAPA BLANCA,2612,1,0,350,0,0,1,0,0,0,0, 
2025,13,LA LIBERTAD,05,JULCAN,02,CALAMARCA,35654,03,03,1,2,130521003,.2238285,1,,1,1,1,1,MAIZ AMARILLO DURO,2107,1,0,250,0,0,1,0,0,1,0, 
2025,13,LA LIBERTAD,05,JULCAN,02,CALAMARCA,35654,03,03,1,2,130521003,.2238285,1,,1,1,1,2,PAPA BLANCA,2612,1,0,200,0,0,1,0,0,1,0, 
2025,13,LA LIBERTAD,05,JULCAN,03,CARABAMBA,35658,01,01,1,2,130531003,4.063157,1,,1,1,2,1,PAPA BLANCA,2612,1,0,900,0,0,1,0,0,0,0, 
2025,13,LA LIBERTAD,05,JULCAN,03,CARABAMBA,35658,01,01,1,2,130531003,4.063157,1,,1,1,2,2,PAPA COLOR,2613,1,0,900,0,0,1,0,0,0,0, 
2025,13,LA LIBERTAD,05,JULCAN,03,CARABAMBA,35660,01,01,1,2,130531003,13.67977,1,,1,1,2,1,PAPA BLANCA,2612,1,0,250,0,0,0,0,0,1,0, 
2025,13,LA LIBERTAD,05,JULCAN,03,CARABAMBA,35660,02,02,1,2,130531003,.575606,1,,1,1,3,1,ARVEJA,2901,1,1,000,0,0,0,0,0,1,0, 
2025,13,LA LIBERTAD,05,JULCAN,03,CARABAMBA,35660,02,02,1,2,130531003,.575606,1,,1,1,1,1,CEBADA GRANO,2104,1,0,500,0,0,0,0,0,1,0, 
2025,13,LA LIBERTAD,05,JULCAN,03,CARABAMBA,35660,02,02,1,2,130531003,.575606,1,,1,1,2,1,CEBADA GRANO,2104,1,2,000,0,0,0,0,0,1,0, 
2025,13,LA LIBERTAD,05,JULCAN,03,CARABAMBA,35660,04,04,1,2,130531003,1.620919,1,,1,1,5,1,ARVEJA,2901,1,0,250,0,0,0,0,0,1,0, 
2025,13,LA LIBERTAD,05,JULCAN,03,CARABAMBA,35660,05,05,1,2,130531003,3.814968,1,,1,1,1,1,ARVEJA,2901,1,0,100,0,0,0,0,0,1,0, 
2025,13,LA LIBERTAD,05,JULCAN,03,CARABAMBA,35660,06,06,1,2,130531003,7.401898,1,,1,1,3,1,ARVEJA,2901,1,1,000,0,0,0,0,0,1,0, 
2025,13,LA LIBERTAD,05,JULCAN,03,CARABAMBA,35660,06,06,1,2,130531003,7.401898,1,,1,1,1,1,PAPA BLANCA,2612,1,0,500,0,0,0,0,0,1,0, 
2025,13,LA LIBERTAD,05,JULCAN,03,CARABAMBA,35660,06,06,1,2,130531003,7.401898,1,,1,1,2,1,CEBADA GRANO,2104,1,1,000,0,0,0,0,0,1,0, 
2025,13,LA LIBERTAD,05,JULCAN,03,CARABAMBA,35660,06,06,1,2,130531003,7.401898,1,,1,1,3,2,TRIGO,2113,1,1,000,0,0,0,0,0,1,0, 
2025,13,LA LIBERTAD,05,JULCAN,03,CARABAMBA,35661,02,02,1,2,130541003,52.14314,1,,1,1,2,1,ARVEJA,2901,1,0,500,0,0,0,0,0,1,0, 
2025,13,LA LIBERTAD,05,JULCAN,03,CARABAMBA,35661,03,03,1,2,130541003,7.859701,1,,1,1,1,1,TRIGO,2113,1,0,500,0,0,1,0,0,1,0, 
2025,13,LA LIBERTAD,05,JULCAN,04,HUASO,35664,01,01,1,2,130541004,.0561573,1,,1,1,1,1,PAPA AMARILLA,2611,1,0,750,0,0,0,1,0,0,0, 
2025,13,LA LIBERTAD,05,JULCAN,04,HUASO,35664,01,01,1,2,130541004,.0561573,1,,1,1,1,2,CEBADA GRANO,2104,1,0,750,0,0,0,1,0,0,0, 
2025,13,LA LIBERTAD,05,JULCAN,04,HUASO,35664,02,02,1,2,130541004,26.08247,1,,1,1,2,1,CEBADA GRANO,2104,1,0,750,0,0,0,1,1,0,0, 
2025,13,LA LIBERTAD,05,JULCAN,04,HUASO,35664,02,02,1,2,130541004,26.08247,1,,1,1,2,2,PAPA AMARILLA,2611,1,0,750,0,0,0,1,1,0,0, 
2025,13,LA LIBERTAD,05,JULCAN,04,HUASO,35664,03,03,1,2,130541004,7.257679,1,,1,0,1,1,PAPA AMARILLA,2611,1,0,150,0,0,0,1,1,0,0, 
2025,13,LA LIBERTAD,05,JULCAN,04,HUASO,35664,05,05,1,2,130541004,2.422848,1,,1,1,1,1,PAPA NATIVA,2615,1,0,600,0,0,0,1,1,0,0, 
2025,13,LA LIBERTAD,05,JULCAN,04,HUASO,35664,05,05,1,2,130541004,2.422848,1,,1,1,1,2,PAPA AMARILLA,2611,1,0,600,0,0,0,1,1,0,0, 
2025,13,LA LIBERTAD,05,JULCAN,04,HUASO,35664,06,06,1,2,130541004,.2779669,1,,1,1,1,1,PAPA AMARILLA,2611,1,0,300,0,0,0,1,1,0,0, 
2025,13,LA LIBERTAD,05,JULCAN,04,HUASO,35668,01,01,1,2,130531003,38.82434,1,,1,1,1,1,PAPA NATIVA,2615,1,0,800,0,0,1,1,0,0,0, 
2025,13,LA LIBERTAD,05,JULCAN,04,HUASO,35668,01,01,1,2,130531003,38.82434,1,,1,1,2,1,PAPA AMARILLA,2611,1,0,800,0,0,1,1,0,1,0, 
2025,13,LA LIBERTAD,05,JULCAN,04,HUASO,35668,03,03,1,2,130531003,1.114555,1,,1,1,1,1,CEBADA GRANO,2104,1,0,750,0,0,1,1,0,1,0, 
2025,13,LA LIBERTAD,05,JULCAN,04,HUASO,35668,03,03,1,2,130531003,1.114555,1,,1,1,2,1,PAPA NATIVA,2615,1,0,800,0,0,1,1,0,1,0, 
2025,13,LA LIBERTAD,06,OTUZCO,01,OTUZCO,35671,01,01,1,2,130631003,99.63232,1,,1,1,1,1,PAPA BLANCA,2612,1,0,100,0,0,1,0,0,0,1, 
2025,13,LA LIBERTAD,06,OTUZCO,01,OTUZCO,35673,03,03,1,1,130624003,18.28082,1,,1,0,2,1,MAIZ MORADO,2110,1,0,250,0,0,0,0,0,1,0, 
2025,13,LA LIBERTAD,06,OTUZCO,01,OTUZCO,35673,03,03,1,1,130624003,18.28082,1,,1,0,1,1,FRIJOL BLANCO,2907,1,0,204,0,0,0,0,0,1,0, 
2025,13,LA LIBERTAD,06,OTUZCO,01,OTUZCO,35674,03,03,1,2,130632005,1.741249,1,,1,1,4,1,TRIGO,2113,1,0,250,0,0,0,0,0,1,0, 
2025,13,LA LIBERTAD,06,OTUZCO,01,OTUZCO,35674,03,03,1,2,130632005,1.741249,1,,1,1,4,2,MAIZ AMILACEO,2108,1,0,250,0,0,0,0,0,1,0, 
2025,13,LA LIBERTAD,06,OTUZCO,01,OTUZCO,35675,03,03,1,2,130641003,.5202308,1,,1,1,2,1,ARVEJA,2901,1,0,250,0,0,1,0,0,0,1, 
2025,13,LA LIBERTAD,06,OTUZCO,01,OTUZCO,35675,04,04,1,2,130641003,1.504376,1,,1,1,2,1,ARVEJA,2901,1,0,068,0,0,1,0,0,0,1, 
2025,13,LA LIBERTAD,06,OTUZCO,01,OTUZCO,35676,04,04,1,2,130631003,.8206715,1,,1,1,3,1,PAPA BLANCA,2612,1,0,080,0,0,1,0,0,0,0, 
2025,13,LA LIBERTAD,06,OTUZCO,01,OTUZCO,35677,02,02,1,2,130631002,69.6544,1,,1,1,4,1,ARVEJA,2901,1,0,250,0,0,0,0,0,0,1, 
2025,13,LA LIBERTAD,06,OTUZCO,01,OTUZCO,35681,04,04,1,2,130631003,.8889352,1,,1,0,3,1,ARVEJA,2901,1,0,250,0,0,0,0,0,0,1, 
2025,13,LA LIBERTAD,06,OTUZCO,01,OTUZCO,35681,05,05,1,2,130631003,43.13977,1,,1,1,1,1,ARVEJA,2901,1,0,080,0,0,0,0,0,0,1, 
2025,13,LA LIBERTAD,06,OTUZCO,02,AGALLPAMPA,35689,02,02,1,2,130631003,104.3556,1,,1,1,2,1,PAPA BLANCA,2612,1,0,100,0,0,1,0,0,0,0, 
2025,13,LA LIBERTAD,06,OTUZCO,02,AGALLPAMPA,35690,01,01,1,2,130631003,12.70008,1,,1,1,1,1,CEBOLLA CHINA,2316,1,0,200,0,0,1,0,0,0,0, 
2025,13,LA LIBERTAD,06,OTUZCO,02,AGALLPAMPA,35699,01,01,1,2,130641003,39.14841,1,,1,0,1,1,PAPA BLANCA,2612,1,0,500,0,0,1,1,0,0,0, 
2025,13,LA LIBERTAD,06,OTUZCO,02,AGALLPAMPA,35699,02,02,1,2,130641003,14.91732,1,,1,1,2,1,PAPA BLANCA,2612,1,0,200,0,0,1,0,0,0,0, 
2025,13,LA LIBERTAD,06,OTUZCO,02,AGALLPAMPA,35700,01,01,1,2,130641003,52.24916,1,,1,1,2,1,HABA,2942,1,0,200,0,0,0,0,0,0,1, 
2025,13,LA LIBERTAD,06,OTUZCO,08,MACHE,35705,01,01,1,2,130631004,13.86493,1,,1,1,1,1,MAIZ AMILACEO,2108,1,0,094,0,0,1,0,0,0,0, 
2025,13,LA LIBERTAD,06,OTUZCO,11,SALPO,35710,02,02,1,2,130641004,97.66748,1,,1,1,4,1,PAPA NATIVA,2615,1,0,500,0,0,1,1,0,0,0, 
2025,13,LA LIBERTAD,06,OTUZCO,11,SALPO,35710,04,04,1,2,130641004,410.149,1,,1,1,1,1,TARHUI,2947,1,0,100,0,0,0,0,0,0,1, 
2025,13,LA LIBERTAD,06,OTUZCO,11,SALPO,35710,05,05,1,2,130641004,231.8914,1,,1,1,2,1,TARHUI,2947,1,0,200,0,0,0,1,0,0,0, 
2025,13,LA LIBERTAD,06,OTUZCO,11,SALPO,35710,07,07,1,2,130641004,249.2158,1,,1,0,1,1,TARHUI,2947,1,0,120,0,0,0,0,0,0,1, 
2025,13,LA LIBERTAD,06,OTUZCO,13,SINSICAP,35716,03,03,1,2,130624002,70.10191,1,,1,0,1,1,CHIRIMOYO,1121,2,0,080,0,0,1,0,0,0,0, 
2025,13,LA LIBERTAD,06,OTUZCO,13,SINSICAP,35716,03,03,1,2,130624002,70.10191,1,,1,0,1,2,MEMBRILLERO,1153,2,0,035,0,0,1,0,0,0,0, 
2025,13,LA LIBERTAD,06,OTUZCO,13,SINSICAP,35716,03,03,1,2,130624002,70.10191,1,,1,0,1,3,PALTO,1162,2,0,060,0,0,1,0,0,0,0, 
2025,13,LA LIBERTAD,06,OTUZCO,14,USQUIL,35720,01,01,1,2,130631003,24.80714,1,,1,1,3,1,MAIZ AMILACEO,2108,1,0,125,0,0,1,0,0,1,0, 
2025,13,LA LIBERTAD,06,OTUZCO,14,USQUIL,35720,01,01,1,2,130631003,24.80714,1,,1,1,3,2,PAPA BLANCA,2612,1,0,125,0,0,1,0,0,1,0, 
2025,13,LA LIBERTAD,06,OTUZCO,14,USQUIL,35721,01,01,1,2,130631003,11.32021,1,,1,1,1,1,FRIJOL CABALLERO,2908,1,0,050,0,0,1,0,0,0,0, 
2025,13,LA LIBERTAD,06,OTUZCO,14,USQUIL,35722,01,01,1,2,130621004,131.5833,1,,1,1,1,1,PAPA AMARILLA,2611,1,0,500,0,0,1,0,0,0,0, 
2025,13,LA LIBERTAD,06,OTUZCO,14,USQUIL,35722,03,03,1,2,130621004,101.24,1,,1,1,1,1,PAPA AMARILLA,2611,1,0,750,0,0,1,0,0,0,0, 
2025,13,LA LIBERTAD,06,OTUZCO,14,USQUIL,35723,02,02,1,2,130621003,80.86985,1,,1,1,2,1,PAPA BLANCA,2612,1,0,500,0,0,1,0,0,0,0, 
2025,13,LA LIBERTAD,06,OTUZCO,14,USQUIL,35724,01,01,1,2,130631003,13.38071,1,,1,0,3,1,MAIZ AMILACEO,2108,1,0,125,0,0,1,1,0,0,0, 
2025,13,LA LIBERTAD,06,OTUZCO,14,USQUIL,35724,01,01,1,2,130631003,13.38071,1,,1,0,2,1,MAIZ AMILACEO,2108,1,0,125,0,0,1,1,0,0,0, 
2025,13,LA LIBERTAD,06,OTUZCO,14,USQUIL,35724,01,01,1,2,130631003,13.38071,1,,1,0,1,1,MAIZ AMILACEO,2108,1,0,200,0,0,1,1,0,0,0, 
2025,13,LA LIBERTAD,06,OTUZCO,14,USQUIL,35724,03,03,1,2,130631003,21.2666,1,,1,0,2,1,MAIZ AMILACEO,2108,1,0,250,0,0,1,1,0,0,0, 
2025,13,LA LIBERTAD,06,OTUZCO,14,USQUIL,35724,04,04,1,2,130631003,1.42816,1,,1,0,1,1,MAIZ AMILACEO,2108,1,0,375,0,0,1,1,0,0,0, 
2025,13,LA LIBERTAD,06,OTUZCO,14,USQUIL,35732,01,01,1,2,130641003,32.62261,1,,1,1,4,1,CEBADA GRANO,2104,1,0,500,0,0,1,1,0,0,0, 
2025,13,LA LIBERTAD,08,PATAZ,01,TAYABAMBA,35754,01,01,1,2,130832003,746.3952,1,,1,1,3,1,HABA,2942,1,0,030,0,0,1,1,0,0,0, 
2025,13,LA LIBERTAD,08,PATAZ,01,TAYABAMBA,35754,02,02,1,2,130832003,73.97673,1,,1,1,2,1,HABA,2942,1,0,500,0,0,1,1,0,0,0, 
2025,13,LA LIBERTAD,08,PATAZ,01,TAYABAMBA,35754,02,02,1,2,130832003,73.97673,1,,1,1,2,2,CEBADA GRANO,2104,1,0,500,0,0,1,1,0,0,0, 
2025,13,LA LIBERTAD,08,PATAZ,01,TAYABAMBA,35754,02,02,1,2,130832003,73.97673,1,,1,1,2,3,PAPA BLANCA,2612,1,0,500,0,0,1,1,0,0,0, 
2025,13,LA LIBERTAD,08,PATAZ,01,TAYABAMBA,35754,03,03,1,2,130832003,1876.129,1,,1,1,1,1,HABA,2942,1,0,050,0,0,1,1,0,0,0, 
2025,13,LA LIBERTAD,08,PATAZ,01,TAYABAMBA,35754,06,06,1,2,130832003,70.33184,1,,1,1,2,1,HABA,2942,1,0,030,0,0,1,1,0,0,0, 
2025,13,LA LIBERTAD,08,PATAZ,01,TAYABAMBA,35754,06,06,1,2,130832003,70.33184,1,,1,1,2,2,CEBADA GRANO,2104,1,0,030,0,0,1,1,0,0,0, 
2025,13,LA LIBERTAD,08,PATAZ,01,TAYABAMBA,35757,01,01,1,2,130843003,690.2167,1,,1,1,4,1,HABA,2942,1,0,030,0,0,1,1,0,0,0, 
2025,13,LA LIBERTAD,08,PATAZ,01,TAYABAMBA,35757,01,01,1,2,130843003,690.2167,1,,1,1,3,1,OCA,2608,1,0,050,0,0,1,1,0,0,0, 
2025,13,LA LIBERTAD,08,PATAZ,01,TAYABAMBA,35757,02,02,1,2,130843003,209.2091,1,,1,1,5,1,HABA,2942,1,0,020,0,0,1,1,0,0,0, 
2025,13,LA LIBERTAD,08,PATAZ,02,BULDIBUYO,35758,03,03,1,2,130831003,901.7952,1,,1,0,1,1,CEBADA GRANO,2104,1,0,050,0,0,0,0,0,1,1, 
2025,13,LA LIBERTAD,08,PATAZ,02,BULDIBUYO,35758,04,04,1,2,130831003,567.908,1,,1,1,3,1,NUÑA,2945,1,0,020,0,0,1,0,0,0,0, 
2025,13,LA LIBERTAD,08,PATAZ,02,BULDIBUYO,35758,04,04,1,2,130831003,567.908,1,,1,1,1,1,PAPA BLANCA,2612,1,0,200,0,0,0,1,0,0,0, 
2025,13,LA LIBERTAD,08,PATAZ,03,CHILLIA,35762,01,01,1,2,130834003,46.62975,1,,1,1,2,1,HABA,2942,1,0,250,0,0,1,0,0,1,0, 
2025,13,LA LIBERTAD,08,PATAZ,03,CHILLIA,35762,03,03,1,2,130834003,33.57762,1,,1,1,1,1,MAIZ AMILACEO,2108,1,0,250,0,0,0,0,0,1,0, 
2025,13,LA LIBERTAD,08,PATAZ,03,CHILLIA,35762,03,03,1,2,130834003,33.57762,1,,1,1,2,1,MAIZ AMILACEO,2108,1,0,125,0,0,1,0,0,1,0, 
2025,13,LA LIBERTAD,08,PATAZ,03,CHILLIA,35766,01,01,1,2,130832003,11.15278,1,,1,1,2,1,MAIZ AMILACEO,2108,1,0,250,0,0,1,0,0,1,0, 
2025,13,LA LIBERTAD,08,PATAZ,03,CHILLIA,35766,03,03,1,2,130832003,30.65855,1,,1,1,1,1,HABA,2942,1,0,250,0,0,1,0,0,1,0, 
2025,13,LA LIBERTAD,08,PATAZ,03,CHILLIA,35766,03,03,1,2,130832003,30.65855,1,,1,1,2,1,TARHUI,2947,1,0,250,0,0,1,0,0,1,0, 
2025,13,LA LIBERTAD,08,PATAZ,03,CHILLIA,35766,03,03,1,2,130832003,30.65855,1,,1,1,3,1,ARVEJA,2901,1,0,250,0,0,1,0,0,1,0, 
2025,13,LA LIBERTAD,08,PATAZ,03,CHILLIA,35766,03,03,1,2,130832003,30.65855,1,,1,1,3,2,HABA,2942,1,0,250,0,0,1,0,0,1,0, 
2025,13,LA LIBERTAD,08,PATAZ,04,HUANCASPATA,35770,03,03,1,2,130833004,7.254331,1,,1,1,1,1,MAIZ AMILACEO,2108,1,0,050,0,0,0,0,0,0,1, 
2025,13,LA LIBERTAD,08,PATAZ,06,HUAYO,35775,01,01,1,2,130871004,3.603943,1,,1,0,3,1,PAPA AMARILLA,2611,1,0,125,0,0,1,1,0,0,0, 
2025,13,LA LIBERTAD,08,PATAZ,06,HUAYO,35777,02,02,1,2,130831004,1.883821,1,,1,1,1,1,MAIZ AMILACEO,2108,1,0,010,0,0,1,1,0,0,0, 
2025,13,LA LIBERTAD,08,PATAZ,06,HUAYO,35777,02,02,1,2,130831004,1.883821,1,,1,1,1,2,NUÑA,2945,1,0,020,0,0,1,1,0,0,0, 
2025,13,LA LIBERTAD,08,PATAZ,08,PARCOY,35780,01,01,1,2,130831004,65.11279,1,,1,1,3,1,LIMA,1139,2,0,020,0,0,1,0,0,0,0, 
2025,13,LA LIBERTAD,08,PATAZ,08,PARCOY,35780,01,01,1,2,130831004,65.11279,1,,1,1,3,2,NARANJO,1156,2,0,020,0,0,1,0,0,0,0, 
2025,13,LA LIBERTAD,08,PATAZ,10,PIAS,35788,01,01,1,2,130831004,.2813695,1,,1,1,1,1,PAPA BLANCA,2612,1,1,000,0,0,1,0,0,1,0, 
2025,13,LA LIBERTAD,09,SANCHEZ CARRION,01,HUAMACHUCO,35798,06,06,1,2,130941004,24.44857,1,,1,1,3,1,PAPA COLOR,2613,1,0,500,0,0,1,1,0,1,0, 
2025,13,LA LIBERTAD,09,SANCHEZ CARRION,01,HUAMACHUCO,35807,01,01,1,2,130931003,34.3649,1,,1,1,1,1,PAPA BLANCA,2612,1,0,068,0,0,0,1,0,0,0, 
2025,13,LA LIBERTAD,09,SANCHEZ CARRION,02,CHUGAY,35813,01,01,1,2,130931003,51.97692,1,,1,1,1,1,PAPA BLANCA,2612,1,0,250,0,0,1,0,0,0,0, 
2025,13,LA LIBERTAD,09,SANCHEZ CARRION,02,CHUGAY,35813,03,03,1,2,130931003,18.01272,1,,1,0,1,1,PAPA BLANCA,2612,1,0,250,0,0,1,0,0,0,0, 
2025,13,LA LIBERTAD,09,SANCHEZ CARRION,02,CHUGAY,35814,01,01,1,2,130931003,37.13639,1,,1,1,3,1,PAPA COLOR,2613,1,0,250,0,0,1,0,0,0,0, 
2025,13,LA LIBERTAD,09,SANCHEZ CARRION,03,COCHORCO,35830,08,08,1,2,130931003,258.3064,1,,1,0,3,1,NARANJO,1156,2,0,040,0,0,1,0,0,0,0, 
2025,13,LA LIBERTAD,09,SANCHEZ CARRION,03,COCHORCO,35830,08,08,1,2,130931003,258.3064,1,,1,0,3,2,MANGO,1147,2,0,015,0,0,1,0,0,0,0, 
2025,13,LA LIBERTAD,09,SANCHEZ CARRION,06,SANAGORAN,35841,01,01,1,2,130932004,1.331953,1,,1,1,1,1,PAPA BLANCA,2612,1,0,125,0,0,1,0,0,0,0, 
2025,13,LA LIBERTAD,09,SANCHEZ CARRION,06,SANAGORAN,35844,01,01,1,2,130933004,.9743544,1,,1,1,3,1,MAIZ AMILACEO,2108,1,0,020,0,0,0,1,0,0,0, 
2025,13,LA LIBERTAD,09,SANCHEZ CARRION,07,SARIN,35857,01,01,1,2,130931003,31.8238,1,,1,1,5,1,MAIZ AMILACEO,2108,1,0,125,0,0,0,1,0,0,0, 
2025,13,LA LIBERTAD,09,SANCHEZ CARRION,07,SARIN,35857,01,01,1,2,130931003,31.8238,1,,1,1,4,1,TARHUI,2947,1,0,500,0,0,0,1,0,0,1, 
2025,13,LA LIBERTAD,09,SANCHEZ CARRION,07,SARIN,35857,04,04,1,2,130931003,33.17294,1,,1,0,3,1,TRIGO,2113,1,0,040,0,0,1,0,0,0,0, 
2025,13,LA LIBERTAD,09,SANCHEZ CARRION,08,SARTIMBAMBA,35860,01,01,1,2,130972003,4.419739,1,,1,1,1,1,MAIZ AMILACEO,2108,1,0,070,0,0,0,0,0,0,1, 
2025,13,LA LIBERTAD,09,SANCHEZ CARRION,08,SARTIMBAMBA,35867,02,02,1,2,130931003,12.02799,1,,1,1,3,1,MAIZ AMILACEO,2108,1,0,300,0,0,0,0,0,0,1, 
2025,13,LA LIBERTAD,09,SANCHEZ CARRION,08,SARTIMBAMBA,35869,01,01,1,2,130931003,6.162127,1,,1,0,2,1,TRIGO,2113,1,0,480,1,0,0,0,0,0,1, 
2025,13,LA LIBERTAD,10,SANTIAGO DE CHUCO,01,SANTIAGO DE CHUCO,35872,02,02,1,2,131041003,84.57156,1,,1,0,1,1,ARVEJA,2901,1,0,290,0,0,1,0,0,0,1, 
2025,13,LA LIBERTAD,10,SANTIAGO DE CHUCO,01,SANTIAGO DE CHUCO,35872,05,05,1,2,131041003,1.438036,1,,1,1,1,1,ARVEJA,2901,1,0,750,0,1,0,0,0,0,1, 
2025,13,LA LIBERTAD,10,SANTIAGO DE CHUCO,01,SANTIAGO DE CHUCO,35873,03,03,1,2,131034004,129.3462,1,,1,0,3,1,ARVEJA,2901,1,0,500,0,0,0,0,0,1,0, 
2025,13,LA LIBERTAD,10,SANTIAGO DE CHUCO,01,SANTIAGO DE CHUCO,35875,01,01,1,2,131041003,73.70599,1,,1,1,3,1,PAPA AMARILLA,2611,1,0,900,0,0,0,1,0,0,0, 
2025,13,LA LIBERTAD,10,SANTIAGO DE CHUCO,01,SANTIAGO DE CHUCO,35876,02,02,1,2,131031002,854.7852,1,,1,1,2,1,TARHUI,2947,1,0,250,0,0,1,0,0,0,0, 
2025,13,LA LIBERTAD,10,SANTIAGO DE CHUCO,01,SANTIAGO DE CHUCO,35876,02,02,1,2,131031002,854.7852,1,,1,1,1,1,LINAZA,2819,1,0,100,0,0,1,0,0,0,0, 
2025,13,LA LIBERTAD,10,SANTIAGO DE CHUCO,01,SANTIAGO DE CHUCO,35879,02,02,1,2,131031004,12.93268,1,,1,1,1,1,ARVEJA,2901,1,0,020,0,0,0,0,0,0,1, 
2025,13,LA LIBERTAD,10,SANTIAGO DE CHUCO,01,SANTIAGO DE CHUCO,35879,04,04,1,2,131031004,13.54896,1,,1,1,1,1,NUÑA,2945,1,0,010,0,0,1,0,0,0,0, 
2025,13,LA LIBERTAD,10,SANTIAGO DE CHUCO,01,SANTIAGO DE CHUCO,35879,14,14,1,2,131031004,9.743856,1,,1,1,1,1,MAIZ AMILACEO,2108,1,0,060,0,0,0,0,0,0,1, 
2025,13,LA LIBERTAD,10,SANTIAGO DE CHUCO,01,SANTIAGO DE CHUCO,35879,16,16,1,2,131031004,.7803739,1,,1,1,2,1,ARVEJA,2901,1,0,100,0,0,1,0,0,0,0, 
2025,13,LA LIBERTAD,10,SANTIAGO DE CHUCO,01,SANTIAGO DE CHUCO,35879,16,16,1,2,131031004,.7803739,1,,1,1,1,1,CEBADA GRANO,2104,1,0,023,0,0,1,0,0,0,0, 
2025,13,LA LIBERTAD,10,SANTIAGO DE CHUCO,01,SANTIAGO DE CHUCO,35880,01,01,1,2,131041003,235.3847,1,,1,1,1,1,HABA,2942,1,1,000,0,0,0,0,0,1,0, 
2025,13,LA LIBERTAD,10,SANTIAGO DE CHUCO,01,SANTIAGO DE CHUCO,35880,01,01,1,2,131041003,235.3847,1,,1,1,1,2,PAPA NATIVA,2615,1,0,500,0,0,1,0,0,1,0, 
2025,13,LA LIBERTAD,10,SANTIAGO DE CHUCO,01,SANTIAGO DE CHUCO,35882,01,01,1,2,131031003,365.6017,1,,1,1,2,1,PAPA BLANCA,2612,1,0,500,0,0,0,0,0,1,0, 
2025,13,LA LIBERTAD,10,SANTIAGO DE CHUCO,01,SANTIAGO DE CHUCO,35882,01,01,1,2,131031003,365.6017,1,,1,1,1,1,CEBADA GRANO,2104,1,0,230,0,0,0,0,0,1,0, 
2025,13,LA LIBERTAD,10,SANTIAGO DE CHUCO,01,SANTIAGO DE CHUCO,35882,01,01,1,2,131031003,365.6017,1,,1,1,1,2,PAPA AMARILLA,2611,1,0,100,0,0,1,0,0,0,0, 
2025,13,LA LIBERTAD,10,SANTIAGO DE CHUCO,01,SANTIAGO DE CHUCO,35883,03,03,1,2,131031003,120.7863,1,,1,1,1,1,MAIZ AMILACEO,2108,1,0,070,0,0,0,0,0,0,1, 
2025,13,LA LIBERTAD,10,SANTIAGO DE CHUCO,01,SANTIAGO DE CHUCO,35886,03,03,1,2,131033004,.6171919,1,,1,1,2,1,PAPA NATIVA,2615,1,1,500,0,0,1,1,0,0,0, 
2025,13,LA LIBERTAD,10,SANTIAGO DE CHUCO,01,SANTIAGO DE CHUCO,35890,02,02,1,2,131041002,150.1765,1,,1,1,4,1,HABA,2942,1,0,150,1,0,1,0,0,1,0, 
2025,13,LA LIBERTAD,10,SANTIAGO DE CHUCO,01,SANTIAGO DE CHUCO,35890,05,05,1,2,131041002,77.92511,1,,1,1,1,1,CEBOLLA CHINA,2316,1,0,080,0,0,1,0,0,1,0, 
2025,13,LA LIBERTAD,10,SANTIAGO DE CHUCO,01,SANTIAGO DE CHUCO,35890,05,05,1,2,131041002,77.92511,1,,1,1,3,1,TARHUI,2947,1,0,150,0,0,1,0,0,0,1, 
2025,13,LA LIBERTAD,10,SANTIAGO DE CHUCO,01,SANTIAGO DE CHUCO,35890,07,07,1,2,131041002,221.0371,1,,1,1,1,1,CEBADA GRANO,2104,1,0,150,0,0,0,0,0,0,1, 
2025,13,LA LIBERTAD,10,SANTIAGO DE CHUCO,01,SANTIAGO DE CHUCO,35890,07,07,1,2,131041002,221.0371,1,,1,1,2,1,PAPA AMARILLA,2611,1,0,300,0,0,1,0,0,0,0, 
2025,13,LA LIBERTAD,10,SANTIAGO DE CHUCO,01,SANTIAGO DE CHUCO,35890,07,07,1,2,131041002,221.0371,1,,1,1,1,2,MAIZ AMILACEO,2108,1,0,040,0,0,0,0,0,0,1, 
2025,13,LA LIBERTAD,10,SANTIAGO DE CHUCO,06,QUIRUVILCA,35897,01,01,1,2,131042002,14.94476,1,,1,0,1,1,PAPA AMARILLA,2611,1,0,100,0,0,1,1,0,0,0, 
2025,13,LA LIBERTAD,10,SANTIAGO DE CHUCO,06,QUIRUVILCA,35897,01,01,1,2,131042002,14.94476,1,,1,0,1,2,TRIGO,2113,1,0,150,0,0,1,1,0,0,0, 
2025,13,LA LIBERTAD,10,SANTIAGO DE CHUCO,06,QUIRUVILCA,35897,01,01,1,2,131042002,14.94476,1,,1,0,1,3,TARHUI,2947,1,0,200,0,0,0,1,0,0,0, 
2025,13,LA LIBERTAD,10,SANTIAGO DE CHUCO,06,QUIRUVILCA,35898,03,03,1,2,131031003,25.4512,1,,1,1,1,1,PAPA AMARILLA,2611,1,0,200,0,0,1,1,0,0,0, 
2025,13,LA LIBERTAD,10,SANTIAGO DE CHUCO,06,QUIRUVILCA,35898,03,03,1,2,131031003,25.4512,1,,1,1,1,2,TARHUI,2947,1,0,200,0,0,1,1,0,0,0, 
2025,13,LA LIBERTAD,10,SANTIAGO DE CHUCO,06,QUIRUVILCA,35901,01,01,1,2,131033003,33.9254,1,,1,1,1,1,MAIZ AMILACEO,2108,1,0,070,0,0,1,1,0,0,0, 
2025,13,LA LIBERTAD,10,SANTIAGO DE CHUCO,07,SANTA CRUZ DE CHUCA,35904,02,02,1,2,131021003,.7936254,1,,1,1,1,1,NARANJO,1156,2,0,100,0,0,1,0,0,0,0, 
2025,13,LA LIBERTAD,10,SANTIAGO DE CHUCO,07,SANTA CRUZ DE CHUCA,35908,01,01,1,2,131031003,84.92554,1,,1,1,4,1,PAPA NATIVA,2615,1,0,250,0,0,1,1,1,0,0, 
2025,13,LA LIBERTAD,10,SANTIAGO DE CHUCO,07,SANTA CRUZ DE CHUCA,35909,02,02,1,2,131034003,255.0467,1,,1,1,1,1,NUÑA,2945,1,0,210,0,0,0,1,0,0,0, 
2025,13,LA LIBERTAD,10,SANTIAGO DE CHUCO,08,SITABAMBA,35914,08,08,1,2,131032004,69.14023,1,,1,1,3,1,NUÑA,2945,1,0,100,0,0,1,0,0,0,0, 
2025,13,LA LIBERTAD,10,SANTIAGO DE CHUCO,08,SITABAMBA,35916,03,03,1,3,131073003,2.005466,1,,1,1,2,1,NUÑA,2945,1,0,100,0,0,1,0,0,0,0, 
2025,13,LA LIBERTAD,11,GRAN CHIMU,01,CASCAS,35924,02,02,1,1,131112002,1.217237,1,,1,0,1,1,VID,1192,2,2,290,0,0,1,0,0,0,1, 
2025,13,LA LIBERTAD,12,VIRU,01,VIRU,35948,01,01,1,2,131232004,20.54886,1,,1,1,1,1,TRIGO,2113,1,0,500,0,0,0,0,0,1,0, 
2025,13,LA LIBERTAD,12,VIRU,01,VIRU,35948,01,01,1,2,131232004,20.54886,1,,1,1,1,2,ARVEJA,2901,1,1,000,0,0,0,0,0,1,0, 
2025,13,LA LIBERTAD,12,VIRU,01,VIRU,35948,07,07,1,2,131232004,.3930735,1,,1,1,2,1,ARVEJA,2901,1,0,500,0,0,0,0,0,1,0, 
2025,13,LA LIBERTAD,12,VIRU,01,VIRU,35949,01,01,1,1,131211004,524.5379,1,,1,1,3,1,SANDIA,2209,1,2,135,0,0,1,0,0,0,0, 
2025,13,LA LIBERTAD,12,VIRU,01,VIRU,35949,03,03,1,1,131211004,24.14973,1,,1,1,1,1,ESPARRAGO,1211,2,1,375,0,0,0,0,0,0,1, 
2025,13,LA LIBERTAD,12,VIRU,01,VIRU,35952,03,03,1,1,131223004,20.60142,1,,1,1,1,1,ARVEJA,2901,1,1,171,0,0,1,0,0,0,0, 
2025,13,LA LIBERTAD,12,VIRU,01,VIRU,35957,01,01,1,2,131231004,6.455791,1,,1,0,1,1,TRIGO,2113,1,0,500,0,0,0,0,0,1,0, 
2025,13,LA LIBERTAD,12,VIRU,01,VIRU,35957,03,03,1,2,131231004,3.073717,1,,1,1,1,1,ARVEJA,2901,1,7,000,0,0,0,0,0,1,0, 
2025,13,LA LIBERTAD,12,VIRU,01,VIRU,35957,03,03,1,2,131231004,3.073717,1,,1,1,1,2,CEBADA GRANO,2104,1,6,000,0,0,0,0,0,1,0, 
2025,13,LA LIBERTAD,12,VIRU,01,VIRU,35957,04,04,1,2,131231004,3.909781,1,,1,1,1,1,ARVEJA,2901,1,3,000,0,0,1,0,0,1,0, 
2025,13,LA LIBERTAD,12,VIRU,01,VIRU,35957,04,04,1,2,131231004,3.909781,1,,1,1,2,1,ARVEJA,2901,1,0,500,0,0,1,0,0,1,0, 
2025,13,LA LIBERTAD,12,VIRU,01,VIRU,35957,04,04,1,2,131231004,3.909781,1,,1,1,1,2,PAPA BLANCA,2612,1,0,500,0,0,1,0,0,1,0, 
2025,13,LA LIBERTAD,12,VIRU,01,VIRU,35957,05,05,1,2,131231004,.3633618,1,,1,1,1,1,ARVEJA,2901,1,0,500,0,0,0,0,0,1,0, 
2025,13,LA LIBERTAD,12,VIRU,02,CHAO,35960,02,02,1,1,131213004,11.02066,1,,1,1,3,1,ARROZ CASCARA,2101,1,2,750,1,1,0,0,0,0,0, 
2025,13,LA LIBERTAD,12,VIRU,02,CHAO,35961,03,03,1,1,131211003,3.187241,1,,1,1,2,1,ARROZ CASCARA,2101,1,1,500,1,0,0,0,0,0,0, 
2025,13,LA LIBERTAD,12,VIRU,02,CHAO,35961,03,03,1,1,131211003,3.187241,1,,1,1,1,1,ARROZ CASCARA,2101,1,2,000,1,0,0,0,0,0,0, 
2025,13,LA LIBERTAD,12,VIRU,02,CHAO,35964,01,01,1,1,131211002,21.89827,1,,1,0,1,1,MARACUYA,2205,1,0,770,1,0,0,0,0,0,0, 
2025,13,LA LIBERTAD,12,VIRU,02,CHAO,35964,02,02,1,1,131211002,1.169892,1,,1,0,1,1,ARROZ CASCARA,2101,1,0,400,0,1,0,0,0,0,0, 
2025,13,LA LIBERTAD,12,VIRU,02,CHAO,35967,05,05,1,1,131211004,10.69516,1,,1,1,1,1,YUCA,2620,1,1,250,1,0,0,0,0,0,0, 
2025,13,LA LIBERTAD,12,VIRU,03,GUADALUPITO,35969,01,01,1,1,131213002,.0116563,1,,1,1,1,1,MAIZ AMARILLO DURO,2107,1,0,500,1,0,0,0,0,0,0, 
2025,14,LAMBAYEQUE,01,CHICLAYO,07,LAGUNAS,35978,04,04,1,1,140111004,12.51661,1,,1,1,1,1,ALFALFA,1401,3,1,666,0,1,0,0,0,0,0, 
2025,14,LAMBAYEQUE,01,CHICLAYO,08,MONSEFU,35982,13,13,1,1,140111004,49.21281,1,,1,0,1,1,CAMOTE,2603,1,0,020,0,0,0,0,0,1,0, 
2025,14,LAMBAYEQUE,01,CHICLAYO,08,MONSEFU,35984,02,02,1,1,140111003,51.09172,1,,1,1,2,1,CAMOTE,2603,1,1,000,0,1,0,0,0,0,0, 
2025,14,LAMBAYEQUE,01,CHICLAYO,08,MONSEFU,35984,04,04,1,1,140111003,47.38047,1,,1,1,1,1,MAIZ CHOCLO,2109,1,0,800,0,0,0,0,0,1,0, 
2025,14,LAMBAYEQUE,01,CHICLAYO,08,MONSEFU,35984,04,04,1,1,140111003,47.38047,1,,1,1,3,1,CULANTRO,2321,1,0,500,0,0,0,0,0,1,0, 
2025,14,LAMBAYEQUE,01,CHICLAYO,08,MONSEFU,35984,04,04,1,1,140111003,47.38047,1,,1,1,2,1,MAIZ CHOCLO,2109,1,2,000,0,0,0,0,0,1,0, 
2025,14,LAMBAYEQUE,01,CHICLAYO,08,MONSEFU,35984,05,05,1,1,140111003,271.3072,1,,1,0,1,1,CAMOTE,2603,1,1,000,0,0,0,0,0,1,0, 
2025,14,LAMBAYEQUE,01,CHICLAYO,10,OYOTUN,35986,01,01,1,1,140121003,15.7765,1,,1,1,3,1,ARVEJA,2901,1,0,980,0,0,0,0,0,1,0, 
2025,14,LAMBAYEQUE,01,CHICLAYO,10,OYOTUN,35987,02,02,1,1,140123002,.6275429,1,,1,1,1,1,ARVEJA,2901,1,0,500,0,0,1,0,0,1,0, 
2025,14,LAMBAYEQUE,01,CHICLAYO,10,OYOTUN,35989,04,04,1,1,140121004,40.00034,1,,1,1,2,1,ARVEJON,2902,1,0,500,0,0,0,1,0,0,1, 
2025,14,LAMBAYEQUE,02,FERREÑAFE,03,INCAHUASI,36016,01,01,1,2,140224002,46.13353,1,,1,1,3,1,ARVEJA,2901,1,1,000,0,0,0,1,1,0,0, 
2025,14,LAMBAYEQUE,02,FERREÑAFE,03,INCAHUASI,36016,01,01,1,2,140224002,46.13353,1,,1,1,2,1,PAPA BLANCA,2612,1,0,200,0,0,1,1,0,0,0, 
2025,14,LAMBAYEQUE,02,FERREÑAFE,04,MANUEL ANTONIO MESONES MURO,36030,02,02,1,1,140212003,.5759408,1,,1,0,1,1,CAMOTE,2603,1,0,270,0,1,1,0,0,0,0, 
2025,14,LAMBAYEQUE,02,FERREÑAFE,04,MANUEL ANTONIO MESONES MURO,36032,04,04,1,1,140211004,2.959707,1,,1,0,1,1,MANGO,1147,2,0,012,0,0,1,0,0,0,0, 
2025,14,LAMBAYEQUE,02,FERREÑAFE,04,MANUEL ANTONIO MESONES MURO,36034,04,04,1,1,140211004,72.61761,1,,1,1,4,1,CAMOTE,2603,1,1,000,0,1,0,0,0,0,0, 
2025,14,LAMBAYEQUE,02,FERREÑAFE,05,PITIPO,36040,01,01,1,1,140211003,3148.719,1,,1,1,1,1,GRANADO,1132,2,0,120,0,0,1,0,0,0,0, 
2025,14,LAMBAYEQUE,03,LAMBAYEQUE,01,LAMBAYEQUE,36048,01,01,1,1,140311004,3.299312,1,,1,1,1,1,CAMOTE,2603,1,1,718,0,0,0,0,0,1,0, 
2025,14,LAMBAYEQUE,03,LAMBAYEQUE,01,LAMBAYEQUE,36053,04,04,1,1,140313003,8.6242,1,,1,0,1,1,ARROZ CASCARA,2101,1,2,000,0,0,1,0,0,0,0, 
2025,14,LAMBAYEQUE,03,LAMBAYEQUE,01,LAMBAYEQUE,36053,06,06,1,1,140313003,10.49368,1,,1,0,1,1,ALFALFA,1401,3,0,169,0,0,1,0,0,0,0, 
2025,14,LAMBAYEQUE,03,LAMBAYEQUE,05,MOCHUMI,36064,03,03,1,1,140311004,8.415424,1,,1,0,2,1,ZARANDAJA,2951,1,2,000,0,0,1,0,0,0,0, 
2025,14,LAMBAYEQUE,03,LAMBAYEQUE,06,MORROPE,36068,02,02,1,1,140311002,54.36324,1,,1,0,1,1,FRIJOL DE PALO,2914,1,0,500,0,0,0,0,0,1,0, 
2025,14,LAMBAYEQUE,03,LAMBAYEQUE,06,MORROPE,36068,02,02,1,1,140311002,54.36324,1,,1,0,2,1,FRIJOL DE PALO,2914,1,0,074,0,0,0,0,0,1,0, 
2025,14,LAMBAYEQUE,03,LAMBAYEQUE,06,MORROPE,36068,02,02,1,1,140311002,54.36324,1,,1,0,1,2,MAIZ AMARILLO DURO,2107,1,0,800,0,0,0,0,0,1,0, 
2025,14,LAMBAYEQUE,03,LAMBAYEQUE,06,MORROPE,36075,02,02,1,1,140311003,8.157081,1,,1,1,2,1,PACAE,1159,2,0,021,0,0,0,0,0,1,0, 
2025,14,LAMBAYEQUE,03,LAMBAYEQUE,06,MORROPE,36075,02,02,1,1,140311003,8.157081,1,,1,1,1,1,AJI,2302,1,1,252,0,0,0,0,0,0,1, 
2025,14,LAMBAYEQUE,03,LAMBAYEQUE,06,MORROPE,36075,02,02,1,1,140311003,8.157081,1,,1,1,2,2,MAIZ AMARILLO DURO,2107,1,2,202,0,0,0,0,0,1,0, 
2025,14,LAMBAYEQUE,03,LAMBAYEQUE,06,MORROPE,36077,03,03,1,1,140311004,19.06763,1,,1,1,1,1,PLATANO,1171,3,0,003,0,0,0,0,0,1,0, 
2025,14,LAMBAYEQUE,03,LAMBAYEQUE,06,MORROPE,36077,06,06,1,1,140311004,18.33057,1,,1,0,1,1,PLATANO,1171,3,0,005,0,0,0,0,0,1,0, 
2025,14,LAMBAYEQUE,03,LAMBAYEQUE,06,MORROPE,36081,02,02,1,1,140313002,13.51259,1,,1,1,1,1,CAMOTE,2603,1,1,700,0,1,0,0,0,0,0, 
2025,14,LAMBAYEQUE,03,LAMBAYEQUE,06,MORROPE,36082,08,08,1,1,140311004,28.85354,1,,1,0,1,1,MAIZ CHOCLO,2109,1,0,700,0,0,0,0,0,1,0, 
2025,14,LAMBAYEQUE,03,LAMBAYEQUE,07,MOTUPE,36086,01,01,1,1,140311003,53.71603,1,,1,1,1,1,CEREZO,1116,2,0,010,0,0,1,0,0,0,0, 
2025,14,LAMBAYEQUE,03,LAMBAYEQUE,07,MOTUPE,36088,06,06,1,1,140311004,7.105948,1,,1,1,1,1,MAIZ CHOCLO,2109,1,0,112,0,0,1,0,0,1,0, 
2025,14,LAMBAYEQUE,03,LAMBAYEQUE,09,PACORA,36104,03,03,1,1,140311002,239.7313,1,,1,0,1,1,FRIJOL CAUPI,2911,1,2,000,0,0,1,0,0,0,0, 
2025,14,LAMBAYEQUE,03,LAMBAYEQUE,10,SALAS,36108,01,01,1,1,140312003,88.94146,1,,1,1,2,1,MANGO,1147,2,0,012,0,0,1,0,0,1,0, 
2025,14,LAMBAYEQUE,03,LAMBAYEQUE,10,SALAS,36108,01,01,1,1,140312003,88.94146,1,,1,1,2,2,PACAE,1159,2,0,008,0,0,1,0,0,1,0, 
2025,14,LAMBAYEQUE,03,LAMBAYEQUE,10,SALAS,36113,03,03,1,1,140322002,39.25817,1,,1,1,1,1,PACAE,1159,2,0,300,0,0,1,0,0,0,0, 
2025,14,LAMBAYEQUE,03,LAMBAYEQUE,10,SALAS,36113,03,03,1,1,140322002,39.25817,1,,1,1,3,1,PLATANO,1171,3,0,400,0,0,1,0,0,0,0, 
2025,14,LAMBAYEQUE,03,LAMBAYEQUE,10,SALAS,36113,03,03,1,1,140322002,39.25817,1,,1,1,2,1,NARANJO,1156,2,0,060,0,0,1,0,0,0,0, 
2025,14,LAMBAYEQUE,03,LAMBAYEQUE,10,SALAS,36113,03,03,1,1,140322002,39.25817,1,,1,1,1,2,NARANJO,1156,2,0,200,0,0,1,0,0,0,0, 
2025,14,LAMBAYEQUE,03,LAMBAYEQUE,10,SALAS,36113,03,03,1,1,140322002,39.25817,1,,1,1,3,2,NARANJO,1156,2,0,060,0,0,1,0,0,0,0, 
2025,14,LAMBAYEQUE,03,LAMBAYEQUE,10,SALAS,36113,03,03,1,1,140322002,39.25817,1,,1,1,3,3,LIMA,1139,2,0,050,0,0,1,0,0,0,0, 
2025,14,LAMBAYEQUE,03,LAMBAYEQUE,10,SALAS,36113,03,03,1,1,140322002,39.25817,1,,1,1,1,3,LIMA,1139,2,0,050,0,0,1,0,0,0,0, 
2025,14,LAMBAYEQUE,03,LAMBAYEQUE,10,SALAS,36113,03,03,1,1,140322002,39.25817,1,,1,1,1,4,MANGO,1147,2,0,120,0,0,1,0,0,0,0, 
2025,14,LAMBAYEQUE,03,LAMBAYEQUE,10,SALAS,36118,01,01,1,1,140334002,233.1534,1,,1,1,2,1,MAIZ AMILACEO,2108,1,0,300,0,0,1,0,0,0,0, 
2025,14,LAMBAYEQUE,03,LAMBAYEQUE,10,SALAS,36120,01,01,1,1,140322002,29.33393,1,,1,1,4,1,MAIZ AMARILLO DURO,2107,1,0,450,0,0,1,0,0,0,0, 
2025,14,LAMBAYEQUE,03,LAMBAYEQUE,10,SALAS,36120,01,01,1,1,140322002,29.33393,1,,1,1,2,1,ARVEJA,2901,1,0,250,0,0,1,0,0,0,0, 
2025,14,LAMBAYEQUE,03,LAMBAYEQUE,10,SALAS,36120,02,02,1,1,140322002,267.5795,1,,1,0,1,1,MAIZ AMARILLO DURO,2107,1,0,250,0,0,1,0,0,0,0, 
2025,14,LAMBAYEQUE,03,LAMBAYEQUE,10,SALAS,36121,01,01,1,1,140312004,51.71976,1,,1,1,1,1,GUANABANO,1133,2,0,001,0,0,1,0,0,0,0, 
2025,14,LAMBAYEQUE,03,LAMBAYEQUE,10,SALAS,36121,01,01,1,1,140312004,51.71976,1,,1,1,1,2,GRANADO,1132,2,0,001,0,0,1,0,0,0,0, 
2025,14,LAMBAYEQUE,03,LAMBAYEQUE,10,SALAS,36121,02,02,1,1,140312004,31.63589,1,,1,1,1,1,MANDARINA,1146,2,0,040,0,0,1,0,0,0,0, 
2025,14,LAMBAYEQUE,03,LAMBAYEQUE,10,SALAS,36122,01,01,1,1,140322003,175.4847,1,,1,1,1,1,FRIJOL BAYO,2906,1,0,750,0,0,1,0,0,0,0, 
2025,14,LAMBAYEQUE,03,LAMBAYEQUE,12,TUCUME,36130,03,03,1,1,140311002,6.186943,1,,1,0,1,1,PALLAR,2946,1,0,207,0,0,1,0,0,0,0, 
2025,15,LIMA,01,LIMA,06,CARABAYLLO,36132,12,12,1,1,150111003,3.029094,1,,1,0,1,1,RABANO,2337,1,0,950,0,0,1,0,0,0,0, 
2025,15,LIMA,01,LIMA,06,CARABAYLLO,36134,02,02,1,1,150111002,17.86117,1,,1,0,1,1,PALTO,1162,2,0,020,0,0,1,0,0,0,1, 
2025,15,LIMA,01,LIMA,06,CARABAYLLO,36135,03,03,1,1,150111003,2.798907,1,,1,1,2,1,NABO,2330,1,0,007,0,0,1,0,0,0,0, 
2025,15,LIMA,01,LIMA,06,CARABAYLLO,36135,04,04,1,1,150111003,6.761581,1,,1,0,1,1,BETARRAGA,2310,1,0,230,0,0,1,0,0,0,0, 
2025,15,LIMA,01,LIMA,06,CARABAYLLO,36135,04,04,1,1,150111003,6.761581,1,,1,0,2,1,CULANTRO,2321,1,1,000,0,0,0,0,0,1,0, 
2025,15,LIMA,01,LIMA,06,CARABAYLLO,36135,05,05,1,1,150111003,3.435499,1,,1,0,1,1,ALBAHACA,2304,1,0,206,0,1,0,0,0,0,0, 
2025,15,LIMA,01,LIMA,06,CARABAYLLO,36138,03,03,1,1,150111003,5.217299,1,,1,1,1,1,BETARRAGA,2310,1,0,900,0,0,1,0,0,0,0, 
2025,15,LIMA,01,LIMA,06,CARABAYLLO,36138,03,03,1,1,150111003,5.217299,1,,1,1,3,1,APIO,2306,1,0,500,0,0,1,0,0,0,0, 
2025,15,LIMA,02,BARRANCA,02,PARAMONGA,36161,05,05,1,1,150214002,126.6699,1,,1,0,1,1,MAIZ AMARILLO DURO,2107,1,0,100,0,0,1,0,0,0,0, 
2025,15,LIMA,03,CAJATAMBO,01,CAJATAMBO,36203,01,01,1,2,150341002,286.9051,1,,1,1,2,1,PAPA HUAYRO,2614,1,0,250,0,0,1,1,0,0,0, 
2025,15,LIMA,03,CAJATAMBO,01,CAJATAMBO,36206,04,04,1,2,150331003,42.90297,1,,1,1,1,1,MAIZ AMILACEO,2108,1,0,025,0,0,0,0,0,0,1, 
2025,15,LIMA,03,CAJATAMBO,03,GORGOR,36214,01,01,1,2,150352003,21.57816,1,,1,1,2,1,PAPA NATIVA,2615,1,0,300,0,0,0,1,0,0,0, 
2025,15,LIMA,03,CAJATAMBO,03,GORGOR,36214,02,02,1,2,150352003,9.462411,1,,1,1,1,1,PAPA NATIVA,2615,1,0,070,0,0,0,1,0,0,0, 
2025,15,LIMA,03,CAJATAMBO,03,GORGOR,36214,03,03,1,2,150352003,.4365914,1,,1,1,2,1,PAPA NATIVA,2615,1,0,050,0,0,0,1,0,0,0, 
2025,15,LIMA,03,CAJATAMBO,03,GORGOR,36221,01,01,1,2,150351003,3.704834,1,,1,1,2,1,PAPA NATIVA,2615,1,0,100,0,0,0,1,0,0,0, 
2025,15,LIMA,03,CAJATAMBO,03,GORGOR,36221,02,02,1,2,150351003,4.080379,1,,1,1,2,1,PAPA NATIVA,2615,1,0,100,0,0,0,1,0,0,0, 
2025,15,LIMA,03,CAJATAMBO,03,GORGOR,36221,03,03,1,2,150351003,10.05358,1,,1,0,1,1,PAPA NATIVA,2615,1,0,480,0,0,0,1,0,0,0, 
2025,15,LIMA,03,CAJATAMBO,03,GORGOR,36221,04,04,1,2,150351003,.5831478,1,,1,1,1,1,PAPA NATIVA,2615,1,0,070,0,0,0,1,0,0,0, 
2025,15,LIMA,04,CANTA,01,CANTA,36245,01,01,1,2,150433002,26.03567,1,,1,1,3,1,MAIZ CHOCLO,2109,1,0,200,0,0,0,1,0,0,0, 
2025,15,LIMA,05,CAÑETE,01,SAN VICENTE DE CAÑETE,36275,04,04,1,1,150511003,.2577261,1,,1,0,2,1,YUCA,2620,1,1,000,0,0,1,0,0,0,0, 
2025,15,LIMA,05,CAÑETE,01,SAN VICENTE DE CAÑETE,36290,03,03,1,1,150511003,36.81094,1,,1,0,1,1,PEPINO FRUTA,2207,1,3,000,0,0,1,0,0,0,0, 
2025,15,LIMA,05,CAÑETE,10,NUEVO IMPERIAL,36328,02,02,1,1,150511003,46.52951,1,,1,0,1,1,VID,1192,2,0,140,0,0,0,0,0,0,1, 
2025,15,LIMA,05,CAÑETE,10,NUEVO IMPERIAL,36328,02,02,1,1,150511003,46.52951,1,,1,0,1,2,MANDARINA,1146,2,5,460,0,0,0,0,0,0,1, 
2025,15,LIMA,05,CAÑETE,12,QUILMANA,36332,01,01,1,1,150511003,5.005682,1,,1,1,1,1,NOGAL,1158,2,0,004,0,0,1,0,0,0,0, 
2025,15,LIMA,05,CAÑETE,14,SAN LUIS,36338,02,02,1,1,150511003,5.291095,1,,1,0,2,1,PAPA BLANCA,2612,1,6,000,0,0,1,0,0,0,1, 
2025,15,LIMA,06,HUARAL,06,IHUARI,36406,01,01,1,2,150622002,2.702278,1,,1,0,1,1,MELOCOTONERO,1152,2,0,500,0,0,1,0,0,0,0, 
2025,15,LIMA,06,HUARAL,06,IHUARI,36418,08,08,1,2,150632003,16.42023,1,,1,0,4,1,MELOCOTONERO,1152,2,0,100,0,0,1,1,0,1,0, 
2025,15,LIMA,06,HUARAL,07,LAMPIAN,36419,10,10,1,1,150621003,1.352466,1,,1,0,2,1,MANZANO,1149,2,0,500,0,0,1,0,0,0,0, 
2025,15,LIMA,07,HUAROCHIRI,01,MATUCANA,36447,01,01,1,2,150731004,296.1109,1,,1,1,3,1,PAPA BLANCA,2612,1,0,150,0,0,0,1,0,0,1, 
2025,15,LIMA,07,HUAROCHIRI,09,HUAROCHIRI,36456,04,04,1,2,150732003,.8420856,1,,1,0,3,1,PAPA BLANCA,2612,1,0,250,0,0,1,1,0,0,0, 
2025,15,LIMA,07,HUAROCHIRI,09,HUAROCHIRI,36456,04,04,1,2,150732003,.8420856,1,,1,0,4,1,PAPA BLANCA,2612,1,0,250,0,0,1,1,0,0,0, 
2025,15,LIMA,07,HUAROCHIRI,10,LAHUAYTAMBO,36462,01,01,1,2,150733002,25.48192,1,,1,1,1,1,MAIZ AMILACEO,2108,1,500,000,0,0,0,1,0,0,0, 
2025,15,LIMA,07,HUAROCHIRI,10,LAHUAYTAMBO,36462,05,05,1,2,150733002,19.85435,1,,1,1,1,1,MAIZ AMILACEO,2108,1,150,000,0,0,1,1,0,0,0, 
2025,15,LIMA,07,HUAROCHIRI,10,LAHUAYTAMBO,36462,05,05,1,2,150733002,19.85435,1,,1,1,2,1,MAIZ AMILACEO,2108,1,750,000,0,0,1,1,0,0,0, 
2025,15,LIMA,07,HUAROCHIRI,12,LARAOS,36465,03,03,1,2,150741004,43.47396,1,,1,1,3,1,PAPA BLANCA,2612,1,0,250,0,0,1,1,0,0,0, 
2025,15,LIMA,07,HUAROCHIRI,12,LARAOS,36465,08,08,1,2,150741004,3.78791,1,,1,1,6,1,PAPA BLANCA,2612,1,0,250,0,0,0,1,0,0,0, 
2025,15,LIMA,07,HUAROCHIRI,22,SAN MATEO,36479,01,01,1,2,150743004,24.66542,1,,1,1,5,1,PAPA NATIVA,2615,1,0,150,0,0,1,0,0,0,0, 
2025,15,LIMA,07,HUAROCHIRI,22,SAN MATEO,36480,01,01,1,2,150753002,2.005884,1,,1,1,3,1,PAPA NATIVA,2615,1,0,250,0,0,1,1,0,0,0, 
2025,15,LIMA,07,HUAROCHIRI,22,SAN MATEO,36480,04,04,1,2,150753002,3.272642,1,,1,1,6,1,PAPA NATIVA,2615,1,0,200,0,1,1,0,0,0,0, 
2025,15,LIMA,08,HUAURA,02,AMBAR,36511,01,01,1,1,150822002,619.7276,1,,1,1,1,1,HOLANTAO,2407,1,0,125,0,0,1,0,0,0,0, 
2025,15,LIMA,08,HUAURA,02,AMBAR,36511,03,03,1,1,150822002,6.157916,1,,1,0,1,1,HOLANTAO,2407,1,0,145,0,0,1,0,0,0,0, 
2025,15,LIMA,08,HUAURA,02,AMBAR,36511,04,04,1,1,150822002,48.92343,1,,1,1,1,1,HOLANTAO,2407,1,0,150,0,0,1,0,0,0,0, 
2025,15,LIMA,08,HUAURA,02,AMBAR,36517,04,04,1,2,150821003,9.850827,1,,1,0,5,1,MELOCOTONERO,1152,2,0,150,0,0,1,0,0,0,0, 
2025,15,LIMA,09,OYON,04,COCHAMARCA,36615,01,01,1,1,150922003,1.045187,1,,1,0,1,1,CHIRIMOYO,1121,2,0,361,0,0,1,0,0,1,0, 
2025,15,LIMA,09,OYON,04,COCHAMARCA,36615,01,01,1,1,150922003,1.045187,1,,1,0,1,2,PALTO,1162,2,0,361,0,0,1,0,0,1,0, 
2025,15,LIMA,09,OYON,04,COCHAMARCA,36615,02,02,1,1,150922003,8.076947,1,,1,1,1,1,PALTO,1162,2,0,356,0,0,1,0,0,1,0, 
2025,15,LIMA,09,OYON,04,COCHAMARCA,36615,02,02,1,1,150922003,8.076947,1,,1,1,1,2,CHIRIMOYO,1121,2,0,356,0,0,1,0,0,1,0, 
2025,15,LIMA,09,OYON,04,COCHAMARCA,36619,05,05,1,2,150932002,7.15397,1,,1,1,3,1,MAIZ AMILACEO,2108,1,0,250,0,0,1,1,0,0,0, 
2025,15,LIMA,10,YAUYOS,05,AZANGARO,36646,02,02,1,2,151033002,12.33174,1,,1,1,1,1,PAPA BLANCA,2612,1,0,330,0,0,0,1,0,0,0, 
2025,15,LIMA,10,YAUYOS,05,AZANGARO,36646,03,03,1,2,151033002,17.16049,1,,1,1,3,1,PAPA BLANCA,2612,1,0,030,0,0,0,1,0,0,0, 
2025,15,LIMA,10,YAUYOS,08,CATAHUASI,36650,10,10,1,1,151021004,13.73766,1,,1,1,1,1,LIMA,1139,2,0,526,0,1,0,0,0,0,0, 
2025,15,LIMA,10,YAUYOS,08,CATAHUASI,36650,10,10,1,1,151021004,13.73766,1,,1,1,2,1,LIMA,1139,2,0,374,0,1,0,0,0,0,0, 
2025,15,LIMA,10,YAUYOS,15,HUANGASCAR,36654,06,06,1,2,151032003,12.5457,1,,1,1,2,1,AJO,2303,1,0,100,0,0,1,1,0,0,0, 
2025,15,LIMA,10,YAUYOS,15,HUANGASCAR,36654,06,06,1,2,151032003,12.5457,1,,1,1,2,2,ARVEJA,2901,1,0,100,0,0,1,1,0,0,0, 
2025,15,LIMA,10,YAUYOS,20,MADEAN,36660,01,01,1,2,151043003,3.689364,1,,1,1,1,1,HABA,2942,1,0,100,0,0,1,1,0,0,0, 
2025,15,LIMA,10,YAUYOS,20,MADEAN,36660,01,01,1,2,151043003,3.689364,1,,1,1,3,1,PAPA BLANCA,2612,1,0,100,0,0,1,1,0,0,0, 
2025,15,LIMA,10,YAUYOS,20,MADEAN,36660,01,01,1,2,151043003,3.689364,1,,1,1,3,2,OLLUCO,2609,1,0,050,0,0,1,1,0,0,0, 
2025,15,LIMA,10,YAUYOS,20,MADEAN,36660,01,01,1,2,151043003,3.689364,1,,1,1,3,3,OCA,2608,1,0,030,0,0,1,1,0,0,0, 
2025,15,LIMA,10,YAUYOS,20,MADEAN,36661,03,03,1,2,151032002,3.935774,1,,1,1,4,1,HABA,2942,1,0,030,0,0,0,1,0,0,0, 
2025,15,LIMA,10,YAUYOS,20,MADEAN,36661,03,03,1,2,151032002,3.935774,1,,1,1,3,1,MAIZ CHOCLO,2109,1,0,030,0,0,0,1,0,0,0, 
2025,15,LIMA,10,YAUYOS,20,MADEAN,36661,03,03,1,2,151032002,3.935774,1,,1,1,4,2,CEBADA GRANO,2104,1,0,030,0,0,0,1,0,0,0, 
2025,15,LIMA,10,YAUYOS,20,MADEAN,36661,03,03,1,2,151032002,3.935774,1,,1,1,3,2,TRIGO,2113,1,0,030,0,0,0,1,0,0,0, 
2025,15,LIMA,10,YAUYOS,20,MADEAN,36663,01,01,1,2,151042002,2.944342,1,,1,1,1,1,HABA,2942,1,0,050,0,0,0,1,0,0,0, 
2025,15,LIMA,10,YAUYOS,24,QUINCHES,36671,01,01,1,2,151033003,.3741626,1,,1,1,2,1,PALTO,1162,2,0,250,0,0,1,1,0,0,0, 
2025,15,LIMA,10,YAUYOS,31,TUPE,36678,01,01,1,2,151032004,62.55189,1,,1,0,2,1,MAIZ CHOCLO,2109,1,0,010,0,0,0,1,0,0,0, 
2025,15,LIMA,10,YAUYOS,32,VIÑAC,36682,04,04,1,2,151031003,12.34985,1,,1,1,4,1,PAPA AMARILLA,2611,1,0,100,0,0,0,1,0,0,0, 
2025,15,LIMA,10,YAUYOS,32,VIÑAC,36682,06,06,1,2,151031003,8.825665,1,,1,1,1,1,ARVEJA,2901,1,0,080,0,0,1,1,0,0,0, 
2025,15,LIMA,10,YAUYOS,32,VIÑAC,36682,06,06,1,2,151031003,8.825665,1,,1,1,3,1,PAPA BLANCA,2612,1,0,100,0,0,1,1,0,0,0, 
2025,15,LIMA,10,YAUYOS,32,VIÑAC,36684,01,01,1,2,151042003,14.63202,1,,1,1,1,1,CEBADA GRANO,2104,1,0,100,0,0,1,1,0,1,0, 
2025,16,LORETO,01,MAYNAS,03,FERNANDO LORES,36693,04,04,1,3,160193004,.49553,1,,1,1,1,1,AGUAJE,1102,2,0,010,0,0,1,0,0,0,0, 
2025,16,LORETO,01,MAYNAS,04,INDIANA,36695,04,04,1,3,160193004,7.535602,1,,1,1,1,1,PLATANO,1171,3,0,500,0,1,0,0,0,0,0, 
2025,16,LORETO,01,MAYNAS,04,INDIANA,36696,01,01,1,3,160193004,99.72638,1,,1,1,2,1,PLATANO,1171,3,0,500,0,1,0,0,0,0,0, 
2025,16,LORETO,01,MAYNAS,04,INDIANA,36696,01,01,1,3,160193004,99.72638,1,,1,1,1,1,PLATANO,1171,3,1,800,0,1,0,0,0,0,0, 
2025,16,LORETO,01,MAYNAS,04,INDIANA,36696,01,01,1,3,160193004,99.72638,1,,1,1,1,2,YUCA,2620,1,0,200,0,1,0,0,0,0,0, 
2025,16,LORETO,01,MAYNAS,04,INDIANA,36696,01,01,1,3,160193004,99.72638,1,,1,1,1,3,MAIZ AMARILLO DURO,2107,1,1,000,0,1,0,0,0,0,0, 
2025,16,LORETO,01,MAYNAS,04,INDIANA,36696,02,02,1,3,160193004,331.0143,1,,1,1,1,1,PLATANO,1171,3,1,320,0,1,0,0,0,0,0, 
2025,16,LORETO,01,MAYNAS,04,INDIANA,36696,02,02,1,3,160193004,331.0143,1,,1,1,1,2,YUCA,2620,1,0,240,0,1,0,0,0,0,0, 
2025,16,LORETO,01,MAYNAS,04,INDIANA,36696,02,02,1,3,160193004,331.0143,1,,1,1,1,3,MAIZ AMARILLO DURO,2107,1,0,700,0,1,0,0,0,0,0, 
2025,16,LORETO,01,MAYNAS,04,INDIANA,36696,03,03,1,3,160193004,77.37742,1,,1,1,1,1,MAIZ AMARILLO DURO,2107,1,0,500,0,1,0,0,0,0,0, 
2025,16,LORETO,01,MAYNAS,04,INDIANA,36696,03,03,1,3,160193004,77.37742,1,,1,1,1,2,AJI,2302,1,0,240,0,1,0,0,0,0,0, 
2025,16,LORETO,01,MAYNAS,04,INDIANA,36696,03,03,1,3,160193004,77.37742,1,,1,1,1,3,PEPINO FRUTA,2207,1,0,500,0,1,0,0,0,0,0, 
2025,16,LORETO,01,MAYNAS,04,INDIANA,36696,03,03,1,3,160193004,77.37742,1,,1,1,1,4,PLATANO,1171,3,1,500,0,1,0,0,0,0,0, 
2025,16,LORETO,01,MAYNAS,04,INDIANA,36699,01,01,1,3,160193004,230.2395,1,,1,1,2,1,PLATANO,1171,3,0,250,0,1,0,0,0,0,0, 
2025,16,LORETO,01,MAYNAS,04,INDIANA,36699,01,01,1,3,160193004,230.2395,1,,1,1,2,2,MAIZ AMARILLO DURO,2107,1,0,250,0,1,0,0,0,0,0, 
2025,16,LORETO,01,MAYNAS,04,INDIANA,36699,01,01,1,3,160193004,230.2395,1,,1,1,2,3,YUCA,2620,1,0,250,0,1,0,0,0,0,0, 
2025,16,LORETO,01,MAYNAS,05,LAS AMAZONAS,36700,01,01,1,3,160193004,190.4568,1,,1,1,2,1,PLATANO,1171,3,0,500,0,1,0,0,0,0,0, 
2025,16,LORETO,01,MAYNAS,05,LAS AMAZONAS,36700,03,03,1,3,160193004,165.3511,1,,1,1,1,1,PLATANO,1171,3,0,024,0,1,0,0,0,0,0, 
2025,16,LORETO,01,MAYNAS,05,LAS AMAZONAS,36700,04,04,1,3,160193004,123.9411,1,,1,1,2,1,CAMU CAMU,1111,2,1,000,0,1,0,0,0,0,0, 
2025,16,LORETO,01,MAYNAS,06,MAZAN,36701,01,01,1,3,160193004,45.91175,1,,1,0,1,1,YUCA,2620,1,3,000,0,1,0,0,0,0,0, 
2025,16,LORETO,01,MAYNAS,06,MAZAN,36701,01,01,1,3,160193004,45.91175,1,,1,0,1,2,CAÑA DE AZUCAR PARA AZUCAR,2808,1,3,300,0,1,0,0,0,0,0, 
2025,16,LORETO,01,MAYNAS,07,NAPO,36712,01,01,1,3,160193004,10.54062,1,,1,1,3,1,PLATANO,1171,3,0,500,0,1,0,0,0,0,1, 
2025,16,LORETO,01,MAYNAS,07,NAPO,36712,01,01,1,3,160193004,10.54062,1,,1,1,1,1,ARROZ CASCARA,2101,1,1,500,0,1,0,0,0,0,0, 
2025,16,LORETO,01,MAYNAS,07,NAPO,36712,01,01,1,3,160193004,10.54062,1,,1,1,2,1,ARROZ CASCARA,2101,1,1,000,0,1,0,0,0,0,0, 
2025,16,LORETO,01,MAYNAS,07,NAPO,36712,02,02,1,3,160193004,14.11249,1,,1,1,1,1,ARROZ CASCARA,2101,1,1,000,0,1,0,0,0,0,0, 
2025,16,LORETO,01,MAYNAS,07,NAPO,36713,02,02,1,3,160193005,65.09365,1,,1,1,3,1,YUCA,2620,1,0,500,0,1,0,0,0,0,0, 
2025,16,LORETO,01,MAYNAS,07,NAPO,36713,05,05,1,3,160193005,34.99923,1,,1,1,2,1,YUCA,2620,1,0,500,0,1,0,0,0,0,0, 
2025,16,LORETO,01,MAYNAS,07,NAPO,36713,05,05,1,3,160193005,34.99923,1,,1,1,2,2,PLATANO,1171,3,0,180,0,1,0,0,0,0,0, 
2025,16,LORETO,01,MAYNAS,07,NAPO,36713,05,05,1,3,160193005,34.99923,1,,1,1,2,3,SANDIA,2209,1,0,018,0,1,0,0,0,0,0, 
2025,16,LORETO,01,MAYNAS,07,NAPO,36713,05,05,1,3,160193005,34.99923,1,,1,1,2,4,AJI,2302,1,0,001,0,1,0,0,0,0,0, 
2025,16,LORETO,01,MAYNAS,07,NAPO,36713,05,05,1,3,160193005,34.99923,1,,1,1,2,5,TOMATE,2342,1,0,001,0,1,0,0,0,0,0, 
2025,16,LORETO,01,MAYNAS,07,NAPO,36717,01,01,1,3,160193004,9.791773,1,,1,1,2,1,MAIZ AMARILLO DURO,2107,1,0,500,0,1,0,0,0,0,0, 
2025,16,LORETO,01,MAYNAS,07,NAPO,36717,02,02,1,3,160193004,3.267954,1,,1,1,1,1,MAIZ AMARILLO DURO,2107,1,0,500,0,1,0,0,0,0,0, 
2025,16,LORETO,01,MAYNAS,07,NAPO,36720,03,03,1,3,160193004,159.6422,1,,1,1,3,1,YUCA,2620,1,0,240,0,1,0,0,0,0,0, 
2025,16,LORETO,01,MAYNAS,07,NAPO,36720,03,03,1,3,160193004,159.6422,1,,1,1,3,2,MANI PARA FRUTA,2204,1,0,020,0,1,0,0,0,0,0, 
2025,16,LORETO,01,MAYNAS,07,NAPO,36720,03,03,1,3,160193004,159.6422,1,,1,1,3,3,AJI,2302,1,0,001,0,1,0,0,0,0,0, 
2025,16,LORETO,01,MAYNAS,07,NAPO,36720,03,03,1,3,160193004,159.6422,1,,1,1,3,4,PEPINILLO,2333,1,0,001,0,1,0,0,0,0,0, 
2025,16,LORETO,01,MAYNAS,08,PUNCHANA,36726,11,11,1,3,160193004,.3018734,1,,1,1,2,1,PLATANO,1171,3,0,250,0,1,0,0,0,0,0, 
2025,16,LORETO,01,MAYNAS,08,PUNCHANA,36726,11,11,1,3,160193004,.3018734,1,,1,1,2,2,AJI,2302,1,0,002,0,1,0,0,0,0,0, 
2025,16,LORETO,01,MAYNAS,08,PUNCHANA,36728,04,04,1,3,160193004,7.632777,1,,1,1,3,1,PIÑA,2208,1,0,400,0,0,0,0,0,0,1, 
2025,16,LORETO,02,ALTO AMAZONAS,01,YURIMAGUAS,36773,03,03,1,3,160292004,23.95935,1,,1,1,1,1,PLATANO,1171,3,0,500,0,1,0,0,0,0,0, 
2025,16,LORETO,02,ALTO AMAZONAS,01,YURIMAGUAS,36773,05,05,1,3,160292004,84.36876,1,,1,1,1,1,PASTO BRIZANTA,1408,3,5,000,0,0,0,0,0,1,0, 
2025,16,LORETO,02,ALTO AMAZONAS,01,YURIMAGUAS,36773,06,06,1,3,160292004,93.72601,1,,1,0,1,1,NARANJO,1156,2,0,500,0,0,0,0,0,1,0, 
2025,16,LORETO,02,ALTO AMAZONAS,01,YURIMAGUAS,36773,06,06,1,3,160292004,93.72601,1,,1,0,1,2,MANGO,1147,2,0,500,0,0,0,0,0,1,0, 
2025,16,LORETO,02,ALTO AMAZONAS,02,BALSAPUERTO,36793,01,01,1,3,160293004,47.23518,1,,1,1,1,1,MAIZ AMARILLO DURO,2107,1,1,000,0,1,0,0,0,0,0, 
2025,16,LORETO,02,ALTO AMAZONAS,02,BALSAPUERTO,36793,03,03,1,3,160293004,101.793,1,,1,1,1,1,MAIZ AMARILLO DURO,2107,1,0,500,0,1,0,0,0,0,0, 
2025,16,LORETO,02,ALTO AMAZONAS,02,BALSAPUERTO,36797,01,01,1,3,160293004,5.982841,1,,1,1,1,1,ARROZ CASCARA,2101,1,1,000,0,1,0,0,0,0,0, 
2025,16,LORETO,02,ALTO AMAZONAS,02,BALSAPUERTO,36801,01,01,1,3,160292004,172.3385,1,,1,1,1,1,PLATANO,1171,3,1,000,0,1,0,0,0,0,0, 
2025,16,LORETO,03,LORETO,03,TIGRE,36831,02,02,1,3,160393004,50.38946,1,,1,1,4,1,PLATANO,1171,3,0,500,0,1,0,0,0,0,1, 
2025,16,LORETO,03,LORETO,03,TIGRE,36832,01,01,1,3,160393004,80.63102,1,,1,1,3,1,CACAO,1202,3,0,250,0,0,1,0,0,0,0, 
2025,16,LORETO,03,LORETO,03,TIGRE,36832,01,01,1,3,160393004,80.63102,1,,1,1,1,1,CAMU CAMU,1111,2,2,000,0,1,1,0,0,0,0, 
2025,16,LORETO,03,LORETO,03,TIGRE,36833,02,02,1,3,160393004,89.75603,1,,1,1,1,1,PLATANO,1171,3,0,250,0,0,0,0,0,0,1, 
2025,16,LORETO,04,MARISCAL RAMON CASTILLA,01,RAMON CASTILLA,36850,02,02,1,3,160493004,1.360673,1,,1,1,2,1,MAIZ AMARILLO DURO,2107,1,1,000,0,1,0,0,0,0,0, 
2025,16,LORETO,04,MARISCAL RAMON CASTILLA,01,RAMON CASTILLA,36850,02,02,1,3,160493004,1.360673,1,,1,1,1,1,YUCA,2620,1,2,400,0,1,0,0,0,0,0, 
2025,16,LORETO,04,MARISCAL RAMON CASTILLA,01,RAMON CASTILLA,36850,03,03,1,3,160493004,.414265,1,,1,1,1,1,YUCA,2620,1,0,800,0,1,0,0,0,0,0, 
2025,16,LORETO,04,MARISCAL RAMON CASTILLA,04,SAN PABLO,36872,04,04,1,3,160493004,2.304686,1,,1,1,3,1,PLATANO,1171,3,0,500,0,0,0,0,0,1,0, 
2025,16,LORETO,05,REQUENA,05,MAQUIA,36888,02,02,1,3,160593004,66.06561,1,,1,0,1,1,PLATANO,1171,3,2,300,0,1,0,0,0,0,0, 
2025,16,LORETO,06,UCAYALI,01,CONTAMANA,36897,01,01,1,3,160693004,260.8214,1,,1,1,2,1,PLATANO,1171,3,8,000,0,1,0,0,0,0,0, 
2025,16,LORETO,06,UCAYALI,05,SARAYACU,36903,02,02,1,3,160693005,4.024761,1,,1,0,2,1,TABACO,2830,1,0,250,0,1,0,0,0,0,0, 
2025,16,LORETO,06,UCAYALI,05,SARAYACU,36903,03,03,1,3,160693005,11.60602,1,,1,1,2,1,PLATANO,1171,3,0,500,0,1,0,0,0,0,0, 
2025,16,LORETO,07,DATEM DEL MARAÑON,01,BARRANCA,36911,01,01,1,3,160793004,456.4653,1,,1,1,1,1,TOMATE,2342,1,0,100,1,0,0,0,0,0,0, 
2025,16,LORETO,07,DATEM DEL MARAÑON,01,BARRANCA,36911,01,01,1,3,160793004,456.4653,1,,1,1,1,2,AJI,2302,1,0,100,1,0,0,0,0,0,0, 
2025,16,LORETO,07,DATEM DEL MARAÑON,01,BARRANCA,36911,01,01,1,3,160793004,456.4653,1,,1,1,1,3,CAIGUA,2313,1,0,050,1,0,0,0,0,0,0, 
2025,16,LORETO,07,DATEM DEL MARAÑON,01,BARRANCA,36911,01,01,1,3,160793004,456.4653,1,,1,1,1,4,PEPINILLO,2333,1,0,050,1,0,0,0,0,0,0, 
2025,16,LORETO,07,DATEM DEL MARAÑON,01,BARRANCA,36911,01,01,1,3,160793004,456.4653,1,,1,1,1,5,YUCA,2620,1,0,250,1,0,0,0,0,0,0, 
2025,16,LORETO,08,PUTUMAYO,01,PUTUMAYO,36915,02,02,1,3,160893004,9.602096,1,,1,1,3,1,YUCA,2620,1,0,200,0,1,0,0,0,0,0, 
2025,17,MADRE DE DIOS,01,TAMBOPATA,03,LAS PIEDRAS,36948,02,02,1,3,170191005,10.47438,1,,1,1,1,1,PALTO,1162,2,0,036,0,1,0,0,0,0,0, 
2025,17,MADRE DE DIOS,01,TAMBOPATA,03,LAS PIEDRAS,36948,02,02,1,3,170191005,10.47438,1,,1,1,2,1,MAIZ AMARILLO DURO,2107,1,4,000,0,1,0,0,0,0,0, 
2025,17,MADRE DE DIOS,01,TAMBOPATA,03,LAS PIEDRAS,36948,02,02,1,3,170191005,10.47438,1,,1,1,1,2,PLATANO,1171,3,1,500,0,1,0,0,0,0,0, 
2025,18,MOQUEGUA,01,MARISCAL NIETO,01,MOQUEGUA,37010,04,04,1,1,180121003,.0219779,1,,1,0,1,1,PACAE,1159,2,0,015,0,0,1,0,0,0,0, 
2025,18,MOQUEGUA,01,MARISCAL NIETO,01,MOQUEGUA,37010,04,04,1,1,180121003,.0219779,1,,1,0,1,2,GUAYABO,1134,2,0,015,0,0,1,0,0,0,0, 
2025,18,MOQUEGUA,01,MARISCAL NIETO,01,MOQUEGUA,37013,09,09,1,1,180121004,.3277265,1,,1,1,4,1,HIGUERA,1136,2,0,001,0,0,1,0,0,0,0, 
2025,18,MOQUEGUA,01,MARISCAL NIETO,01,MOQUEGUA,37013,09,09,1,1,180121004,.3277265,1,,1,1,3,1,PACAE,1159,2,0,001,0,0,1,0,0,0,0, 
2025,18,MOQUEGUA,01,MARISCAL NIETO,01,MOQUEGUA,37013,09,09,1,1,180121004,.3277265,1,,1,1,3,2,HIGUERA,1136,2,0,005,0,0,1,0,0,0,0, 
2025,18,MOQUEGUA,01,MARISCAL NIETO,01,MOQUEGUA,37014,06,06,1,1,180121003,.9995804,1,,1,1,1,1,PACAE,1159,2,0,018,0,0,1,0,0,1,0, 
2025,18,MOQUEGUA,01,MARISCAL NIETO,01,MOQUEGUA,37014,06,06,1,1,180121003,.9995804,1,,1,1,1,2,MANGO,1147,2,0,002,0,0,1,0,0,1,0, 
2025,18,MOQUEGUA,01,MARISCAL NIETO,01,MOQUEGUA,37014,06,06,1,1,180121003,.9995804,1,,1,1,1,3,PALTO,1162,2,0,021,0,0,1,0,0,1,0, 
2025,18,MOQUEGUA,01,MARISCAL NIETO,01,MOQUEGUA,37024,04,04,1,1,180121003,5.936374,1,,1,0,1,1,VID,1192,2,0,050,1,0,1,0,0,0,0, 
2025,18,MOQUEGUA,01,MARISCAL NIETO,01,MOQUEGUA,37024,07,07,1,1,180121003,.5350608,1,,1,1,1,1,PACAE,1159,2,0,050,0,0,1,0,0,0,0, 
2025,18,MOQUEGUA,01,MARISCAL NIETO,01,MOQUEGUA,37025,41,41,1,1,180121004,2.478515,1,,1,1,2,1,PAPA AMARILLA,2611,1,0,470,0,0,0,0,0,0,1, 
2025,18,MOQUEGUA,01,MARISCAL NIETO,01,MOQUEGUA,37025,41,41,1,1,180121004,2.478515,1,,1,1,2,2,HIGUERA,1136,2,0,003,0,0,1,0,0,0,0, 
2025,18,MOQUEGUA,01,MARISCAL NIETO,02,CARUMAS,37041,02,02,1,2,180131002,3.398556,1,,1,1,6,1,MAIZ CHOCLO,2109,1,300,000,0,0,1,0,0,0,0, 
2025,18,MOQUEGUA,01,MARISCAL NIETO,02,CARUMAS,37045,03,03,1,2,180131002,.1767346,1,,1,1,4,1,MAIZ CHOCLO,2109,1,0,050,1,0,0,0,0,0,0, 
2025,18,MOQUEGUA,01,MARISCAL NIETO,04,SAMEGUA,37060,03,03,1,1,180122004,1.854656,1,,1,0,2,1,TOMATE,2342,1,0,230,1,1,0,0,0,0,0, 
2025,18,MOQUEGUA,01,MARISCAL NIETO,05,SAN CRISTOBAL,37074,01,01,1,2,180132002,20.18538,1,,1,1,1,1,TUNA FRUTA,1186,2,50,000,0,0,1,0,0,0,0, 
2025,18,MOQUEGUA,01,MARISCAL NIETO,05,SAN CRISTOBAL,37074,05,05,1,2,180132002,33.35623,1,,1,1,1,1,TUNA FRUTA,1186,2,60,000,0,0,1,0,0,0,0, 
2025,18,MOQUEGUA,01,MARISCAL NIETO,06,TORATA,37075,02,02,1,2,180133004,12.1684,1,,1,0,1,1,MELOCOTONERO,1152,2,0,050,0,0,0,0,0,0,1, 
2025,18,MOQUEGUA,01,MARISCAL NIETO,06,TORATA,37075,04,04,1,2,180133004,7.623807,1,,1,0,2,1,MAIZ CHOCLO,2109,1,0,050,0,0,0,1,0,0,0, 
2025,18,MOQUEGUA,01,MARISCAL NIETO,06,TORATA,37075,05,05,1,2,180133004,18.79239,1,,1,1,1,1,MAIZ CHOCLO,2109,1,0,200,0,0,0,0,0,0,1, 
2025,18,MOQUEGUA,01,MARISCAL NIETO,06,TORATA,37080,03,03,1,2,180121002,29.98249,1,,1,0,2,1,DAMASCO,1130,2,0,200,0,0,0,0,1,0,0, 
2025,18,MOQUEGUA,01,MARISCAL NIETO,06,TORATA,37081,02,02,1,2,180121003,45.62337,1,,1,0,1,1,HABA,2942,1,0,050,0,0,1,0,0,0,0, 
2025,18,MOQUEGUA,01,MARISCAL NIETO,06,TORATA,37085,02,02,1,2,180131003,19.86179,1,,1,0,1,1,DAMASCO,1130,2,0,687,0,0,1,1,0,0,0, 
2025,18,MOQUEGUA,01,MARISCAL NIETO,06,TORATA,37086,05,05,1,2,180131003,24.13147,1,,1,1,3,1,PALTO,1162,2,0,330,0,0,1,0,0,0,0, 
2025,18,MOQUEGUA,01,MARISCAL NIETO,06,TORATA,37087,04,04,1,2,180132003,42.01492,1,,1,0,2,1,PALTO,1162,2,0,180,0,0,1,0,0,1,0, 
2025,18,MOQUEGUA,01,MARISCAL NIETO,06,TORATA,37087,04,04,1,2,180132003,42.01492,1,,1,0,3,1,DAMASCO,1130,2,0,100,0,0,1,0,0,1,0, 
2025,18,MOQUEGUA,01,MARISCAL NIETO,06,TORATA,37088,02,02,1,1,180121003,42.97854,1,,1,1,2,1,NISPERO,1157,2,0,006,0,0,1,0,0,0,0, 
2025,18,MOQUEGUA,01,MARISCAL NIETO,06,TORATA,37088,02,02,1,1,180121003,42.97854,1,,1,1,1,1,GUAYABO,1134,2,0,002,0,0,1,0,0,0,0, 
2025,18,MOQUEGUA,01,MARISCAL NIETO,06,TORATA,37088,02,02,1,1,180121003,42.97854,1,,1,1,1,2,MANZANO,1149,2,0,010,0,0,1,0,0,0,0, 
2025,18,MOQUEGUA,01,MARISCAL NIETO,06,TORATA,37088,02,02,1,1,180121003,42.97854,1,,1,1,2,2,HIGUERA,1136,2,0,006,0,0,1,0,0,0,0, 
2025,18,MOQUEGUA,01,MARISCAL NIETO,06,TORATA,37088,02,02,1,1,180121003,42.97854,1,,1,1,2,3,DAMASCO,1130,2,0,125,0,0,1,0,0,0,0, 
2025,18,MOQUEGUA,01,MARISCAL NIETO,06,TORATA,37100,02,02,1,2,180131002,247.947,1,,1,1,11,1,PALTO,1162,2,0,140,0,0,0,0,0,1,0, 
2025,18,MOQUEGUA,01,MARISCAL NIETO,06,TORATA,37100,02,02,1,2,180131002,247.947,1,,1,1,11,2,MELOCOTONERO,1152,2,0,060,0,0,0,0,0,1,0, 
2025,18,MOQUEGUA,01,MARISCAL NIETO,06,TORATA,37100,03,03,1,2,180131002,122.6054,1,,1,1,8,1,MELOCOTONERO,1152,2,0,002,0,0,0,0,0,0,1, 
2025,18,MOQUEGUA,01,MARISCAL NIETO,06,TORATA,37100,04,04,1,2,180131002,21.99629,1,,1,1,5,1,PERAL,1166,2,0,006,0,0,0,0,0,0,1, 
2025,18,MOQUEGUA,01,MARISCAL NIETO,06,TORATA,37100,04,04,1,2,180131002,21.99629,1,,1,1,5,2,MELOCOTONERO,1152,2,0,015,0,0,0,0,0,0,1, 
2025,18,MOQUEGUA,02,GENERAL SANCHEZ CERRO,01,OMATE,37112,04,04,1,2,180231002,.4514616,1,,1,0,8,1,LIMA,1139,2,0,060,0,0,1,0,0,0,0, 
2025,18,MOQUEGUA,02,GENERAL SANCHEZ CERRO,01,OMATE,37112,04,04,1,2,180231002,.4514616,1,,1,0,6,1,CHIRIMOYO,1121,2,0,010,0,0,1,0,0,0,0, 
2025,18,MOQUEGUA,02,GENERAL SANCHEZ CERRO,01,OMATE,37115,01,01,1,2,180231003,3.162937,1,,1,1,1,1,LIMA,1139,2,0,056,0,0,1,0,0,0,0, 
2025,18,MOQUEGUA,02,GENERAL SANCHEZ CERRO,02,CHOJATA,37119,11,11,1,2,180231002,5.045998,1,,1,1,2,1,ALFALFA,1401,3,0,500,0,0,0,0,0,1,0, 
2025,18,MOQUEGUA,02,GENERAL SANCHEZ CERRO,04,ICHUÑA,37132,07,07,1,2,180241002,17.61138,1,,1,0,3,1,MAIZ AMILACEO,2108,1,20,000,0,0,0,1,0,1,0, 
2025,18,MOQUEGUA,02,GENERAL SANCHEZ CERRO,04,ICHUÑA,37133,06,06,1,2,180241002,82.28649,1,,1,1,2,1,QUINUA,2111,1,250,000,0,0,0,0,0,0,1, 
2025,18,MOQUEGUA,02,GENERAL SANCHEZ CERRO,04,ICHUÑA,37133,16,16,1,2,180241002,11.4795,1,,1,1,2,1,QUINUA,2111,1,300,000,0,0,0,0,0,0,1, 
2025,18,MOQUEGUA,02,GENERAL SANCHEZ CERRO,05,LA CAPILLA,37135,05,05,1,2,180221001,50.66566,1,,1,1,3,1,ZAPALLO,2345,1,0,020,0,0,0,0,0,1,0, 
2025,18,MOQUEGUA,02,GENERAL SANCHEZ CERRO,05,LA CAPILLA,37139,03,03,1,1,180221002,97.42601,1,,1,1,9,1,ALFALFA,1401,3,0,500,0,0,0,0,0,1,0, 
2025,18,MOQUEGUA,02,GENERAL SANCHEZ CERRO,05,LA CAPILLA,37139,03,03,1,1,180221002,97.42601,1,,1,1,6,1,MAIZ AMILACEO,2108,1,0,500,0,0,0,0,0,1,0, 
2025,18,MOQUEGUA,02,GENERAL SANCHEZ CERRO,05,LA CAPILLA,37139,04,04,1,1,180221002,79.45814,1,,1,1,2,1,GUAYABO,1134,2,0,008,0,0,1,0,0,0,0, 
2025,18,MOQUEGUA,02,GENERAL SANCHEZ CERRO,05,LA CAPILLA,37139,04,04,1,1,180221002,79.45814,1,,1,1,4,1,CHIRIMOYO,1121,2,0,005,0,0,1,0,0,0,0, 
2025,18,MOQUEGUA,02,GENERAL SANCHEZ CERRO,05,LA CAPILLA,37139,04,04,1,1,180221002,79.45814,1,,1,1,4,2,GUAYABO,1134,2,0,036,0,0,1,0,0,0,0, 
2025,18,MOQUEGUA,02,GENERAL SANCHEZ CERRO,05,LA CAPILLA,37141,01,01,1,1,180221002,141.8147,1,,1,0,1,1,GUAYABO,1134,2,0,050,0,0,1,0,0,0,0, 
2025,18,MOQUEGUA,02,GENERAL SANCHEZ CERRO,06,LLOQUE,37144,12,12,1,2,180231002,13.78867,1,,1,1,1,1,TUNA FRUTA,1186,2,901,000,0,0,1,0,0,0,0, 
2025,18,MOQUEGUA,02,GENERAL SANCHEZ CERRO,08,PUQUINA,37153,03,03,1,2,180233002,16.54214,1,,1,1,9,1,OCA,2608,1,0,125,0,0,1,1,0,0,0, 
2025,18,MOQUEGUA,02,GENERAL SANCHEZ CERRO,08,PUQUINA,37153,03,03,1,2,180233002,16.54214,1,,1,1,9,2,MAIZ AMILACEO,2108,1,0,125,0,0,1,1,0,1,0, 
2025,18,MOQUEGUA,02,GENERAL SANCHEZ CERRO,08,PUQUINA,37153,04,04,1,2,180233002,39.28248,1,,1,1,4,1,PAPA NATIVA,2615,1,0,500,0,0,1,1,0,0,0, 
2025,18,MOQUEGUA,02,GENERAL SANCHEZ CERRO,08,PUQUINA,37156,02,02,1,2,180231002,63.5505,1,,1,1,6,1,PAPA NATIVA,2615,1,1,000,0,0,0,1,0,0,0, 
2025,18,MOQUEGUA,02,GENERAL SANCHEZ CERRO,08,PUQUINA,37156,03,03,1,2,180231002,81.78815,1,,1,1,1,1,MAIZ AMILACEO,2108,1,0,500,0,0,1,0,0,0,0, 
2025,18,MOQUEGUA,02,GENERAL SANCHEZ CERRO,08,PUQUINA,37156,04,04,1,2,180231002,3.678246,1,,1,1,4,1,CEBADA GRANO,2104,1,1,000,0,0,1,0,0,0,0, 
2025,18,MOQUEGUA,02,GENERAL SANCHEZ CERRO,08,PUQUINA,37163,02,02,1,2,180231002,50.42673,1,,1,0,10,1,ALFALFA,1401,3,1,000,0,0,0,0,0,1,0, 
2025,18,MOQUEGUA,02,GENERAL SANCHEZ CERRO,08,PUQUINA,37165,12,12,1,2,180232003,12.29202,1,,1,1,1,1,PAPA BLANCA,2612,1,0,400,0,0,1,0,0,0,1, 
2025,18,MOQUEGUA,02,GENERAL SANCHEZ CERRO,08,PUQUINA,37165,12,12,1,2,180232003,12.29202,1,,1,1,3,1,PAPA COLOR,2613,1,0,500,0,0,1,0,0,0,0, 
2025,18,MOQUEGUA,02,GENERAL SANCHEZ CERRO,09,QUINISTAQUILLAS,37168,14,14,1,1,180221003,.4130993,1,,1,1,2,1,VID,1192,2,0,317,0,0,1,0,0,0,0, 
2025,18,MOQUEGUA,02,GENERAL SANCHEZ CERRO,10,UBINAS,37172,01,01,1,2,180231002,6.020462,1,,1,1,1,1,MAIZ AMILACEO,2108,1,1600,000,1,0,0,0,0,0,0, 
2025,18,MOQUEGUA,02,GENERAL SANCHEZ CERRO,10,UBINAS,37172,01,01,1,2,180231002,6.020462,1,,1,1,2,1,TUNA FRUTA,1186,2,300,000,1,0,0,0,0,0,0, 
2025,18,MOQUEGUA,02,GENERAL SANCHEZ CERRO,10,UBINAS,37172,04,04,1,2,180231002,5.246644,1,,1,1,1,1,PAPA COLOR,2613,1,250,000,1,0,0,0,0,0,0, 
2025,18,MOQUEGUA,02,GENERAL SANCHEZ CERRO,10,UBINAS,37172,06,06,1,2,180231002,18.20638,1,,1,1,1,1,PAPA COLOR,2613,1,270,000,0,0,0,1,0,0,0, 
2025,18,MOQUEGUA,02,GENERAL SANCHEZ CERRO,10,UBINAS,37172,06,06,1,2,180231002,18.20638,1,,1,1,4,1,MAIZ AMARILLO DURO,2107,1,1000,000,0,0,1,0,0,0,1, 
2025,18,MOQUEGUA,02,GENERAL SANCHEZ CERRO,10,UBINAS,37172,06,06,1,2,180231002,18.20638,1,,1,1,3,1,TUNA FRUTA,1186,2,240,000,1,0,0,0,0,0,0, 
2025,18,MOQUEGUA,02,GENERAL SANCHEZ CERRO,10,UBINAS,37172,06,06,1,2,180231002,18.20638,1,,1,1,2,1,MAIZ AMILACEO,2108,1,1130,000,0,0,1,1,0,0,0, 
2025,18,MOQUEGUA,02,GENERAL SANCHEZ CERRO,10,UBINAS,37172,07,07,1,2,180231002,3.354292,1,,1,1,1,1,MAIZ AMILACEO,2108,1,650,000,0,0,1,1,0,0,0, 
2025,18,MOQUEGUA,02,GENERAL SANCHEZ CERRO,10,UBINAS,37174,01,01,1,2,180232002,61.25471,1,,1,1,12,1,HABA,2942,1,700,000,0,0,1,0,0,0,0, 
2025,18,MOQUEGUA,02,GENERAL SANCHEZ CERRO,10,UBINAS,37177,04,04,1,2,180241002,53.36147,1,,1,1,2,1,MAIZ AMILACEO,2108,1,1,000,0,0,1,1,0,0,1, 
2025,18,MOQUEGUA,02,GENERAL SANCHEZ CERRO,10,UBINAS,37179,02,02,1,2,180231002,472.6469,1,,1,1,2,1,MAIZ AMILACEO,2108,1,1,500,0,0,1,0,0,0,0, 
2025,18,MOQUEGUA,02,GENERAL SANCHEZ CERRO,10,UBINAS,37179,03,03,1,2,180231002,8.490855,1,,1,1,2,1,MAIZ AMILACEO,2108,1,1,000,0,0,1,0,1,0,1, 
2025,18,MOQUEGUA,02,GENERAL SANCHEZ CERRO,10,UBINAS,37182,02,02,1,2,180231002,9.986386,1,,1,0,1,1,TUNA FRUTA,1186,2,0,014,0,0,0,0,0,0,1, 
2025,18,MOQUEGUA,02,GENERAL SANCHEZ CERRO,10,UBINAS,37188,02,02,1,2,180241002,.1281331,1,,1,1,5,1,PAPA NATIVA,2615,1,0,500,0,0,0,1,0,0,0, 
2025,18,MOQUEGUA,02,GENERAL SANCHEZ CERRO,10,UBINAS,37190,01,01,1,2,180232004,41.61839,1,,1,1,3,1,TUNA FRUTA,1186,2,1,248,0,0,1,0,0,0,0, 
2025,18,MOQUEGUA,02,GENERAL SANCHEZ CERRO,10,UBINAS,37190,02,02,1,2,180232004,4.045045,1,,1,1,1,1,TUNA FRUTA,1186,2,0,219,0,0,1,0,0,0,0, 
2025,18,MOQUEGUA,02,GENERAL SANCHEZ CERRO,10,UBINAS,37190,05,05,1,2,180232004,10.56798,1,,1,1,1,1,LIMON ACIDO,1140,3,0,005,0,0,1,0,0,0,0, 
2025,18,MOQUEGUA,02,GENERAL SANCHEZ CERRO,10,UBINAS,37190,05,05,1,2,180232004,10.56798,1,,1,1,1,2,PERAL,1166,2,0,005,0,0,1,0,0,0,0, 
2025,18,MOQUEGUA,02,GENERAL SANCHEZ CERRO,10,UBINAS,37190,05,05,1,2,180232004,10.56798,1,,1,1,1,3,MAIZ AMILACEO,2108,1,0,250,0,0,1,0,0,0,0, 
2025,18,MOQUEGUA,02,GENERAL SANCHEZ CERRO,11,YUNGA,37191,12,12,1,2,180241002,.0450529,1,,1,1,11,1,MAIZ AMILACEO,2108,1,500,000,0,0,0,1,0,0,1, 
2025,18,MOQUEGUA,02,GENERAL SANCHEZ CERRO,11,YUNGA,37191,12,12,1,2,180241002,.0450529,1,,1,1,11,2,HABA,2942,1,200,000,0,0,0,1,0,0,1, 
2025,18,MOQUEGUA,02,GENERAL SANCHEZ CERRO,11,YUNGA,37191,13,13,1,2,180241002,.4694422,1,,1,1,2,1,MAIZ AMILACEO,2108,1,200,000,0,0,1,0,0,0,1, 
2025,18,MOQUEGUA,02,GENERAL SANCHEZ CERRO,11,YUNGA,37191,13,13,1,2,180241002,.4694422,1,,1,1,3,1,MAIZ AMILACEO,2108,1,200,000,0,0,1,0,0,0,1, 
2025,18,MOQUEGUA,02,GENERAL SANCHEZ CERRO,11,YUNGA,37192,04,04,1,2,180241002,3.861887,1,,1,1,2,1,ALFALFA,1401,3,244,000,1,0,0,0,0,0,0, 
2025,18,MOQUEGUA,02,GENERAL SANCHEZ CERRO,11,YUNGA,37195,01,01,1,2,180241002,4.797412,1,,1,1,4,1,MAIZ CHOCLO,2109,1,0,010,0,0,0,1,0,0,1, 
2025,18,MOQUEGUA,02,GENERAL SANCHEZ CERRO,11,YUNGA,37195,01,01,1,2,180241002,4.797412,1,,1,1,6,1,MAIZ CHOCLO,2109,1,0,030,0,0,0,1,0,0,1, 
2025,18,MOQUEGUA,02,GENERAL SANCHEZ CERRO,11,YUNGA,37195,01,01,1,2,180241002,4.797412,1,,1,1,5,1,HABA,2942,1,0,015,0,0,0,1,0,0,1, 
2025,18,MOQUEGUA,02,GENERAL SANCHEZ CERRO,11,YUNGA,37195,01,01,1,2,180241002,4.797412,1,,1,1,5,2,MAIZ CHOCLO,2109,1,0,015,0,0,0,1,0,0,1, 
2025,18,MOQUEGUA,03,ILO,03,PACOCHA,37204,02,02,1,1,180311004,.0383833,1,,1,0,1,1,OLIVO,1218,2,2,000,0,0,1,0,0,0,0, 
2025,19,PASCO,01,PASCO,02,HUACHON,37207,01,01,1,2,190171004,16.14705,1,,1,1,3,1,ROCOTO,2338,1,2,000,0,0,1,0,0,0,0, 
2025,19,PASCO,01,PASCO,02,HUACHON,37207,02,02,1,2,190171004,7.312651,1,,1,1,2,1,ROCOTO,2338,1,1,000,0,0,1,0,0,0,0, 
2025,19,PASCO,01,PASCO,07,PAUCARTAMBO,37222,05,05,1,2,190131003,13.47685,1,,1,1,2,1,MAIZ AMILACEO,2108,1,0,400,0,0,1,0,0,0,0, 
2025,19,PASCO,01,PASCO,07,PAUCARTAMBO,37227,01,01,1,2,190133004,34.40113,1,,1,1,5,1,MAIZ AMILACEO,2108,1,0,100,0,0,1,0,0,0,0, 
2025,19,PASCO,01,PASCO,07,PAUCARTAMBO,37227,01,01,1,2,190133004,34.40113,1,,1,1,5,2,CALABAZA,2314,1,0,100,0,0,1,0,0,0,0, 
2025,19,PASCO,01,PASCO,07,PAUCARTAMBO,37235,02,02,1,2,190131003,4.415548,1,,1,1,6,1,MAIZ AMILACEO,2108,1,0,150,0,0,1,0,0,1,0, 
2025,19,PASCO,01,PASCO,07,PAUCARTAMBO,37235,03,03,1,2,190131003,17.33975,1,,1,1,1,1,ROCOTO,2338,1,0,300,0,0,1,0,0,0,0, 
2025,19,PASCO,01,PASCO,07,PAUCARTAMBO,37235,03,03,1,2,190131003,17.33975,1,,1,1,1,2,AGUAYMANTO,1103,2,0,250,0,0,1,0,0,0,0, 
2025,19,PASCO,01,PASCO,07,PAUCARTAMBO,37237,03,03,1,2,190131004,5.365762,1,,1,0,1,1,MAIZ AMILACEO,2108,1,0,150,0,0,1,0,0,0,0, 
2025,19,PASCO,01,PASCO,07,PAUCARTAMBO,37237,04,04,1,2,190131004,89.17484,1,,1,1,1,1,ARVEJA,2901,1,0,100,0,0,1,0,0,0,0, 
2025,19,PASCO,01,PASCO,07,PAUCARTAMBO,37240,04,04,1,2,190131002,4.09982,1,,1,1,1,1,PAPA BLANCA,2612,1,0,100,0,0,1,0,0,0,1, 
2025,19,PASCO,01,PASCO,08,SAN FRANCISCO DE ASIS DE YARUSYACAN,37249,01,01,1,2,190142004,1020.591,1,,1,1,2,1,PAPA BLANCA,2612,1,0,050,0,0,1,0,0,0,0, 
2025,19,PASCO,01,PASCO,10,TICLACAYAN,37252,02,02,1,2,190144004,2610.402,1,,1,1,8,1,PAPA BLANCA,2612,1,0,250,0,1,0,1,0,0,0, 
2025,19,PASCO,01,PASCO,10,TICLACAYAN,37252,03,03,1,2,190144004,648.4602,1,,1,1,7,1,PAPA BLANCA,2612,1,0,150,0,1,1,1,0,0,0, 
2025,19,PASCO,01,PASCO,10,TICLACAYAN,37253,07,07,1,2,190141003,12.89113,1,,1,1,2,1,PAPA BLANCA,2612,1,0,150,0,0,0,1,0,0,0, 
2025,19,PASCO,01,PASCO,13,YANACANCHA,37256,02,02,1,2,190143005,2.729116,1,,1,1,1,1,PAPA BLANCA,2612,1,0,200,0,0,1,0,0,0,0, 
2025,19,PASCO,01,PASCO,13,YANACANCHA,37256,02,02,1,2,190143005,2.729116,1,,1,1,1,2,PAPA HUAYRO,2614,1,0,800,0,0,1,0,0,0,0, 
2025,19,PASCO,02,DANIEL ALCIDES CARRION,02,CHACAYAN,37270,02,02,1,2,190233002,4.130101,1,,1,1,1,1,ZAPALLO,2345,1,0,014,0,0,1,1,0,0,0, 
2025,19,PASCO,02,DANIEL ALCIDES CARRION,04,PAUCAR,37274,03,03,1,2,190234003,42.42196,1,,1,1,1,1,MAIZ AMILACEO,2108,1,0,150,0,0,1,1,0,0,0, 
2025,19,PASCO,02,DANIEL ALCIDES CARRION,06,SANTA ANA DE TUSI,37279,01,01,1,2,190251003,.1989253,1,,1,1,4,1,PAPA BLANCA,2612,1,0,025,0,0,1,1,0,0,0, 
2025,19,PASCO,02,DANIEL ALCIDES CARRION,06,SANTA ANA DE TUSI,37279,02,02,1,2,190251003,.0237753,1,,1,1,1,1,PAPA NATIVA,2615,1,0,036,0,0,1,1,0,0,0, 
2025,19,PASCO,02,DANIEL ALCIDES CARRION,06,SANTA ANA DE TUSI,37279,02,02,1,2,190251003,.0237753,1,,1,1,2,1,PAPA NATIVA,2615,1,0,250,0,0,1,1,1,0,0, 
2025,19,PASCO,02,DANIEL ALCIDES CARRION,06,SANTA ANA DE TUSI,37280,02,02,1,2,190253003,.9465939,1,,1,1,2,1,PAPA NATIVA,2615,1,0,025,0,0,1,1,0,0,0, 
2025,19,PASCO,02,DANIEL ALCIDES CARRION,06,SANTA ANA DE TUSI,37281,01,01,1,2,190242004,.7669392,1,,1,1,5,1,PAPA BLANCA,2612,1,0,150,0,0,1,1,0,0,0, 
2025,19,PASCO,02,DANIEL ALCIDES CARRION,06,SANTA ANA DE TUSI,37281,01,01,1,2,190242004,.7669392,1,,1,1,4,1,PAPA HUAYRO,2614,1,0,200,0,0,1,1,0,0,0, 
2025,19,PASCO,02,DANIEL ALCIDES CARRION,06,SANTA ANA DE TUSI,37281,01,01,1,2,190242004,.7669392,1,,1,1,4,2,PAPA BLANCA,2612,1,0,100,0,0,1,1,0,0,0, 
2025,19,PASCO,02,DANIEL ALCIDES CARRION,06,SANTA ANA DE TUSI,37281,01,01,1,2,190242004,.7669392,1,,1,1,5,2,PAPA HUAYRO,2614,1,0,100,0,0,1,1,0,0,0, 
2025,19,PASCO,03,OXAPAMPA,03,HUANCABAMBA,37320,02,02,1,3,190372004,.1561527,1,,1,1,4,1,YUCA,2620,1,0,050,0,1,0,0,0,0,0, 
2025,19,PASCO,03,OXAPAMPA,03,HUANCABAMBA,37320,09,09,1,3,190372004,.0013529,1,,1,1,3,1,MAIZ AMARILLO DURO,2107,1,0,250,0,1,0,0,0,0,0, 
2025,19,PASCO,03,OXAPAMPA,03,HUANCABAMBA,37320,09,09,1,3,190372004,.0013529,1,,1,1,3,2,CAIGUA,2313,1,0,100,0,1,0,0,0,0,0, 
2025,19,PASCO,03,OXAPAMPA,03,HUANCABAMBA,37320,09,09,1,3,190372004,.0013529,1,,1,1,3,3,AJI,2302,1,0,150,0,1,0,0,0,0,0, 
2025,19,PASCO,03,OXAPAMPA,04,PALCAZU,37353,01,01,1,3,190381005,.1166635,1,,1,1,1,1,CACAO,1202,3,0,243,0,0,1,0,0,0,0, 
2025,19,PASCO,03,OXAPAMPA,04,PALCAZU,37353,02,02,1,3,190381005,1.53188,1,,1,0,1,1,CACAO,1202,3,1,321,0,0,1,0,0,0,0, 
2025,19,PASCO,03,OXAPAMPA,04,PALCAZU,37360,02,02,1,3,190381006,9.475782,1,,1,1,1,1,YUCA,2620,1,1,000,0,0,1,0,0,0,0, 
2025,19,PASCO,03,OXAPAMPA,04,PALCAZU,37360,02,02,1,3,190381006,9.475782,1,,1,1,1,2,CACAO,1202,3,1,000,0,0,1,0,0,0,0, 
2025,19,PASCO,03,OXAPAMPA,04,PALCAZU,37360,02,02,1,3,190381006,9.475782,1,,1,1,1,3,MAIZ AMARILLO DURO,2107,1,0,250,0,0,1,0,0,0,0, 
2025,19,PASCO,03,OXAPAMPA,04,PALCAZU,37371,01,01,1,3,190383005,17.26699,1,,1,0,1,1,CACAO,1202,3,3,000,0,0,1,0,0,0,0, 
2025,19,PASCO,03,OXAPAMPA,04,PALCAZU,37371,02,02,1,3,190383005,3.790526,1,,1,1,1,1,CACAO,1202,3,1,000,0,0,1,0,0,0,0, 
2025,19,PASCO,03,OXAPAMPA,04,PALCAZU,37371,04,04,1,3,190383005,29.99793,1,,1,0,1,1,CACAO,1202,3,1,000,0,0,1,0,0,0,0, 
2025,20,PIURA,01,PIURA,01,PIURA,37466,01,01,1,1,200113004,6.489868,1,,1,0,1,1,LIMON ACIDO,1140,3,0,164,0,0,0,0,0,1,0, 
2025,20,PIURA,01,PIURA,01,PIURA,37466,02,02,1,1,200113004,13.41208,1,,1,1,2,1,YUCA,2620,1,0,250,0,0,0,0,0,1,0, 
2025,20,PIURA,01,PIURA,01,PIURA,37466,03,03,1,1,200113004,18.53748,1,,1,0,1,1,MARACUYA,2205,1,0,250,0,0,1,0,0,1,0, 
2025,20,PIURA,01,PIURA,01,PIURA,37466,05,05,1,1,200113004,4.903278,1,,1,1,1,1,PACAE,1159,2,0,004,0,0,1,0,0,0,0, 
2025,20,PIURA,01,PIURA,01,PIURA,37466,15,15,1,1,200113004,2.688631,1,,1,1,1,1,PACAE,1159,2,0,002,0,0,1,0,0,0,0, 
2025,20,PIURA,01,PIURA,01,PIURA,37467,05,05,1,1,200111005,29.62737,1,,1,1,2,1,LIMON ACIDO,1140,3,0,542,0,1,1,0,0,0,0, 
2025,20,PIURA,01,PIURA,01,PIURA,37467,08,08,1,1,200111005,10.22926,1,,1,0,2,1,ARROZ CASCARA,2101,1,0,407,0,1,0,0,0,0,0, 
2025,20,PIURA,01,PIURA,05,CATACAOS,37474,07,07,1,1,200111003,255.8346,1,,1,0,1,1,MAIZ AMARILLO DURO,2107,1,0,500,0,0,0,0,0,1,0, 
2025,20,PIURA,01,PIURA,05,CATACAOS,37475,01,01,1,1,200111003,1.192506,1,,1,1,1,1,ARROZ CASCARA,2101,1,0,300,0,1,0,0,0,0,0, 
2025,20,PIURA,01,PIURA,05,CATACAOS,37475,01,01,1,1,200111003,1.192506,1,,1,1,3,1,FRIJOL CAUPI,2911,1,0,380,0,0,1,0,0,0,0, 
2025,20,PIURA,01,PIURA,05,CATACAOS,37475,01,01,1,1,200111003,1.192506,1,,1,1,2,1,ARROZ CASCARA,2101,1,1,200,0,1,0,0,0,0,0, 
2025,20,PIURA,01,PIURA,05,CATACAOS,37476,01,01,1,1,200111003,7.548583,1,,1,0,3,1,MAIZ AMARILLO DURO,2107,1,0,500,0,0,0,0,0,1,0, 
2025,20,PIURA,01,PIURA,09,LA ARENA,37482,01,01,1,1,200113003,1.173682,1,,1,1,1,1,MAIZ AMARILLO DURO,2107,1,0,250,0,0,0,0,0,1,0, 
2025,20,PIURA,01,PIURA,09,LA ARENA,37482,02,02,1,1,200113003,3.917306,1,,1,1,2,1,ARROZ CASCARA,2101,1,0,250,0,0,0,0,0,1,0, 
2025,20,PIURA,01,PIURA,11,LAS LOMAS,37487,03,03,1,1,200122005,163.7508,1,,1,1,3,1,MAIZ AMARILLO DURO,2107,1,0,250,0,0,1,0,0,0,0, 
2025,20,PIURA,01,PIURA,14,TAMBO GRANDE,37488,02,02,1,1,200113004,63.4777,1,,1,0,1,1,PLATANO,1171,3,1,612,0,1,0,0,0,1,0, 
2025,20,PIURA,01,PIURA,14,TAMBO GRANDE,37494,05,05,1,1,200123005,3.020087,1,,1,1,1,1,FRIJOL PANAMITO,2929,1,1,500,0,0,1,0,0,1,0, 
2025,20,PIURA,01,PIURA,14,TAMBO GRANDE,37494,06,06,1,1,200123005,4.166848,1,,1,1,3,1,MAIZ AMARILLO DURO,2107,1,0,500,0,0,0,0,0,1,0, 
2025,20,PIURA,01,PIURA,14,TAMBO GRANDE,37500,02,02,1,1,200111005,1.684624,1,,1,1,1,1,YUCA,2620,1,0,050,0,0,0,0,0,1,0, 
2025,20,PIURA,01,PIURA,14,TAMBO GRANDE,37505,02,02,1,1,200122004,.4935835,1,,1,1,3,1,MAIZ AMARILLO DURO,2107,1,1,000,0,0,1,0,0,1,0, 
2025,20,PIURA,01,PIURA,14,TAMBO GRANDE,37505,02,02,1,1,200122004,.4935835,1,,1,1,4,1,CAÑA DE AZUCAR PARA CHANCACA,2809,1,0,250,0,0,0,0,0,1,0, 
2025,20,PIURA,01,PIURA,14,TAMBO GRANDE,37505,02,02,1,1,200122004,.4935835,1,,1,1,1,1,FRIJOL BAYO,2906,1,0,700,0,0,1,0,0,1,0, 
2025,20,PIURA,01,PIURA,14,TAMBO GRANDE,37505,04,04,1,1,200122004,2.001439,1,,1,1,1,1,FRIJOL BAYO,2906,1,0,500,0,0,0,0,0,1,0, 
2025,20,PIURA,01,PIURA,14,TAMBO GRANDE,37515,03,03,1,1,200111004,8.296489,1,,1,0,1,1,FRIJOL CAUPI,2911,1,0,950,0,0,0,0,0,1,0, 
2025,20,PIURA,01,PIURA,14,TAMBO GRANDE,37515,05,05,1,1,200111004,27.88925,1,,1,1,1,1,FRIJOL CAUPI,2911,1,0,500,0,0,0,0,0,1,0, 
2025,20,PIURA,01,PIURA,14,TAMBO GRANDE,37515,05,05,1,1,200111004,27.88925,1,,1,1,1,2,MAIZ AMARILLO DURO,2107,1,0,500,0,0,0,0,0,1,0, 
2025,20,PIURA,01,PIURA,14,TAMBO GRANDE,37515,05,05,1,1,200111004,27.88925,1,,1,1,1,3,ZARANDAJA,2951,1,0,200,0,0,0,0,0,1,0, 
2025,20,PIURA,02,AYABACA,01,AYABACA,37520,01,01,1,1,200221005,10.63149,1,,1,1,4,1,PAPA BLANCA,2612,1,0,250,0,0,1,0,0,0,0, 
2025,20,PIURA,02,AYABACA,01,AYABACA,37523,04,04,1,2,200231005,33.51516,1,,1,1,5,1,PLATANO,1171,3,0,100,1,0,0,0,0,0,0, 
2025,20,PIURA,02,AYABACA,01,AYABACA,37523,04,04,1,2,200231005,33.51516,1,,1,1,6,1,PAPA BLANCA,2612,1,0,250,0,0,0,0,0,1,0, 
2025,20,PIURA,02,AYABACA,01,AYABACA,37523,04,04,1,2,200231005,33.51516,1,,1,1,5,2,NARANJO,1156,2,0,050,1,0,0,0,0,0,0, 
2025,20,PIURA,02,AYABACA,01,AYABACA,37523,04,04,1,2,200231005,33.51516,1,,1,1,6,2,ARRACACHA,2602,1,0,250,0,0,0,0,0,1,0, 
2025,20,PIURA,02,AYABACA,01,AYABACA,37523,04,04,1,2,200231005,33.51516,1,,1,1,5,3,MANDARINA,1146,2,0,050,1,0,0,0,0,0,0, 
2025,20,PIURA,02,AYABACA,01,AYABACA,37523,04,04,1,2,200231005,33.51516,1,,1,1,5,4,PALTO,1162,2,0,050,1,0,0,0,0,0,0, 
2025,20,PIURA,02,AYABACA,01,AYABACA,37527,04,04,1,1,200223005,33.95726,1,,1,1,2,1,MAIZ AMILACEO,2108,1,1,000,0,0,1,0,0,0,0, 
2025,20,PIURA,02,AYABACA,01,AYABACA,37527,11,11,1,1,200223005,44.32767,1,,1,1,2,1,FRIJOL RED KIDNEY,2933,1,0,500,0,0,1,0,0,0,0, 
2025,20,PIURA,02,AYABACA,01,AYABACA,37527,12,12,1,1,200223005,.0928762,1,,1,1,3,1,MAIZ AMILACEO,2108,1,0,250,0,0,1,0,0,1,0, 
2025,20,PIURA,02,AYABACA,01,AYABACA,37527,12,12,1,1,200223005,.0928762,1,,1,1,1,1,FRIJOL BAYO,2906,1,0,250,0,0,1,0,0,0,0, 
2025,20,PIURA,02,AYABACA,01,AYABACA,37531,02,02,1,1,200222005,22.98242,1,,1,1,3,1,ARVEJA,2901,1,0,250,0,0,1,0,0,0,0, 
2025,20,PIURA,02,AYABACA,01,AYABACA,37533,05,05,1,1,200221005,51.72512,1,,1,1,2,1,MAIZ AMILACEO,2108,1,1,000,0,0,1,0,0,1,0, 
2025,20,PIURA,02,AYABACA,01,AYABACA,37544,05,05,1,1,200222005,67.60612,1,,1,1,1,1,ZARANDAJA,2951,1,2,375,0,0,1,0,0,0,0, 
2025,20,PIURA,02,AYABACA,01,AYABACA,37550,03,03,1,1,200221005,3.266142,1,,1,1,3,1,FRIJOL PANAMITO,2929,1,0,500,0,0,0,0,0,1,0, 
2025,20,PIURA,02,AYABACA,01,AYABACA,37550,11,11,1,1,200221005,1.294646,1,,1,1,1,1,YUCA,2620,1,0,100,0,0,0,0,0,1,0, 
2025,20,PIURA,02,AYABACA,01,AYABACA,37550,12,12,1,1,200221005,14.27507,1,,1,1,1,1,MAIZ AMARILLO DURO,2107,1,0,250,0,0,1,0,0,1,0, 
2025,20,PIURA,02,AYABACA,01,AYABACA,37553,01,01,1,2,200222005,11.15576,1,,1,1,3,1,MAIZ AMARILLO DURO,2107,1,0,500,1,0,0,0,0,0,0, 
2025,20,PIURA,02,AYABACA,01,AYABACA,37553,08,08,1,2,200222005,19.67576,1,,1,1,1,1,FRIJOL CAUPI,2911,1,0,750,0,0,1,0,0,0,0, 
2025,20,PIURA,02,AYABACA,01,AYABACA,37553,08,08,1,2,200222005,19.67576,1,,1,1,3,1,MAIZ AMARILLO DURO,2107,1,1,000,1,0,0,0,0,0,0, 
2025,20,PIURA,02,AYABACA,02,FRIAS,37560,02,02,1,1,200223005,193.0301,1,,1,1,2,1,PACAE,1159,2,0,582,0,0,1,0,0,0,0, 
2025,20,PIURA,02,AYABACA,02,FRIAS,37562,01,01,1,2,200232005,19.96103,1,,1,1,1,1,CEBADA GRANO,2104,1,0,130,0,0,1,0,0,0,1, 
2025,20,PIURA,02,AYABACA,02,FRIAS,37562,02,02,1,2,200232005,18.31602,1,,1,1,1,1,OCA,2608,1,0,100,0,0,1,1,0,0,0, 
2025,20,PIURA,02,AYABACA,02,FRIAS,37562,03,03,1,2,200232005,4.058828,1,,1,1,1,1,MAIZ AMILACEO,2108,1,0,080,0,0,1,0,0,0,0, 
2025,20,PIURA,02,AYABACA,02,FRIAS,37562,03,03,1,2,200232005,4.058828,1,,1,1,1,2,OCA,2608,1,0,040,0,0,1,0,0,0,0, 
2025,20,PIURA,02,AYABACA,02,FRIAS,37562,04,04,1,2,200232005,4.269955,1,,1,1,1,1,AJO,2303,1,0,040,0,0,1,0,0,0,0, 
2025,20,PIURA,02,AYABACA,02,FRIAS,37562,05,05,1,2,200232005,6.664036,1,,1,1,1,1,OCA,2608,1,0,030,0,0,1,0,0,0,0, 
2025,20,PIURA,02,AYABACA,02,FRIAS,37562,07,07,1,2,200232005,5.523114,1,,1,1,1,1,TRIGO,2113,1,0,150,0,0,1,0,0,0,1, 
2025,20,PIURA,02,AYABACA,02,FRIAS,37562,07,07,1,2,200232005,5.523114,1,,1,1,1,2,PAPA HUAYRO,2614,1,0,050,0,0,1,0,0,0,0, 
2025,20,PIURA,02,AYABACA,04,LAGUNAS,37571,10,10,1,2,200232005,6.086669,1,,1,1,1,1,ARVEJA,2901,1,0,200,0,0,1,0,0,0,0, 
2025,20,PIURA,02,AYABACA,05,MONTERO,37580,05,05,1,1,200222005,2.109471,1,,1,1,1,1,MAIZ AMARILLO DURO,2107,1,0,100,0,0,1,0,0,0,0, 
2025,20,PIURA,02,AYABACA,05,MONTERO,37580,06,06,1,1,200222005,21.16459,1,,1,1,1,1,MAIZ AMARILLO DURO,2107,1,0,180,0,0,1,0,0,0,0, 
2025,20,PIURA,02,AYABACA,06,PACAIPAMPA,37593,01,01,1,2,200232005,8.680501,1,,1,1,1,1,OCA,2608,1,0,300,0,0,0,0,0,0,1, 
2025,20,PIURA,02,AYABACA,06,PACAIPAMPA,37593,03,03,1,2,200232005,177.9813,1,,1,1,2,1,MAIZ AMILACEO,2108,1,0,150,0,0,1,1,0,0,0, 
2025,20,PIURA,02,AYABACA,07,PAIMAS,37605,01,01,1,1,200222005,9.953684,1,,1,1,1,1,CAMOTE,2603,1,0,370,0,0,1,0,0,0,0, 
2025,20,PIURA,02,AYABACA,07,PAIMAS,37605,05,05,1,1,200222005,161.1341,1,,1,1,1,1,FRIJOL PANAMITO,2929,1,6,000,0,0,1,0,0,1,0, 
2025,20,PIURA,02,AYABACA,07,PAIMAS,37605,08,08,1,1,200222005,116.4484,1,,1,1,1,1,FRIJOL PANAMITO,2929,1,1,500,0,0,1,0,0,1,0, 
2025,20,PIURA,02,AYABACA,07,PAIMAS,37606,01,01,1,1,200221004,315.828,1,,1,1,5,1,MAIZ AMARILLO DURO,2107,1,1,000,0,0,0,0,0,1,0, 
2025,20,PIURA,02,AYABACA,07,PAIMAS,37608,03,03,1,1,200221005,10.48589,1,,1,1,1,1,FRIJOL CAUPI,2911,1,0,080,0,0,1,0,0,0,0, 
2025,20,PIURA,02,AYABACA,07,PAIMAS,37608,05,05,1,1,200221005,9.35615,1,,1,1,1,1,FRIJOL PANAMITO,2929,1,0,177,0,0,1,0,0,0,0, 
2025,20,PIURA,02,AYABACA,07,PAIMAS,37608,09,09,1,1,200221005,4.156926,1,,1,1,1,1,MAIZ AMARILLO DURO,2107,1,0,042,0,0,0,0,0,1,0, 
2025,20,PIURA,02,AYABACA,07,PAIMAS,37608,09,09,1,1,200221005,4.156926,1,,1,1,2,1,FRIJOL PANAMITO,2929,1,1,000,0,0,1,0,0,1,0, 
2025,20,PIURA,02,AYABACA,07,PAIMAS,37608,10,10,1,1,200221005,51.07506,1,,1,1,1,1,MAIZ AMARILLO DURO,2107,1,1,500,0,0,1,0,0,1,0, 
2025,20,PIURA,02,AYABACA,07,PAIMAS,37608,13,13,1,1,200221005,1.930267,1,,1,1,1,1,MAIZ AMARILLO DURO,2107,1,0,420,0,0,1,0,0,1,0, 
2025,20,PIURA,02,AYABACA,07,PAIMAS,37609,01,01,1,1,200213005,274.0211,1,,1,1,1,1,MAIZ AMARILLO DURO,2107,1,0,120,0,0,0,0,0,0,1, 
2025,20,PIURA,02,AYABACA,07,PAIMAS,37609,05,05,1,1,200213005,12.45623,1,,1,1,1,1,MAIZ AMARILLO DURO,2107,1,0,109,0,0,0,0,0,1,0, 
2025,20,PIURA,02,AYABACA,07,PAIMAS,37609,05,05,1,1,200213005,12.45623,1,,1,1,2,1,MAIZ AMARILLO DURO,2107,1,0,500,0,0,0,0,0,1,0, 
2025,20,PIURA,02,AYABACA,08,SAPILLICA,37611,01,01,1,1,200221005,150.8429,1,,1,1,1,1,FRIJOL CABALLERO,2908,1,2,000,0,0,1,0,0,1,0, 
2025,20,PIURA,02,AYABACA,08,SAPILLICA,37614,02,02,1,1,200222005,75.66653,1,,1,1,4,1,MAIZ AMILACEO,2108,1,0,500,0,0,1,0,0,0,0, 
2025,20,PIURA,02,AYABACA,08,SAPILLICA,37614,02,02,1,1,200222005,75.66653,1,,1,1,1,1,FRIJOL PANAMITO,2929,1,0,350,0,0,1,0,0,0,0, 
2025,20,PIURA,03,HUANCABAMBA,01,HUANCABAMBA,37623,05,05,1,2,200331004,23.17342,1,,1,1,1,1,MAIZ AMILACEO,2108,1,0,350,0,0,0,0,0,0,1, 
2025,20,PIURA,03,HUANCABAMBA,01,HUANCABAMBA,37623,05,05,1,2,200331004,23.17342,1,,1,1,3,1,MAIZ AMILACEO,2108,1,0,100,1,0,0,0,0,0,0, 
2025,20,PIURA,03,HUANCABAMBA,01,HUANCABAMBA,37624,01,01,1,2,200323004,166.9512,1,,1,1,2,1,GRANADILLA,2203,1,0,100,0,0,0,0,0,1,0, 
2025,20,PIURA,03,HUANCABAMBA,01,HUANCABAMBA,37624,04,04,1,2,200323004,12.61009,1,,1,1,1,1,FRIJOL CAUPI,2911,1,0,300,0,0,1,0,0,1,0, 
2025,20,PIURA,03,HUANCABAMBA,01,HUANCABAMBA,37626,01,01,1,2,200331004,12.42066,1,,1,1,1,1,ARVEJA,2901,1,0,090,0,0,0,0,0,1,0, 
2025,20,PIURA,03,HUANCABAMBA,01,HUANCABAMBA,37626,03,03,1,2,200331004,12.64572,1,,1,1,1,1,ARVEJA,2901,1,0,420,0,0,0,0,0,0,1, 
2025,20,PIURA,03,HUANCABAMBA,01,HUANCABAMBA,37626,06,06,1,2,200331004,55.43344,1,,1,0,1,1,ARVEJA,2901,1,0,250,0,0,0,0,0,1,0, 
2025,20,PIURA,03,HUANCABAMBA,01,HUANCABAMBA,37626,07,07,1,2,200331004,23.8857,1,,1,1,1,1,MAIZ AMILACEO,2108,1,0,693,0,0,1,0,0,0,0, 
2025,20,PIURA,03,HUANCABAMBA,01,HUANCABAMBA,37626,08,08,1,2,200331004,.4706437,1,,1,1,2,1,ARVEJA,2901,1,0,450,0,0,0,0,0,0,1, 
2025,20,PIURA,03,HUANCABAMBA,01,HUANCABAMBA,37626,09,09,1,2,200331004,.6034291,1,,1,1,1,1,ARVEJA,2901,1,0,190,0,0,0,0,0,0,1, 
2025,20,PIURA,03,HUANCABAMBA,01,HUANCABAMBA,37626,12,12,1,2,200331004,10.72322,1,,1,1,1,1,ARVEJA,2901,1,0,390,0,0,0,0,0,0,1, 
2025,20,PIURA,03,HUANCABAMBA,01,HUANCABAMBA,37630,04,04,1,2,200331004,22.60368,1,,1,1,3,1,OCA,2608,1,0,250,0,0,0,0,0,1,0, 
2025,20,PIURA,03,HUANCABAMBA,01,HUANCABAMBA,37630,06,06,1,2,200331004,14.43933,1,,1,1,2,1,PAPA BLANCA,2612,1,0,400,0,0,1,0,0,0,0, 
2025,20,PIURA,03,HUANCABAMBA,01,HUANCABAMBA,37630,07,07,1,2,200331004,21.65155,1,,1,1,1,1,PAPA BLANCA,2612,1,0,008,0,0,0,0,0,1,0, 
2025,20,PIURA,03,HUANCABAMBA,02,CANCHAQUE,37639,11,11,1,1,200322004,8.266979,1,,1,1,2,1,CAFE PERGAMINO,1203,2,0,400,0,0,1,0,0,0,0, 
2025,20,PIURA,03,HUANCABAMBA,02,CANCHAQUE,37643,01,01,1,1,200322004,130.0285,1,,1,1,3,1,ARVEJA,2901,1,0,500,0,0,0,0,0,1,0, 
2025,20,PIURA,03,HUANCABAMBA,02,CANCHAQUE,37643,03,03,1,1,200322004,44.42733,1,,1,1,1,1,ARVEJA,2901,1,0,500,0,0,1,0,0,0,0, 
2025,20,PIURA,03,HUANCABAMBA,02,CANCHAQUE,37644,02,02,1,1,200321004,27.90949,1,,1,1,3,1,YUCA,2620,1,0,100,0,0,1,0,0,1,0, 
2025,20,PIURA,03,HUANCABAMBA,04,HUARMACA,37661,01,01,1,2,200322004,179.4932,1,,1,1,1,1,MAIZ AMILACEO,2108,1,0,250,0,0,1,1,0,0,0, 
2025,20,PIURA,03,HUANCABAMBA,04,HUARMACA,37661,01,01,1,2,200322004,179.4932,1,,1,1,1,2,FRIJOL CANARIO,2910,1,0,200,0,0,1,1,0,0,0, 
2025,20,PIURA,03,HUANCABAMBA,04,HUARMACA,37661,01,01,1,2,200322004,179.4932,1,,1,1,1,3,PAPA BLANCA,2612,1,0,020,0,0,1,0,0,0,0, 
2025,20,PIURA,03,HUANCABAMBA,04,HUARMACA,37661,04,04,1,2,200322004,.153765,1,,1,1,2,1,MAIZ AMILACEO,2108,1,0,500,0,0,1,0,0,0,0, 
2025,20,PIURA,03,HUANCABAMBA,04,HUARMACA,37661,05,05,1,2,200322004,3.316052,1,,1,1,3,1,MAIZ AMILACEO,2108,1,0,250,0,0,1,0,0,0,0, 
2025,20,PIURA,03,HUANCABAMBA,04,HUARMACA,37668,09,09,1,1,200313005,7.383977,1,,1,1,1,1,MARACUYA,2205,1,0,500,0,0,1,0,0,0,0, 
2025,20,PIURA,03,HUANCABAMBA,04,HUARMACA,37670,03,03,1,1,200323005,907.101,1,,1,1,1,1,HABA,2942,1,6,000,0,0,1,0,0,1,0, 
2025,20,PIURA,03,HUANCABAMBA,06,SAN MIGUEL DE EL FAIQUE,37687,02,02,1,1,200322004,146.4832,1,,1,1,1,1,PITAHAYA,1169,2,0,096,0,0,1,0,0,0,0, 
2025,20,PIURA,03,HUANCABAMBA,06,SAN MIGUEL DE EL FAIQUE,37687,02,02,1,1,200322004,146.4832,1,,1,1,1,2,GUANABANO,1133,2,0,100,0,0,1,0,0,0,0, 
2025,20,PIURA,03,HUANCABAMBA,06,SAN MIGUEL DE EL FAIQUE,37687,03,03,1,1,200322004,133.7052,1,,1,1,2,1,NARANJO,1156,2,0,500,0,0,1,0,0,0,0, 
2025,20,PIURA,03,HUANCABAMBA,06,SAN MIGUEL DE EL FAIQUE,37687,03,03,1,1,200322004,133.7052,1,,1,1,2,2,MANGO,1147,2,0,500,0,0,1,0,0,0,0, 
2025,20,PIURA,03,HUANCABAMBA,06,SAN MIGUEL DE EL FAIQUE,37688,05,05,1,1,200311005,11.76917,1,,1,0,3,1,MANGO,1147,2,1,000,0,1,0,0,0,0,0, 
2025,20,PIURA,03,HUANCABAMBA,06,SAN MIGUEL DE EL FAIQUE,37690,04,04,1,1,200312005,31.74802,1,,1,0,1,1,FRIJOL LOCTAO,2924,1,1,600,0,0,1,0,0,0,0, 
2025,20,PIURA,03,HUANCABAMBA,07,SONDOR,37695,02,02,1,3,200321004,82.31048,1,,1,1,2,1,ARVEJA,2901,1,0,100,0,0,1,0,0,0,0, 
2025,20,PIURA,03,HUANCABAMBA,08,SONDORILLO,37706,06,06,1,2,200321004,59.11315,1,,1,1,1,1,LUCUMO,1143,3,0,002,0,1,0,0,0,0,0, 
2025,20,PIURA,03,HUANCABAMBA,08,SONDORILLO,37706,10,10,1,2,200321004,11.74489,1,,1,1,3,1,MAIZ MORADO,2110,1,0,500,0,0,0,0,0,1,0, 
2025,20,PIURA,04,MORROPON,01,CHULUCANAS,37708,01,01,1,1,200411004,264.3521,1,,1,0,3,1,MANGO,1147,2,0,066,0,0,0,0,0,1,0, 
2025,20,PIURA,04,MORROPON,01,CHULUCANAS,37708,02,02,1,1,200411004,25.71883,1,,1,0,1,1,MANGO,1147,2,0,378,1,0,0,0,0,0,0, 
2025,20,PIURA,04,MORROPON,01,CHULUCANAS,37712,03,03,1,1,200411004,103.4544,1,,1,1,1,1,MAIZ AMARILLO DURO,2107,1,0,400,0,0,0,0,0,1,0, 
2025,20,PIURA,04,MORROPON,01,CHULUCANAS,37712,05,05,1,1,200411004,447.1517,1,,1,1,1,1,MAIZ AMARILLO DURO,2107,1,0,300,0,0,1,0,0,1,0, 
2025,20,PIURA,04,MORROPON,01,CHULUCANAS,37713,01,01,1,1,200412004,7.596426,1,,1,0,1,1,FRIJOL CAUPI,2911,1,0,300,0,0,0,0,0,1,0, 
2025,20,PIURA,04,MORROPON,01,CHULUCANAS,37713,02,02,1,1,200412004,3.248003,1,,1,1,1,1,MANGO,1147,2,0,139,0,0,0,0,0,1,0, 
2025,20,PIURA,04,MORROPON,01,CHULUCANAS,37713,07,07,1,1,200412004,12.52615,1,,1,0,2,1,PLATANO,1171,3,1,250,0,0,0,0,0,0,1, 
2025,20,PIURA,04,MORROPON,01,CHULUCANAS,37714,08,08,1,1,200411004,.8982145,1,,1,0,1,1,FRIJOL BLANCO,2907,1,0,600,0,0,0,0,0,1,0, 
2025,20,PIURA,04,MORROPON,01,CHULUCANAS,37715,02,02,1,1,200413004,38.29271,1,,1,1,1,1,MANGO,1147,2,0,800,0,1,0,0,0,0,0, 
2025,20,PIURA,04,MORROPON,01,CHULUCANAS,37715,04,04,1,1,200413004,15.86502,1,,1,0,1,1,MANGO,1147,2,0,450,0,1,0,0,0,0,0, 
2025,20,PIURA,04,MORROPON,04,LA MATANZA,37724,01,01,1,1,200412004,15.36827,1,,1,1,1,1,MAIZ AMARILLO DURO,2107,1,1,308,0,0,0,0,0,1,0, 
2025,20,PIURA,04,MORROPON,04,LA MATANZA,37724,01,01,1,1,200412004,15.36827,1,,1,1,1,2,FRIJOL CAUPI,2911,1,0,061,0,0,0,0,0,1,0, 
2025,20,PIURA,04,MORROPON,09,SANTO DOMINGO,37744,01,01,1,1,200421005,4.813794,1,,1,1,4,1,MAIZ AMARILLO DURO,2107,1,1,000,0,0,1,0,0,1,0, 
2025,20,PIURA,05,PAITA,04,COLAN,37757,07,07,1,1,200511002,.7321432,1,,1,1,2,1,MAIZ AMARILLO DURO,2107,1,0,500,0,0,1,0,0,1,0, 
2025,20,PIURA,05,PAITA,04,COLAN,37757,07,07,1,1,200511002,.7321432,1,,1,1,2,2,CAMOTE,2603,1,0,500,0,0,1,0,0,1,0, 
2025,20,PIURA,05,PAITA,07,VICHAYAL,37764,03,03,1,1,200511003,21.296,1,,1,1,2,1,MAIZ AMARILLO DURO,2107,1,2,500,0,0,0,0,0,1,0, 
2025,20,PIURA,06,SULLANA,06,MIGUEL CHECA,37778,07,07,1,1,200611003,70.92589,1,,1,0,2,1,FRIJOL CAUPI,2911,1,0,091,0,0,0,0,0,1,0, 
2025,20,PIURA,08,SECHURA,05,VICE,37792,01,01,1,1,200811005,90.9558,1,,1,0,2,1,MAIZ AMARILLO DURO,2107,1,1,000,0,0,0,0,0,1,0, 
2025,20,PIURA,08,SECHURA,05,VICE,37792,01,01,1,1,200811005,90.9558,1,,1,0,4,1,MAIZ AMARILLO DURO,2107,1,1,200,0,0,0,0,0,1,0, 
2025,20,PIURA,08,SECHURA,05,VICE,37792,01,01,1,1,200811005,90.9558,1,,1,0,3,1,MAIZ AMARILLO DURO,2107,1,0,750,0,0,0,0,0,1,0, 
2025,20,PIURA,08,SECHURA,05,VICE,37792,01,01,1,1,200811005,90.9558,1,,1,0,1,1,MAIZ AMARILLO DURO,2107,1,0,500,0,0,0,0,0,1,0, 
2025,20,PIURA,08,SECHURA,05,VICE,37792,02,02,1,1,200811005,6.507068,1,,1,0,1,1,MAIZ AMARILLO DURO,2107,1,0,560,0,0,0,0,0,1,0, 
2025,20,PIURA,08,SECHURA,05,VICE,37792,04,04,1,1,200811005,10.29971,1,,1,0,1,1,MAIZ AMARILLO DURO,2107,1,0,470,0,0,0,0,0,1,0, 
2025,20,PIURA,08,SECHURA,05,VICE,37792,04,04,1,1,200811005,10.29971,1,,1,0,2,1,MAIZ AMARILLO DURO,2107,1,1,000,0,0,0,0,0,1,0, 
2025,20,PIURA,08,SECHURA,05,VICE,37792,07,07,1,1,200811005,15.8274,1,,1,1,1,1,MAIZ AMARILLO DURO,2107,1,0,200,0,0,0,0,0,1,0, 
2025,20,PIURA,08,SECHURA,05,VICE,37793,01,01,1,1,200811005,2.056956,1,,1,0,3,1,ARROZ CASCARA,2101,1,1,000,0,0,0,0,0,1,0, 
2025,20,PIURA,08,SECHURA,05,VICE,37793,01,01,1,1,200811005,2.056956,1,,1,0,1,1,ARROZ CASCARA,2101,1,0,500,0,0,0,0,0,1,0, 
2025,20,PIURA,08,SECHURA,05,VICE,37793,02,02,1,1,200811005,1.437846,1,,1,0,2,1,ARROZ CASCARA,2101,1,6,000,0,0,0,0,0,1,0, 
2025,20,PIURA,08,SECHURA,05,VICE,37793,03,03,1,1,200811005,3.356069,1,,1,0,2,1,ARROZ CASCARA,2101,1,0,450,0,0,0,0,0,1,0, 
2025,20,PIURA,08,SECHURA,05,VICE,37793,03,03,1,1,200811005,3.356069,1,,1,0,1,1,ARROZ CASCARA,2101,1,0,500,0,0,0,0,0,1,0, 
2025,20,PIURA,08,SECHURA,05,VICE,37793,04,04,1,1,200811005,1.722438,1,,1,0,1,1,ARROZ CASCARA,2101,1,0,960,0,0,0,0,0,1,0, 
2025,20,PIURA,08,SECHURA,05,VICE,37793,05,05,1,1,200811005,.2912028,1,,1,1,1,1,ARROZ CASCARA,2101,1,0,500,0,0,0,0,0,1,0, 
2025,20,PIURA,08,SECHURA,05,VICE,37793,07,07,1,1,200811005,170.5043,1,,1,1,5,1,ARROZ CASCARA,2101,1,15,000,0,0,0,0,0,1,0, 
2025,20,PIURA,08,SECHURA,05,VICE,37793,07,07,1,1,200811005,170.5043,1,,1,1,1,1,ARROZ CASCARA,2101,1,20,000,0,0,0,0,0,1,0, 
2025,20,PIURA,08,SECHURA,05,VICE,37793,07,07,1,1,200811005,170.5043,1,,1,1,3,1,ARROZ CASCARA,2101,1,3,500,0,0,0,0,0,1,0, 
2025,20,PIURA,08,SECHURA,05,VICE,37793,07,07,1,1,200811005,170.5043,1,,1,1,4,1,ARROZ CASCARA,2101,1,5,600,0,0,0,0,0,1,0, 
2025,20,PIURA,08,SECHURA,05,VICE,37793,07,07,1,1,200811005,170.5043,1,,1,1,6,1,ARROZ CASCARA,2101,1,2,600,0,0,0,0,0,1,0, 
2025,20,PIURA,08,SECHURA,05,VICE,37793,08,08,1,1,200811005,.0251679,1,,1,0,1,1,ARROZ CASCARA,2101,1,0,800,0,0,0,0,0,1,0, 
2025,20,PIURA,08,SECHURA,05,VICE,37793,09,09,1,1,200811005,8.571614,1,,1,0,3,1,MAIZ AMARILLO DURO,2107,1,5,000,0,0,0,0,0,1,0, 
2025,20,PIURA,08,SECHURA,05,VICE,37793,09,09,1,1,200811005,8.571614,1,,1,0,1,1,ARROZ CASCARA,2101,1,1,000,0,0,0,0,0,1,0, 
2025,20,PIURA,08,SECHURA,05,VICE,37793,10,10,1,1,200811005,.1686582,1,,1,0,1,1,ARROZ CASCARA,2101,1,1,000,0,0,0,0,0,1,0, 
2025,20,PIURA,08,SECHURA,05,VICE,37794,01,01,1,1,200811005,11.12687,1,,1,0,2,1,ARROZ CASCARA,2101,1,1,000,0,0,0,0,0,1,0, 
2025,20,PIURA,08,SECHURA,05,VICE,37794,02,02,1,1,200811005,158.2937,1,,1,0,1,1,ARROZ CASCARA,2101,1,0,750,0,0,0,0,0,1,0, 
2025,20,PIURA,08,SECHURA,05,VICE,37794,03,03,1,1,200811005,29.06295,1,,1,0,1,1,ARROZ CASCARA,2101,1,0,160,0,0,0,0,0,1,0, 
2025,20,PIURA,08,SECHURA,05,VICE,37794,03,03,1,1,200811005,29.06295,1,,1,0,2,1,ARROZ CASCARA,2101,1,1,000,0,0,0,0,0,1,0, 
2025,20,PIURA,08,SECHURA,05,VICE,37794,04,04,1,1,200811005,23.59709,1,,1,1,3,1,ARROZ CASCARA,2101,1,1,500,0,0,0,0,0,1,0, 
2025,20,PIURA,08,SECHURA,05,VICE,37794,04,04,1,1,200811005,23.59709,1,,1,1,2,1,ARROZ CASCARA,2101,1,0,350,0,0,0,0,0,1,0, 
2025,20,PIURA,08,SECHURA,05,VICE,37794,04,04,1,1,200811005,23.59709,1,,1,1,1,1,ARROZ CASCARA,2101,1,0,150,0,0,0,0,0,1,0, 
2025,20,PIURA,08,SECHURA,05,VICE,37794,05,05,1,1,200811005,34.5298,1,,1,0,2,1,ARROZ CASCARA,2101,1,0,630,0,0,0,0,0,1,0, 
2025,20,PIURA,08,SECHURA,05,VICE,37794,05,05,1,1,200811005,34.5298,1,,1,0,1,1,ARROZ CASCARA,2101,1,0,370,0,0,0,0,0,1,0, 
2025,20,PIURA,08,SECHURA,05,VICE,37794,06,06,1,1,200811005,36.66575,1,,1,0,1,1,MAIZ AMARILLO DURO,2107,1,0,250,0,0,0,0,0,1,0, 
2025,20,PIURA,08,SECHURA,05,VICE,37794,07,07,1,1,200811005,28.94312,1,,1,0,2,1,MAIZ CHOCLO,2109,1,0,300,0,0,0,0,0,1,0, 
2025,20,PIURA,08,SECHURA,05,VICE,37794,07,07,1,1,200811005,28.94312,1,,1,0,1,1,ARROZ CASCARA,2101,1,0,200,0,0,0,0,0,1,0, 
2025,20,PIURA,08,SECHURA,05,VICE,37794,08,08,1,1,200811005,14.84807,1,,1,1,1,1,ARROZ CASCARA,2101,1,0,120,0,0,0,0,0,1,0, 
2025,20,PIURA,08,SECHURA,05,VICE,37794,08,08,1,1,200811005,14.84807,1,,1,1,2,1,ARROZ CASCARA,2101,1,0,380,0,0,0,0,0,1,0, 
2025,21,PUNO,01,PUNO,02,ACORA,37800,02,02,1,2,210141003,28.9944,1,,1,1,8,1,QUINUA,2111,1,1000,000,0,0,0,1,0,0,0, 
2025,21,PUNO,01,PUNO,02,ACORA,37800,02,02,1,2,210141003,28.9944,1,,1,1,7,1,QUINUA,2111,1,120,000,0,0,0,1,0,0,0, 
2025,21,PUNO,01,PUNO,02,ACORA,37800,02,02,1,2,210141003,28.9944,1,,1,1,9,1,CAÑIHUA,2103,1,150,000,0,0,0,1,0,0,0, 
2025,21,PUNO,01,PUNO,02,ACORA,37800,04,04,1,2,210141003,718.2936,1,,1,1,7,1,PAPA AMARGA,2610,1,30,000,0,0,0,1,1,0,0, 
2025,21,PUNO,01,PUNO,02,ACORA,37800,04,04,1,2,210141003,718.2936,1,,1,1,6,1,PAPA AMARGA,2610,1,60,000,0,1,0,1,0,0,0, 
2025,21,PUNO,01,PUNO,02,ACORA,37800,05,05,1,2,210141003,171.8027,1,,1,1,16,1,QUINUA,2111,1,300,000,0,0,0,1,0,0,0, 
2025,21,PUNO,01,PUNO,02,ACORA,37801,01,01,1,2,210152002,39.56654,1,,1,0,3,1,QUINUA,2111,1,0,030,0,1,0,1,0,0,0, 
2025,21,PUNO,01,PUNO,02,ACORA,37801,02,02,1,2,210152002,18.53252,1,,1,1,5,1,QUINUA,2111,1,0,025,0,0,1,1,0,0,0, 
2025,21,PUNO,01,PUNO,02,ACORA,37801,02,02,1,2,210152002,18.53252,1,,1,1,5,2,CAÑIHUA,2103,1,0,025,0,0,1,1,0,0,0, 
2025,21,PUNO,01,PUNO,02,ACORA,37801,03,03,1,2,210152002,25.80931,1,,1,1,3,1,QUINUA,2111,1,0,005,0,0,0,1,0,0,0, 
2025,21,PUNO,01,PUNO,02,ACORA,37801,03,03,1,2,210152002,25.80931,1,,1,1,3,2,OCA,2608,1,0,005,0,0,0,1,0,0,0, 
2025,21,PUNO,01,PUNO,02,ACORA,37801,04,04,1,2,210152002,2.317807,1,,1,1,12,1,CAÑIHUA,2103,1,0,015,0,0,0,1,0,0,0, 
2025,21,PUNO,01,PUNO,02,ACORA,37801,04,04,1,2,210152002,2.317807,1,,1,1,12,2,QUINUA,2111,1,0,015,0,0,0,1,0,0,0, 
2025,21,PUNO,01,PUNO,02,ACORA,37801,05,05,1,2,210152002,1.41084,1,,1,1,3,1,PAPA NATIVA,2615,1,0,050,0,1,0,1,0,0,0, 
2025,21,PUNO,01,PUNO,02,ACORA,37801,05,05,1,2,210152002,1.41084,1,,1,1,5,1,PAPA AMARGA,2610,1,0,025,0,1,0,1,0,0,0, 
2025,21,PUNO,01,PUNO,02,ACORA,37801,05,05,1,2,210152002,1.41084,1,,1,1,5,2,PAPA NATIVA,2615,1,0,025,0,1,0,1,0,0,0, 
2025,21,PUNO,01,PUNO,02,ACORA,37801,05,05,1,2,210152002,1.41084,1,,1,1,3,2,QUINUA,2111,1,0,050,0,1,0,1,0,0,0, 
2025,21,PUNO,01,PUNO,02,ACORA,37802,01,01,1,2,210152001,11.11046,1,,1,1,4,1,PAPA NATIVA,2615,1,0,020,0,0,0,1,0,0,0, 
2025,21,PUNO,01,PUNO,02,ACORA,37802,01,01,1,2,210152001,11.11046,1,,1,1,8,1,QUINUA,2111,1,0,040,0,0,0,1,0,0,0, 
2025,21,PUNO,01,PUNO,02,ACORA,37802,01,01,1,2,210152001,11.11046,1,,1,1,4,2,PAPA AMARGA,2610,1,0,020,0,0,0,1,0,0,0, 
2025,21,PUNO,01,PUNO,02,ACORA,37802,01,01,1,2,210152001,11.11046,1,,1,1,4,3,PAPA HUAYRO,2614,1,0,010,0,0,0,1,0,0,0, 
2025,21,PUNO,01,PUNO,02,ACORA,37802,02,02,1,2,210152001,15.68298,1,,1,1,10,1,PAPA NATIVA,2615,1,0,020,0,1,0,0,1,0,0, 
2025,21,PUNO,01,PUNO,02,ACORA,37802,02,02,1,2,210152001,15.68298,1,,1,1,11,1,QUINUA,2111,1,0,020,0,1,0,1,0,0,0, 
2025,21,PUNO,01,PUNO,02,ACORA,37802,02,02,1,2,210152001,15.68298,1,,1,1,11,2,CAÑIHUA,2103,1,0,020,0,1,0,1,0,0,0, 
2025,21,PUNO,01,PUNO,02,ACORA,37802,02,02,1,2,210152001,15.68298,1,,1,1,10,2,PAPA AMARGA,2610,1,0,020,0,1,0,1,0,0,0, 
2025,21,PUNO,01,PUNO,02,ACORA,37802,02,02,1,2,210152001,15.68298,1,,1,1,10,3,PAPA HUAYRO,2614,1,0,010,0,1,0,1,0,0,0, 
2025,21,PUNO,01,PUNO,02,ACORA,37803,01,01,1,2,210152003,27.68845,1,,1,1,8,1,QUINUA,2111,1,0,008,0,0,1,1,1,0,0, 
2025,21,PUNO,01,PUNO,02,ACORA,37803,01,01,1,2,210152003,27.68845,1,,1,1,5,1,CAÑIHUA,2103,1,0,015,0,0,1,1,1,0,0, 
2025,21,PUNO,01,PUNO,02,ACORA,37803,04,04,1,2,210152003,41.01605,1,,1,1,7,1,QUINUA,2111,1,0,050,0,0,1,1,1,0,0, 
2025,21,PUNO,01,PUNO,02,ACORA,37803,04,04,1,2,210152003,41.01605,1,,1,1,14,1,QUINUA,2111,1,0,050,0,0,1,1,0,0,0, 
2025,21,PUNO,01,PUNO,02,ACORA,37803,04,04,1,2,210152003,41.01605,1,,1,1,5,1,HABA,2942,1,0,030,0,0,1,1,0,0,0, 
2025,21,PUNO,01,PUNO,02,ACORA,37803,04,04,1,2,210152003,41.01605,1,,1,1,2,1,QUINUA,2111,1,0,080,0,0,1,1,1,0,0, 
2025,21,PUNO,01,PUNO,02,ACORA,37804,01,01,1,2,210143003,644.5927,1,,1,1,6,1,QUINUA,2111,1,0,050,0,0,0,1,0,0,0, 
2025,21,PUNO,01,PUNO,02,ACORA,37804,01,01,1,2,210143003,644.5927,1,,1,1,10,1,QUINUA,2111,1,0,040,0,0,0,1,0,0,0, 
2025,21,PUNO,01,PUNO,02,ACORA,37804,01,01,1,2,210143003,644.5927,1,,1,1,5,1,PAPA NATIVA,2615,1,0,050,0,0,0,1,0,0,0, 
2025,21,PUNO,01,PUNO,02,ACORA,37804,02,02,1,2,210143003,705.516,1,,1,1,6,1,QUINUA,2111,1,0,020,0,0,0,1,0,0,0, 
2025,21,PUNO,01,PUNO,02,ACORA,37804,02,02,1,2,210143003,705.516,1,,1,1,6,2,CAÑIHUA,2103,1,0,020,0,0,0,1,0,0,0, 
2025,21,PUNO,01,PUNO,02,ACORA,37804,04,04,1,2,210143003,65.32739,1,,1,1,8,1,QUINUA,2111,1,0,010,0,0,0,1,0,0,0, 
2025,21,PUNO,01,PUNO,02,ACORA,37804,04,04,1,2,210143003,65.32739,1,,1,1,8,2,CAÑIHUA,2103,1,0,010,0,0,0,1,0,0,0, 
2025,21,PUNO,01,PUNO,02,ACORA,37804,05,05,1,2,210143003,16.22541,1,,1,1,3,1,QUINUA,2111,1,0,020,0,1,0,1,1,0,0, 
2025,21,PUNO,01,PUNO,02,ACORA,37806,01,01,1,2,210141003,65.23489,1,,1,1,11,1,QUINUA,2111,1,0,080,0,1,1,1,0,0,0, 
2025,21,PUNO,01,PUNO,02,ACORA,37806,01,01,1,2,210141003,65.23489,1,,1,1,10,1,QUINUA,2111,1,0,080,0,1,1,1,0,0,0, 
2025,21,PUNO,01,PUNO,02,ACORA,37806,02,02,1,2,210141003,190.9435,1,,1,1,7,1,QUINUA,2111,1,0,025,0,0,1,1,1,0,0, 
2025,21,PUNO,01,PUNO,02,ACORA,37806,02,02,1,2,210141003,190.9435,1,,1,1,8,1,QUINUA,2111,1,0,025,0,0,1,1,0,0,0, 
2025,21,PUNO,01,PUNO,02,ACORA,37806,03,03,1,2,210141003,280.5039,1,,1,1,20,1,QUINUA,2111,1,0,100,0,0,1,1,1,0,0, 
2025,21,PUNO,01,PUNO,02,ACORA,37806,03,03,1,2,210141003,280.5039,1,,1,1,22,1,QUINUA,2111,1,0,100,0,0,1,1,1,0,0, 
2025,21,PUNO,01,PUNO,02,ACORA,37806,03,03,1,2,210141003,280.5039,1,,1,1,21,1,QUINUA,2111,1,0,100,0,0,1,1,1,0,0, 
2025,21,PUNO,01,PUNO,02,ACORA,37806,05,05,1,2,210141003,72.79579,1,,1,1,17,1,QUINUA,2111,1,0,050,0,0,1,1,1,0,0, 
2025,21,PUNO,01,PUNO,02,ACORA,37806,05,05,1,2,210141003,72.79579,1,,1,1,19,1,QUINUA,2111,1,0,030,0,0,1,1,1,0,0, 
2025,21,PUNO,01,PUNO,02,ACORA,37806,05,05,1,2,210141003,72.79579,1,,1,1,18,1,QUINUA,2111,1,0,020,0,0,1,1,1,0,0, 
2025,21,PUNO,01,PUNO,02,ACORA,37807,01,01,1,2,210141003,76.81785,1,,1,1,11,1,PAPA NATIVA,2615,1,0,020,0,1,0,0,1,0,0, 
2025,21,PUNO,01,PUNO,02,ACORA,37807,01,01,1,2,210141003,76.81785,1,,1,1,5,1,HABA,2942,1,0,030,0,0,1,1,0,0,0, 
2025,21,PUNO,01,PUNO,02,ACORA,37807,01,01,1,2,210141003,76.81785,1,,1,1,9,1,TRIGO,2113,1,0,025,0,0,1,1,1,0,0, 
2025,21,PUNO,01,PUNO,02,ACORA,37807,01,01,1,2,210141003,76.81785,1,,1,1,7,1,TRIGO,2113,1,0,030,0,0,1,1,1,0,0, 
2025,21,PUNO,01,PUNO,02,ACORA,37807,01,01,1,2,210141003,76.81785,1,,1,1,25,1,QUINUA,2111,1,0,020,0,1,0,0,1,0,0, 
2025,21,PUNO,01,PUNO,02,ACORA,37807,01,01,1,2,210141003,76.81785,1,,1,1,4,1,HABA,2942,1,0,030,0,0,1,1,1,0,0, 
2025,21,PUNO,01,PUNO,02,ACORA,37807,01,01,1,2,210141003,76.81785,1,,1,1,6,1,TRIGO,2113,1,0,020,0,0,1,1,1,0,0, 
2025,21,PUNO,01,PUNO,02,ACORA,37807,01,01,1,2,210141003,76.81785,1,,1,1,18,1,AVENA FORRAJERA,2701,1,0,030,0,1,0,0,1,0,0, 
2025,21,PUNO,01,PUNO,02,ACORA,37807,01,01,1,2,210141003,76.81785,1,,1,1,19,1,AVENA FORRAJERA,2701,1,0,030,0,1,0,0,1,0,0, 
2025,21,PUNO,01,PUNO,02,ACORA,37807,01,01,1,2,210141003,76.81785,1,,1,1,24,1,QUINUA,2111,1,0,030,0,1,0,0,1,0,0, 
2025,21,PUNO,01,PUNO,02,ACORA,37807,01,01,1,2,210141003,76.81785,1,,1,1,3,1,HABA,2942,1,0,040,0,0,1,1,1,0,0, 
2025,21,PUNO,01,PUNO,02,ACORA,37807,01,01,1,2,210141003,76.81785,1,,1,1,16,1,AVENA FORRAJERA,2701,1,0,030,0,1,0,0,1,0,0, 
2025,21,PUNO,01,PUNO,02,ACORA,37807,01,01,1,2,210141003,76.81785,1,,1,1,15,1,AVENA FORRAJERA,2701,1,0,020,0,1,0,0,1,0,0, 
2025,21,PUNO,01,PUNO,02,ACORA,37807,01,01,1,2,210141003,76.81785,1,,1,1,10,1,PAPA NATIVA,2615,1,0,030,0,1,0,0,1,0,0, 
2025,21,PUNO,01,PUNO,02,ACORA,37807,01,01,1,2,210141003,76.81785,1,,1,1,17,1,AVENA FORRAJERA,2701,1,0,020,0,1,0,0,1,0,0, 
2025,21,PUNO,01,PUNO,02,ACORA,37807,01,01,1,2,210141003,76.81785,1,,1,1,8,1,TRIGO,2113,1,0,010,0,0,1,1,1,0,0, 
2025,21,PUNO,01,PUNO,02,ACORA,37807,01,01,1,2,210141003,76.81785,1,,1,1,20,1,AVENA FORRAJERA,2701,1,0,025,0,1,0,0,1,0,0, 
2025,21,PUNO,01,PUNO,02,ACORA,37807,02,02,1,2,210141003,230.6313,1,,1,1,1,1,QUINUA,2111,1,0,110,0,0,0,1,0,0,0, 
2025,21,PUNO,01,PUNO,02,ACORA,37807,04,04,1,2,210141003,366.4918,1,,1,1,43,1,CEBADA GRANO,2104,1,0,015,0,1,0,0,1,0,0, 
2025,21,PUNO,01,PUNO,02,ACORA,37807,04,04,1,2,210141003,366.4918,1,,1,1,42,1,CEBADA GRANO,2104,1,0,015,0,1,0,0,1,0,0, 
2025,21,PUNO,01,PUNO,02,ACORA,37807,04,04,1,2,210141003,366.4918,1,,1,1,41,1,CEBADA GRANO,2104,1,0,015,0,1,0,0,1,0,0, 
2025,21,PUNO,01,PUNO,02,ACORA,37807,04,04,1,2,210141003,366.4918,1,,1,1,47,1,CEBADA GRANO,2104,1,0,015,0,1,0,0,1,0,0, 
2025,21,PUNO,01,PUNO,02,ACORA,37807,04,04,1,2,210141003,366.4918,1,,1,1,50,1,CEBADA GRANO,2104,1,0,015,0,1,0,0,1,0,0, 
2025,21,PUNO,01,PUNO,02,ACORA,37807,04,04,1,2,210141003,366.4918,1,,1,1,51,1,CEBADA GRANO,2104,1,0,015,0,1,0,0,1,0,0, 
2025,21,PUNO,01,PUNO,02,ACORA,37807,04,04,1,2,210141003,366.4918,1,,1,1,48,1,CEBADA GRANO,2104,1,0,015,0,1,0,0,1,0,0, 
2025,21,PUNO,01,PUNO,02,ACORA,37807,04,04,1,2,210141003,366.4918,1,,1,1,46,1,CEBADA GRANO,2104,1,0,015,0,1,0,0,1,0,0, 
2025,21,PUNO,01,PUNO,02,ACORA,37807,04,04,1,2,210141003,366.4918,1,,1,1,44,1,CEBADA GRANO,2104,1,0,015,0,1,0,0,1,0,0, 
2025,21,PUNO,01,PUNO,02,ACORA,37807,04,04,1,2,210141003,366.4918,1,,1,1,49,1,CEBADA GRANO,2104,1,0,015,0,1,0,0,1,0,0, 
2025,21,PUNO,01,PUNO,02,ACORA,37807,04,04,1,2,210141003,366.4918,1,,1,1,45,1,CEBADA GRANO,2104,1,0,015,0,1,0,0,1,0,0, 
2025,21,PUNO,01,PUNO,02,ACORA,37807,05,05,1,2,210141003,200.9828,1,,1,1,4,1,QUINUA,2111,1,0,030,0,1,0,1,0,0,0, 
2025,21,PUNO,01,PUNO,02,ACORA,37807,05,05,1,2,210141003,200.9828,1,,1,1,2,1,PAPA NATIVA,2615,1,0,020,0,1,0,1,0,0,0, 
2025,21,PUNO,01,PUNO,02,ACORA,37807,05,05,1,2,210141003,200.9828,1,,1,1,3,1,PAPA NATIVA,2615,1,0,040,0,1,0,1,0,0,0, 
2025,21,PUNO,01,PUNO,02,ACORA,37807,05,05,1,2,210141003,200.9828,1,,1,1,5,1,QUINUA,2111,1,0,025,0,1,0,1,0,0,0, 
2025,21,PUNO,01,PUNO,02,ACORA,37807,06,06,1,2,210141003,90.75547,1,,1,1,2,1,OCA,2608,1,0,020,0,1,0,1,0,0,0, 
2025,21,PUNO,01,PUNO,02,ACORA,37807,06,06,1,2,210141003,90.75547,1,,1,1,2,2,CEBADA GRANO,2104,1,0,015,0,1,0,1,0,0,0, 
2025,21,PUNO,01,PUNO,02,ACORA,37807,06,06,1,2,210141003,90.75547,1,,1,1,2,3,QUINUA,2111,1,0,015,0,1,0,1,0,0,0, 
2025,21,PUNO,01,PUNO,02,ACORA,37808,08,08,1,2,210153003,46.10657,1,,1,1,3,1,AVENA FORRAJERA,2701,1,0,030,0,1,0,0,1,0,0, 
2025,21,PUNO,01,PUNO,02,ACORA,37808,08,08,1,2,210153003,46.10657,1,,1,1,2,1,PAPA NATIVA,2615,1,0,020,0,1,0,0,1,0,0, 
2025,21,PUNO,01,PUNO,02,ACORA,37808,08,08,1,2,210153003,46.10657,1,,1,1,6,1,AVENA FORRAJERA,2701,1,0,020,0,1,0,0,1,0,0, 
2025,21,PUNO,01,PUNO,02,ACORA,37808,08,08,1,2,210153003,46.10657,1,,1,1,5,1,AVENA FORRAJERA,2701,1,0,500,0,1,0,0,1,0,0, 
2025,21,PUNO,01,PUNO,02,ACORA,37809,03,03,1,2,210141003,1357.451,1,,1,1,1,1,QUINUA,2111,1,0,150,0,0,0,1,0,0,1, 
2025,21,PUNO,01,PUNO,02,ACORA,37809,03,03,1,2,210141003,1357.451,1,,1,1,1,2,PAPA NATIVA,2615,1,0,100,0,0,0,1,0,0,1, 
2025,21,PUNO,01,PUNO,02,ACORA,37809,03,03,1,2,210141003,1357.451,1,,1,1,1,3,PAPA AMARGA,2610,1,0,070,0,0,0,1,0,0,1, 
2025,21,PUNO,01,PUNO,02,ACORA,37810,02,02,1,2,210141003,1.310288,1,,1,1,17,1,ALFALFA,1401,3,500,000,0,0,0,1,1,0,0, 
2025,21,PUNO,01,PUNO,02,ACORA,37810,02,02,1,2,210141003,1.310288,1,,1,1,19,1,ALFALFA,1401,3,500,000,0,0,0,1,1,0,0, 
2025,21,PUNO,01,PUNO,02,ACORA,37810,02,02,1,2,210141003,1.310288,1,,1,1,18,1,ALFALFA,1401,3,500,000,0,0,0,1,1,0,0, 
2025,21,PUNO,01,PUNO,02,ACORA,37810,03,03,1,2,210141003,50.193,1,,1,1,4,1,HABA,2942,1,100,000,0,0,0,1,0,0,0, 
2025,21,PUNO,01,PUNO,02,ACORA,37810,03,03,1,2,210141003,50.193,1,,1,1,22,1,QUINUA,2111,1,2000,000,0,0,0,1,0,0,0, 
2025,21,PUNO,01,PUNO,02,ACORA,37810,05,05,1,2,210141003,896.0063,1,,1,1,44,1,AVENA FORRAJERA,2701,1,250,000,0,1,0,1,1,0,0, 
2025,21,PUNO,01,PUNO,02,ACORA,37810,05,05,1,2,210141003,896.0063,1,,1,1,42,1,CEBADA GRANO,2104,1,200,000,0,1,0,1,1,0,0, 
2025,21,PUNO,01,PUNO,02,ACORA,37810,05,05,1,2,210141003,896.0063,1,,1,1,43,1,CEBADA GRANO,2104,1,200,000,0,1,0,1,1,0,0, 
2025,21,PUNO,01,PUNO,02,ACORA,37810,06,06,1,2,210141003,542.3839,1,,1,1,33,1,QUINUA,2111,1,3000,000,0,0,0,1,0,0,0, 
2025,21,PUNO,01,PUNO,02,ACORA,37810,07,07,1,2,210141003,363.5447,1,,1,1,11,1,QUINUA,2111,1,800,000,0,0,0,1,0,0,0, 
2025,21,PUNO,01,PUNO,02,ACORA,37810,07,07,1,2,210141003,363.5447,1,,1,1,10,1,QUINUA,2111,1,1000,000,0,0,0,1,0,0,0, 
2025,21,PUNO,01,PUNO,02,ACORA,37810,07,07,1,2,210141003,363.5447,1,,1,1,12,1,QUINUA,2111,1,250,000,0,0,0,1,0,0,0, 
2025,21,PUNO,01,PUNO,02,ACORA,37810,08,08,1,2,210141003,83.08776,1,,1,1,12,1,QUINUA,2111,1,200,000,0,0,0,1,0,0,0, 
2025,21,PUNO,01,PUNO,02,ACORA,37812,02,02,1,2,210141003,1064.214,1,,1,1,13,1,PAPA NATIVA,2615,1,1,000,0,1,0,1,0,0,0, 
2025,21,PUNO,01,PUNO,02,ACORA,37812,05,05,1,2,210141003,129.6359,1,,1,1,4,1,QUINUA,2111,1,0,050,0,1,0,1,0,0,0, 
2025,21,PUNO,01,PUNO,02,ACORA,37813,03,03,1,2,210141003,560.3604,1,,1,1,14,1,TARHUI,2947,1,0,009,0,1,0,1,0,0,0, 
2025,21,PUNO,01,PUNO,02,ACORA,37813,03,03,1,2,210141003,560.3604,1,,1,1,10,1,QUINUA,2111,1,0,004,0,1,0,1,0,0,0, 
2025,21,PUNO,01,PUNO,02,ACORA,37813,03,03,1,2,210141003,560.3604,1,,1,1,4,1,PAPA NATIVA,2615,1,0,018,0,1,0,1,0,0,0, 
2025,21,PUNO,01,PUNO,02,ACORA,37813,03,03,1,2,210141003,560.3604,1,,1,1,9,1,QUINUA,2111,1,0,012,0,1,0,1,0,0,0, 
2025,21,PUNO,01,PUNO,02,ACORA,37813,06,06,1,2,210141003,71.4562,1,,1,1,9,1,QUINUA,2111,1,0,008,0,1,0,1,0,0,0, 
2025,21,PUNO,01,PUNO,02,ACORA,37813,06,06,1,2,210141003,71.4562,1,,1,1,18,1,QUINUA,2111,1,0,016,0,1,0,1,0,0,0, 
2025,21,PUNO,01,PUNO,02,ACORA,37813,07,07,1,2,210141003,138.2501,1,,1,0,4,1,QUINUA,2111,1,0,035,0,1,0,1,0,0,0, 
2025,21,PUNO,01,PUNO,02,ACORA,37813,07,07,1,2,210141003,138.2501,1,,1,0,7,1,QUINUA,2111,1,0,060,0,1,0,1,0,0,0, 
2025,21,PUNO,01,PUNO,02,ACORA,37813,07,07,1,2,210141003,138.2501,1,,1,0,8,1,QUINUA,2111,1,0,040,0,1,0,1,0,0,0, 
2025,21,PUNO,01,PUNO,02,ACORA,37813,07,07,1,2,210141003,138.2501,1,,1,0,9,1,QUINUA,2111,1,0,040,0,1,0,1,0,0,0, 
2025,21,PUNO,01,PUNO,02,ACORA,37813,07,07,1,2,210141003,138.2501,1,,1,0,5,1,QUINUA,2111,1,0,045,0,1,0,1,0,0,0, 
2025,21,PUNO,01,PUNO,02,ACORA,37814,01,01,1,2,210143003,271.6327,1,,1,1,2,1,CAÑIHUA,2103,1,0,100,0,0,0,1,1,0,0, 
2025,21,PUNO,01,PUNO,02,ACORA,37815,01,01,1,2,210143003,53.24449,1,,1,1,18,1,QUINUA,2111,1,0,090,0,0,1,1,1,0,0, 
2025,21,PUNO,01,PUNO,02,ACORA,37815,01,01,1,2,210143003,53.24449,1,,1,1,17,1,QUINUA,2111,1,0,050,0,0,1,1,1,0,0, 
2025,21,PUNO,01,PUNO,02,ACORA,37815,01,01,1,2,210143003,53.24449,1,,1,1,24,1,QUINUA,2111,1,0,050,0,1,1,1,0,0,0, 
2025,21,PUNO,01,PUNO,02,ACORA,37815,01,01,1,2,210143003,53.24449,1,,1,1,19,1,HABA,2942,1,0,020,0,0,1,1,0,0,0, 
2025,21,PUNO,01,PUNO,02,ACORA,37815,01,01,1,2,210143003,53.24449,1,,1,1,22,1,HABA,2942,1,0,050,0,0,1,1,0,0,0, 
2025,21,PUNO,01,PUNO,02,ACORA,37815,01,01,1,2,210143003,53.24449,1,,1,1,23,1,HABA,2942,1,0,050,0,0,1,1,1,0,0, 
2025,21,PUNO,01,PUNO,02,ACORA,37815,01,01,1,2,210143003,53.24449,1,,1,1,19,2,QUINUA,2111,1,0,020,0,0,1,1,0,0,0, 
2025,21,PUNO,01,PUNO,02,ACORA,37815,04,04,1,2,210143003,65.22725,1,,1,1,6,1,QUINUA,2111,1,0,012,0,0,0,1,0,0,0, 
2025,21,PUNO,01,PUNO,02,ACORA,37815,05,05,1,2,210143003,20.0419,1,,1,1,12,1,QUINUA,2111,1,0,015,0,0,1,1,0,0,0, 
2025,21,PUNO,01,PUNO,02,ACORA,37815,05,05,1,2,210143003,20.0419,1,,1,1,11,1,QUINUA,2111,1,0,040,0,1,1,1,0,0,0, 
2025,21,PUNO,01,PUNO,02,ACORA,37815,05,05,1,2,210143003,20.0419,1,,1,1,10,1,QUINUA,2111,1,0,030,0,1,0,1,0,0,0, 
2025,21,PUNO,01,PUNO,02,ACORA,37815,06,06,1,2,210143003,116.9312,1,,1,1,38,1,HABA,2942,1,0,060,0,0,1,1,1,0,0, 
2025,21,PUNO,01,PUNO,02,ACORA,37815,06,06,1,2,210143003,116.9312,1,,1,1,35,1,QUINUA,2111,1,0,200,0,0,0,1,1,0,0, 
2025,21,PUNO,01,PUNO,02,ACORA,37815,06,06,1,2,210143003,116.9312,1,,1,1,37,1,HABA,2942,1,0,060,0,0,1,1,1,0,0, 
2025,21,PUNO,01,PUNO,02,ACORA,37815,06,06,1,2,210143003,116.9312,1,,1,1,36,1,QUINUA,2111,1,0,200,0,0,0,1,1,0,0, 
2025,21,PUNO,01,PUNO,02,ACORA,37815,06,06,1,2,210143003,116.9312,1,,1,1,33,1,QUINUA,2111,1,0,200,0,0,0,1,1,0,0, 
2025,21,PUNO,01,PUNO,02,ACORA,37815,06,06,1,2,210143003,116.9312,1,,1,1,34,1,QUINUA,2111,1,0,200,0,0,0,1,1,0,0, 
2025,21,PUNO,01,PUNO,02,ACORA,37815,06,06,1,2,210143003,116.9312,1,,1,1,32,1,QUINUA,2111,1,0,200,0,0,0,1,1,0,0, 
2025,21,PUNO,01,PUNO,04,ATUNCOLLA,37817,03,03,1,2,210143003,1331.723,1,,1,1,2,1,QUINUA,2111,1,0,250,0,1,0,1,1,0,0, 
2025,21,PUNO,01,PUNO,04,ATUNCOLLA,37819,01,01,1,2,210143001,86.4208,1,,1,1,3,1,PAPA NATIVA,2615,1,0,150,0,1,0,1,0,0,0, 
2025,21,PUNO,01,PUNO,04,ATUNCOLLA,37819,01,01,1,2,210143001,86.4208,1,,1,1,6,1,QUINUA,2111,1,0,500,0,1,0,1,1,0,0, 
2025,21,PUNO,01,PUNO,04,ATUNCOLLA,37819,01,01,1,2,210143001,86.4208,1,,1,1,2,1,PAPA NATIVA,2615,1,0,100,0,1,0,1,0,0,0, 
2025,21,PUNO,01,PUNO,04,ATUNCOLLA,37819,01,01,1,2,210143001,86.4208,1,,1,1,2,2,QUINUA,2111,1,0,250,0,1,0,0,1,0,0, 
2025,21,PUNO,01,PUNO,04,ATUNCOLLA,37820,01,01,1,2,210143003,641.5782,1,,1,1,2,1,AVENA FORRAJERA,2701,1,1,000,0,1,0,0,0,0,0, 
2025,21,PUNO,01,PUNO,04,ATUNCOLLA,37820,01,01,1,2,210143003,641.5782,1,,1,1,2,2,ALFALFA,1401,3,3,000,0,1,0,0,0,0,0, 
2025,21,PUNO,01,PUNO,04,ATUNCOLLA,37820,02,02,1,2,210143003,296.7027,1,,1,1,2,1,AVENA FORRAJERA,2701,1,1,000,0,1,0,0,0,0,0, 
2025,21,PUNO,01,PUNO,04,ATUNCOLLA,37820,02,02,1,2,210143003,296.7027,1,,1,1,2,2,ALFALFA,1401,3,0,500,0,1,0,0,0,0,0, 
2025,21,PUNO,01,PUNO,05,CAPACHICA,37823,03,03,1,2,210142003,74.14939,1,,1,1,1,1,QUINUA,2111,1,0,030,0,0,1,0,1,0,0, 
2025,21,PUNO,01,PUNO,05,CAPACHICA,37823,04,04,1,2,210142003,75.10468,1,,1,1,3,1,PAPA NATIVA,2615,1,0,010,0,1,0,0,1,0,0, 
2025,21,PUNO,01,PUNO,05,CAPACHICA,37823,04,04,1,2,210142003,75.10468,1,,1,1,6,1,QUINUA,2111,1,0,010,0,1,0,0,1,0,0, 
2025,21,PUNO,01,PUNO,05,CAPACHICA,37823,04,04,1,2,210142003,75.10468,1,,1,1,9,1,MAIZ CHOCLO,2109,1,0,010,0,1,0,0,1,0,0, 
2025,21,PUNO,01,PUNO,05,CAPACHICA,37823,04,04,1,2,210142003,75.10468,1,,1,1,2,1,PAPA NATIVA,2615,1,0,010,0,1,0,0,1,0,0, 
2025,21,PUNO,01,PUNO,05,CAPACHICA,37823,09,09,1,2,210142003,15.23423,1,,1,1,2,1,HABA,2942,1,0,010,0,1,0,0,1,0,0, 
2025,21,PUNO,01,PUNO,05,CAPACHICA,37823,09,09,1,2,210142003,15.23423,1,,1,1,4,1,HABA,2942,1,0,010,0,1,0,0,1,0,0, 
2025,21,PUNO,01,PUNO,05,CAPACHICA,37823,09,09,1,2,210142003,15.23423,1,,1,1,3,1,HABA,2942,1,0,010,0,1,0,0,1,0,0, 
2025,21,PUNO,01,PUNO,07,COATA,37825,01,01,1,2,210141004,25.57148,1,,1,1,17,1,AVENA FORRAJERA,2701,1,0,500,0,1,0,0,0,0,0, 
2025,21,PUNO,01,PUNO,07,COATA,37825,01,01,1,2,210141004,25.57148,1,,1,1,5,1,CEBADA FORRAJERA,2703,1,0,180,0,1,0,0,0,0,0, 
2025,21,PUNO,01,PUNO,07,COATA,37825,01,01,1,2,210141004,25.57148,1,,1,1,6,1,AVENA FORRAJERA,2701,1,0,160,0,1,0,0,0,0,0, 
2025,21,PUNO,01,PUNO,07,COATA,37825,01,01,1,2,210141004,25.57148,1,,1,1,10,1,QUINUA,2111,1,0,125,0,1,0,0,0,0,0, 
2025,21,PUNO,01,PUNO,07,COATA,37825,01,01,1,2,210141004,25.57148,1,,1,1,8,1,AVENA FORRAJERA,2701,1,1,000,0,1,0,0,0,0,0, 
2025,21,PUNO,01,PUNO,07,COATA,37825,01,01,1,2,210141004,25.57148,1,,1,1,3,1,CEBADA FORRAJERA,2703,1,0,140,0,1,0,0,0,0,0, 
2025,21,PUNO,01,PUNO,07,COATA,37825,01,01,1,2,210141004,25.57148,1,,1,1,4,1,CAÑIHUA,2103,1,0,110,0,1,0,0,0,0,0, 
2025,21,PUNO,01,PUNO,07,COATA,37825,01,01,1,2,210141004,25.57148,1,,1,1,9,1,AVENA FORRAJERA,2701,1,0,100,0,1,0,0,0,0,0, 
2025,21,PUNO,01,PUNO,07,COATA,37825,01,01,1,2,210141004,25.57148,1,,1,1,16,1,AVENA FORRAJERA,2701,1,0,500,0,1,0,0,0,0,0, 
2025,21,PUNO,01,PUNO,07,COATA,37825,01,01,1,2,210141004,25.57148,1,,1,1,7,1,CEBADA FORRAJERA,2703,1,0,030,0,1,0,0,0,0,0, 
2025,21,PUNO,01,PUNO,07,COATA,37825,01,01,1,2,210141004,25.57148,1,,1,1,10,2,CAÑIHUA,2103,1,0,125,0,1,0,0,0,0,0, 
2025,21,PUNO,01,PUNO,07,COATA,37825,01,01,1,2,210141004,25.57148,1,,1,1,7,2,AVENA FORRAJERA,2701,1,0,030,0,1,0,0,0,0,0, 
2025,21,PUNO,01,PUNO,07,COATA,37825,02,02,1,2,210141004,11.74093,1,,1,1,9,1,AVENA FORRAJERA,2701,1,0,080,0,1,0,0,0,0,0, 
2025,21,PUNO,01,PUNO,07,COATA,37825,02,02,1,2,210141004,11.74093,1,,1,1,11,1,AVENA FORRAJERA,2701,1,1,200,0,1,0,0,0,0,0, 
2025,21,PUNO,01,PUNO,07,COATA,37825,04,04,1,2,210141004,64.60617,1,,1,1,3,1,PAPA NATIVA,2615,1,0,020,0,1,0,0,0,0,0, 
2025,21,PUNO,01,PUNO,07,COATA,37825,07,07,1,2,210141004,47.2664,1,,1,1,8,1,AVENA FORRAJERA,2701,1,0,100,0,1,0,1,1,0,0, 
2025,21,PUNO,01,PUNO,07,COATA,37825,07,07,1,2,210141004,47.2664,1,,1,1,3,1,CEBADA FORRAJERA,2703,1,0,500,0,1,0,1,1,0,0, 
2025,21,PUNO,01,PUNO,07,COATA,37825,07,07,1,2,210141004,47.2664,1,,1,1,9,1,CEBADA FORRAJERA,2703,1,0,100,0,1,0,1,1,0,0, 
2025,21,PUNO,01,PUNO,07,COATA,37825,07,07,1,2,210141004,47.2664,1,,1,1,2,1,PAPA NATIVA,2615,1,0,100,0,1,0,1,1,0,0, 
2025,21,PUNO,01,PUNO,07,COATA,37825,07,07,1,2,210141004,47.2664,1,,1,1,4,1,AVENA FORRAJERA,2701,1,0,500,0,1,0,1,1,0,0, 
2025,21,PUNO,01,PUNO,07,COATA,37825,07,07,1,2,210141004,47.2664,1,,1,1,7,1,CEBADA FORRAJERA,2703,1,0,100,0,1,0,1,1,0,0, 
2025,21,PUNO,01,PUNO,07,COATA,37825,07,07,1,2,210141004,47.2664,1,,1,1,2,2,QUINUA,2111,1,0,100,0,1,0,1,1,0,0, 
2025,21,PUNO,01,PUNO,07,COATA,37825,07,07,1,2,210141004,47.2664,1,,1,1,2,3,CEBADA GRANO,2104,1,0,200,0,1,0,1,1,0,0, 
2025,21,PUNO,01,PUNO,07,COATA,37825,08,08,1,2,210141004,19.58226,1,,1,1,10,1,CEBADA FORRAJERA,2703,1,0,500,0,1,0,1,1,0,0, 
2025,21,PUNO,01,PUNO,07,COATA,37825,08,08,1,2,210141004,19.58226,1,,1,1,1,1,AVENA FORRAJERA,2701,1,0,600,0,1,0,1,1,0,0, 
2025,21,PUNO,01,PUNO,07,COATA,37825,08,08,1,2,210141004,19.58226,1,,1,1,7,1,OCA,2608,1,0,010,0,1,0,0,1,0,0, 
2025,21,PUNO,01,PUNO,07,COATA,37825,08,08,1,2,210141004,19.58226,1,,1,1,9,1,PAPA NATIVA,2615,1,0,010,0,1,0,1,1,0,0, 
2025,21,PUNO,01,PUNO,07,COATA,37825,08,08,1,2,210141004,19.58226,1,,1,1,2,1,AVENA FORRAJERA,2701,1,0,020,0,1,0,1,1,0,0, 
2025,21,PUNO,01,PUNO,07,COATA,37825,08,08,1,2,210141004,19.58226,1,,1,1,3,1,QUINUA,2111,1,0,020,0,1,0,1,1,0,0, 
2025,21,PUNO,01,PUNO,07,COATA,37825,08,08,1,2,210141004,19.58226,1,,1,1,8,1,QUINUA,2111,1,0,010,0,1,0,1,1,0,0, 
2025,21,PUNO,01,PUNO,07,COATA,37825,08,08,1,2,210141004,19.58226,1,,1,1,5,1,CEBADA GRANO,2104,1,0,020,0,1,0,1,1,0,0, 
2025,21,PUNO,01,PUNO,07,COATA,37825,08,08,1,2,210141004,19.58226,1,,1,1,6,1,PAPA NATIVA,2615,1,0,010,0,1,0,1,1,0,0, 
2025,21,PUNO,01,PUNO,07,COATA,37827,04,04,1,2,210141003,747.7923,1,,1,1,6,1,HABA,2942,1,0,250,0,1,0,1,0,0,0, 
2025,21,PUNO,01,PUNO,07,COATA,37827,04,04,1,2,210141003,747.7923,1,,1,1,9,1,PAPA NATIVA,2615,1,0,030,0,1,0,0,0,0,0, 
2025,21,PUNO,01,PUNO,07,COATA,37827,05,05,1,2,210141003,443.5139,1,,1,1,1,1,PAPA NATIVA,2615,1,0,500,0,1,0,0,0,0,0, 
2025,21,PUNO,01,PUNO,07,COATA,37827,05,05,1,2,210141003,443.5139,1,,1,1,2,1,ALFALFA,1401,3,0,250,0,1,0,0,0,0,0, 
2025,21,PUNO,01,PUNO,08,HUATA,37829,01,01,1,2,210142004,5.253834,1,,1,1,6,1,AVENA FORRAJERA,2701,1,0,010,0,1,0,1,1,0,0, 
2025,21,PUNO,01,PUNO,08,HUATA,37829,01,01,1,2,210142004,5.253834,1,,1,1,3,1,AVENA FORRAJERA,2701,1,0,010,0,1,0,1,1,0,0, 
2025,21,PUNO,01,PUNO,08,HUATA,37829,01,01,1,2,210142004,5.253834,1,,1,1,15,1,AVENA FORRAJERA,2701,1,0,020,0,1,0,1,1,0,0, 
2025,21,PUNO,01,PUNO,08,HUATA,37829,01,01,1,2,210142004,5.253834,1,,1,1,4,1,AVENA FORRAJERA,2701,1,0,010,0,1,0,1,1,0,0, 
2025,21,PUNO,01,PUNO,08,HUATA,37829,01,01,1,2,210142004,5.253834,1,,1,1,5,1,AVENA FORRAJERA,2701,1,0,010,0,1,0,1,1,0,0, 
2025,21,PUNO,01,PUNO,08,HUATA,37829,01,01,1,2,210142004,5.253834,1,,1,1,8,1,AVENA FORRAJERA,2701,1,0,010,0,1,0,1,1,0,0, 
2025,21,PUNO,01,PUNO,08,HUATA,37829,01,01,1,2,210142004,5.253834,1,,1,1,14,1,AVENA FORRAJERA,2701,1,0,020,0,1,0,1,1,0,0, 
2025,21,PUNO,01,PUNO,08,HUATA,37829,01,01,1,2,210142004,5.253834,1,,1,1,7,1,AVENA FORRAJERA,2701,1,0,010,0,1,0,1,1,0,0, 
2025,21,PUNO,01,PUNO,08,HUATA,37829,01,01,1,2,210142004,5.253834,1,,1,1,18,1,PAPA NATIVA,2615,1,0,020,0,1,0,1,1,0,0, 
2025,21,PUNO,01,PUNO,08,HUATA,37829,02,02,1,2,210142004,8.027483,1,,1,1,8,1,AVENA FORRAJERA,2701,1,1,000,0,1,0,0,0,0,0, 
2025,21,PUNO,01,PUNO,08,HUATA,37829,02,02,1,2,210142004,8.027483,1,,1,1,6,1,AVENA FORRAJERA,2701,1,1,000,0,1,0,0,0,0,0, 
2025,21,PUNO,01,PUNO,08,HUATA,37829,02,02,1,2,210142004,8.027483,1,,1,1,7,1,AVENA FORRAJERA,2701,1,1,000,0,1,0,0,0,0,0, 
2025,21,PUNO,01,PUNO,08,HUATA,37829,02,02,1,2,210142004,8.027483,1,,1,1,2,1,QUINUA,2111,1,0,125,0,1,0,0,0,0,0, 
2025,21,PUNO,01,PUNO,08,HUATA,37829,02,02,1,2,210142004,8.027483,1,,1,1,5,1,AVENA FORRAJERA,2701,1,1,000,0,1,0,0,0,0,0, 
2025,21,PUNO,01,PUNO,08,HUATA,37829,02,02,1,2,210142004,8.027483,1,,1,1,9,1,AVENA FORRAJERA,2701,1,0,500,0,1,0,0,0,0,0, 
2025,21,PUNO,01,PUNO,08,HUATA,37829,02,02,1,2,210142004,8.027483,1,,1,1,4,1,AVENA FORRAJERA,2701,1,1,000,0,1,0,0,0,0,0, 
2025,21,PUNO,01,PUNO,08,HUATA,37829,03,03,1,2,210142004,12.38802,1,,1,1,2,1,AVENA FORRAJERA,2701,1,0,250,0,1,0,0,0,0,0, 
2025,21,PUNO,01,PUNO,08,HUATA,37829,05,05,1,2,210142004,9.301083,1,,1,1,3,1,AVENA FORRAJERA,2701,1,0,500,0,1,0,1,1,0,0, 
2025,21,PUNO,01,PUNO,08,HUATA,37829,05,05,1,2,210142004,9.301083,1,,1,1,5,1,PAPA NATIVA,2615,1,0,180,0,1,0,1,1,0,0, 
2025,21,PUNO,01,PUNO,08,HUATA,37829,05,05,1,2,210142004,9.301083,1,,1,1,6,1,HABA,2942,1,0,060,0,1,0,1,1,0,0, 
2025,21,PUNO,01,PUNO,08,HUATA,37829,05,05,1,2,210142004,9.301083,1,,1,1,7,1,QUINUA,2111,1,0,500,0,1,0,1,1,0,0, 
2025,21,PUNO,01,PUNO,08,HUATA,37829,05,05,1,2,210142004,9.301083,1,,1,1,2,1,AVENA FORRAJERA,2701,1,0,500,0,1,0,1,1,0,0, 
2025,21,PUNO,01,PUNO,08,HUATA,37829,05,05,1,2,210142004,9.301083,1,,1,1,4,1,CEBADA GRANO,2104,1,0,100,0,1,0,1,1,0,0, 
2025,21,PUNO,01,PUNO,08,HUATA,37829,05,05,1,2,210142004,9.301083,1,,1,1,7,2,PAPA NATIVA,2615,1,0,500,0,1,0,1,1,0,0, 
2025,21,PUNO,01,PUNO,08,HUATA,37829,05,05,1,2,210142004,9.301083,1,,1,1,7,3,AVENA FORRAJERA,2701,1,0,200,0,1,0,1,1,0,0, 
2025,21,PUNO,01,PUNO,08,HUATA,37829,08,08,1,2,210142004,10.4775,1,,1,1,4,1,AVENA FORRAJERA,2701,1,0,500,0,1,0,0,0,0,0, 
2025,21,PUNO,01,PUNO,08,HUATA,37829,08,08,1,2,210142004,10.4775,1,,1,1,5,1,AVENA FORRAJERA,2701,1,0,500,0,1,0,0,0,0,0, 
2025,21,PUNO,01,PUNO,08,HUATA,37829,08,08,1,2,210142004,10.4775,1,,1,1,3,1,CEBADA FORRAJERA,2703,1,0,500,0,1,0,0,0,0,0, 
2025,21,PUNO,01,PUNO,08,HUATA,37829,08,08,1,2,210142004,10.4775,1,,1,1,2,1,PAPA NATIVA,2615,1,0,200,0,1,0,0,0,0,0, 
2025,21,PUNO,01,PUNO,08,HUATA,37829,08,08,1,2,210142004,10.4775,1,,1,1,2,2,AVENA FORRAJERA,2701,1,0,200,0,1,0,0,0,0,0, 
2025,21,PUNO,01,PUNO,08,HUATA,37829,08,08,1,2,210142004,10.4775,1,,1,1,2,3,QUINUA,2111,1,0,100,0,1,0,0,0,0,0, 
2025,21,PUNO,01,PUNO,08,HUATA,37829,09,09,1,2,210142004,9.867033,1,,1,1,12,1,AVENA FORRAJERA,2701,1,0,200,0,1,0,0,0,0,0, 
2025,21,PUNO,01,PUNO,08,HUATA,37829,09,09,1,2,210142004,9.867033,1,,1,1,4,1,AVENA FORRAJERA,2701,1,0,600,0,1,0,0,0,0,0, 
2025,21,PUNO,01,PUNO,08,HUATA,37829,09,09,1,2,210142004,9.867033,1,,1,1,7,1,AVENA FORRAJERA,2701,1,0,600,0,1,0,0,0,0,0, 
2025,21,PUNO,01,PUNO,08,HUATA,37829,09,09,1,2,210142004,9.867033,1,,1,1,14,1,AVENA FORRAJERA,2701,1,0,200,0,1,0,0,0,0,0, 
2025,21,PUNO,01,PUNO,08,HUATA,37829,09,09,1,2,210142004,9.867033,1,,1,1,2,1,AVENA FORRAJERA,2701,1,0,200,0,1,0,0,0,0,0, 
2025,21,PUNO,01,PUNO,08,HUATA,37829,09,09,1,2,210142004,9.867033,1,,1,1,3,1,AVENA FORRAJERA,2701,1,0,200,0,1,0,0,0,0,0, 
2025,21,PUNO,01,PUNO,08,HUATA,37829,09,09,1,2,210142004,9.867033,1,,1,1,11,1,AVENA FORRAJERA,2701,1,0,200,0,1,0,0,0,0,0, 
2025,21,PUNO,01,PUNO,08,HUATA,37829,09,09,1,2,210142004,9.867033,1,,1,1,5,1,AVENA FORRAJERA,2701,1,0,500,0,1,0,0,0,0,0, 
2025,21,PUNO,01,PUNO,08,HUATA,37829,09,09,1,2,210142004,9.867033,1,,1,1,26,1,QUINUA,2111,1,0,040,0,0,0,0,1,0,0, 
2025,21,PUNO,01,PUNO,08,HUATA,37829,09,09,1,2,210142004,9.867033,1,,1,1,10,1,AVENA FORRAJERA,2701,1,0,200,0,1,0,0,0,0,0, 
2025,21,PUNO,01,PUNO,08,HUATA,37829,09,09,1,2,210142004,9.867033,1,,1,1,13,1,AVENA FORRAJERA,2701,1,0,200,0,1,0,0,0,0,0, 
2025,21,PUNO,01,PUNO,08,HUATA,37829,09,09,1,2,210142004,9.867033,1,,1,1,6,1,AVENA FORRAJERA,2701,1,0,500,0,1,0,0,0,0,0, 
2025,21,PUNO,01,PUNO,08,HUATA,37835,01,01,1,2,210143003,81.66579,1,,1,1,1,1,QUINUA,2111,1,0,250,0,0,0,1,1,0,0, 
2025,21,PUNO,01,PUNO,08,HUATA,37835,01,01,1,2,210143003,81.66579,1,,1,1,1,2,CAÑIHUA,2103,1,0,250,0,0,0,1,1,0,0, 
2025,21,PUNO,01,PUNO,08,HUATA,37839,03,03,1,2,210142003,11.94101,1,,1,1,1,1,PAPA NATIVA,2615,1,0,006,0,0,0,1,1,0,0, 
2025,21,PUNO,01,PUNO,09,MAÑAZO,37840,01,01,1,2,210143002,35.18502,1,,1,1,2,1,PAPA NATIVA,2615,1,0,070,0,0,0,1,1,0,0, 
2025,21,PUNO,01,PUNO,09,MAÑAZO,37840,01,01,1,2,210143002,35.18502,1,,1,1,2,2,QUINUA,2111,1,0,100,0,0,0,1,1,0,0, 
2025,21,PUNO,01,PUNO,09,MAÑAZO,37840,02,02,1,2,210143002,53.0449,1,,1,1,13,1,CAÑIHUA,2103,1,0,140,0,1,0,0,0,0,0, 
2025,21,PUNO,01,PUNO,09,MAÑAZO,37840,02,02,1,2,210143002,53.0449,1,,1,1,5,1,OCA,2608,1,0,046,0,0,0,1,0,0,0, 
2025,21,PUNO,01,PUNO,09,MAÑAZO,37840,02,02,1,2,210143002,53.0449,1,,1,1,3,1,OCA,2608,1,0,010,0,0,1,0,0,0,0, 
2025,21,PUNO,01,PUNO,09,MAÑAZO,37840,02,02,1,2,210143002,53.0449,1,,1,1,4,1,MASHUA,2606,1,0,030,0,0,0,1,0,0,0, 
2025,21,PUNO,01,PUNO,09,MAÑAZO,37840,02,02,1,2,210143002,53.0449,1,,1,1,7,1,CAÑIHUA,2103,1,0,070,0,0,0,1,1,0,0, 
2025,21,PUNO,01,PUNO,09,MAÑAZO,37840,03,03,1,2,210143002,8.930909,1,,1,1,4,1,QUINUA,2111,1,0,350,0,0,0,1,1,0,0, 
2025,21,PUNO,01,PUNO,09,MAÑAZO,37841,01,01,1,2,210142003,72.36484,1,,1,1,1,1,QUINUA,2111,1,0,200,0,1,0,1,1,0,0, 
2025,21,PUNO,01,PUNO,09,MAÑAZO,37841,02,02,1,2,210142003,90.78113,1,,1,1,1,1,PAPA NATIVA,2615,1,0,200,0,0,1,1,1,0,0, 
2025,21,PUNO,01,PUNO,09,MAÑAZO,37841,02,02,1,2,210142003,90.78113,1,,1,1,2,1,QUINUA,2111,1,0,200,0,1,0,1,1,0,0, 
2025,21,PUNO,01,PUNO,09,MAÑAZO,37841,02,02,1,2,210142003,90.78113,1,,1,1,2,2,CAÑIHUA,2103,1,0,200,0,1,0,1,1,0,0, 
2025,21,PUNO,01,PUNO,09,MAÑAZO,37841,03,03,1,2,210142003,.0009675,1,,1,1,1,1,AVENA FORRAJERA,2701,1,0,500,0,1,0,1,1,0,0, 
2025,21,PUNO,01,PUNO,09,MAÑAZO,37841,03,03,1,2,210142003,.0009675,1,,1,1,2,1,CAÑIHUA,2103,1,0,050,0,1,1,1,1,0,0, 
2025,21,PUNO,01,PUNO,09,MAÑAZO,37841,03,03,1,2,210142003,.0009675,1,,1,1,1,2,QUINUA,2111,1,0,200,0,1,0,1,1,0,0, 
2025,21,PUNO,01,PUNO,09,MAÑAZO,37844,02,02,1,2,210153002,1.141338,1,,1,1,6,1,HABA,2942,1,0,800,0,1,0,1,1,0,0, 
2025,21,PUNO,01,PUNO,09,MAÑAZO,37844,02,02,1,2,210153002,1.141338,1,,1,1,2,1,PAPA NATIVA,2615,1,0,140,0,0,0,1,1,0,0, 
2025,21,PUNO,01,PUNO,10,PAUCARCOLLA,37845,01,01,1,2,210142003,1.452072,1,,1,1,4,1,HABA,2942,1,0,050,0,0,0,1,0,0,0, 
2025,21,PUNO,01,PUNO,10,PAUCARCOLLA,37845,05,05,1,2,210142003,165.5497,1,,1,1,3,1,CAÑIHUA,2103,1,0,020,0,0,1,0,0,0,0, 
2025,21,PUNO,01,PUNO,10,PAUCARCOLLA,37845,06,06,1,2,210142003,273.5319,1,,1,0,1,1,QUINUA,2111,1,1,000,0,0,0,1,0,0,0, 
2025,21,PUNO,01,PUNO,10,PAUCARCOLLA,37845,07,07,1,2,210142003,86.8326,1,,1,1,1,1,HABA,2942,1,0,050,0,0,0,1,0,0,0, 
2025,21,PUNO,01,PUNO,10,PAUCARCOLLA,37846,02,02,1,2,210142003,131.5227,1,,1,0,1,1,HABA,2942,1,0,100,0,0,0,1,0,0,0, 
2025,21,PUNO,01,PUNO,10,PAUCARCOLLA,37846,03,03,1,2,210142003,254.4845,1,,1,1,1,1,HABA,2942,1,0,050,0,0,0,1,0,0,0, 
2025,21,PUNO,01,PUNO,10,PAUCARCOLLA,37847,03,03,1,2,210142002,18.81384,1,,1,1,4,1,AVENA FORRAJERA,2701,1,0,250,0,1,0,0,0,0,0, 
2025,21,PUNO,01,PUNO,11,PICHACANI,37850,03,03,1,2,210143003,34.51571,1,,1,1,2,1,QUINUA,2111,1,0,100,0,0,0,1,0,0,0, 
2025,21,PUNO,01,PUNO,11,PICHACANI,37850,04,04,1,2,210143003,33.759,1,,1,1,2,1,CAÑIHUA,2103,1,0,100,0,0,0,1,1,0,0, 
2025,21,PUNO,01,PUNO,11,PICHACANI,37850,04,04,1,2,210143003,33.759,1,,1,1,2,2,QUINUA,2111,1,0,100,0,0,0,1,1,0,0, 
2025,21,PUNO,01,PUNO,11,PICHACANI,37850,07,07,1,2,210143003,9.443736,1,,1,1,2,1,QUINUA,2111,1,0,200,0,1,1,1,0,0,0, 
2025,21,PUNO,01,PUNO,11,PICHACANI,37850,08,08,1,2,210143003,33.87932,1,,1,1,2,1,QUINUA,2111,1,0,200,0,0,0,1,1,0,0, 
2025,21,PUNO,01,PUNO,12,PLATERIA,37852,01,01,1,2,210143003,33.40217,1,,1,1,2,1,PAPA NATIVA,2615,1,0,030,0,1,0,1,0,0,0, 
2025,21,PUNO,01,PUNO,12,PLATERIA,37852,01,01,1,2,210143003,33.40217,1,,1,1,1,1,PAPA AMARGA,2610,1,0,040,0,1,0,1,0,0,0, 
2025,21,PUNO,01,PUNO,12,PLATERIA,37852,02,02,1,2,210143003,385.133,1,,1,1,4,1,ALFALFA,1401,3,0,500,0,1,0,1,0,0,0, 
2025,21,PUNO,01,PUNO,12,PLATERIA,37852,02,02,1,2,210143003,385.133,1,,1,1,1,1,AVENA FORRAJERA,2701,1,0,240,0,1,0,1,0,0,0, 
2025,21,PUNO,01,PUNO,12,PLATERIA,37852,02,02,1,2,210143003,385.133,1,,1,1,1,2,CEBADA FORRAJERA,2703,1,0,240,0,1,0,1,0,0,0, 
2025,21,PUNO,01,PUNO,12,PLATERIA,37852,03,03,1,2,210143003,942.1515,1,,1,1,5,1,AVENA FORRAJERA,2701,1,0,500,0,1,0,1,0,0,0, 
2025,21,PUNO,01,PUNO,12,PLATERIA,37852,03,03,1,2,210143003,942.1515,1,,1,1,4,1,QUINUA,2111,1,0,500,0,1,0,1,0,0,0, 
2025,21,PUNO,01,PUNO,12,PLATERIA,37852,03,03,1,2,210143003,942.1515,1,,1,1,5,2,CEBADA FORRAJERA,2703,1,0,500,0,1,0,1,0,0,0, 
2025,21,PUNO,01,PUNO,12,PLATERIA,37854,02,02,1,2,210143003,11.14656,1,,1,1,6,1,AVENA FORRAJERA,2701,1,0,250,0,1,0,0,1,0,0, 
2025,21,PUNO,01,PUNO,12,PLATERIA,37854,02,02,1,2,210143003,11.14656,1,,1,1,5,1,PAPA NATIVA,2615,1,0,250,0,1,0,0,1,0,0, 
2025,21,PUNO,01,PUNO,12,PLATERIA,37854,02,02,1,2,210143003,11.14656,1,,1,1,8,1,QUINUA,2111,1,0,250,0,1,0,0,1,0,0, 
2025,21,PUNO,01,PUNO,12,PLATERIA,37854,02,02,1,2,210143003,11.14656,1,,1,1,2,1,PAPA NATIVA,2615,1,0,250,0,1,0,0,1,0,0, 
2025,21,PUNO,01,PUNO,12,PLATERIA,37854,02,02,1,2,210143003,11.14656,1,,1,1,3,1,QUINUA,2111,1,0,500,0,1,0,0,1,0,0, 
2025,21,PUNO,01,PUNO,12,PLATERIA,37854,02,02,1,2,210143003,11.14656,1,,1,1,7,1,CEBADA GRANO,2104,1,0,250,0,1,0,0,1,0,0, 
2025,21,PUNO,01,PUNO,12,PLATERIA,37854,02,02,1,2,210143003,11.14656,1,,1,1,2,2,AVENA FORRAJERA,2701,1,0,750,0,1,0,0,1,0,0, 
2025,21,PUNO,01,PUNO,12,PLATERIA,37854,03,03,1,2,210143003,58.20669,1,,1,1,9,1,QUINUA,2111,1,0,030,0,1,0,1,1,0,0, 
2025,21,PUNO,01,PUNO,12,PLATERIA,37854,03,03,1,2,210143003,58.20669,1,,1,1,6,1,PAPA NATIVA,2615,1,0,020,0,1,0,1,1,0,0, 
2025,21,PUNO,01,PUNO,12,PLATERIA,37854,03,03,1,2,210143003,58.20669,1,,1,1,7,1,QUINUA,2111,1,0,030,0,1,0,1,1,0,0, 
2025,21,PUNO,01,PUNO,12,PLATERIA,37854,03,03,1,2,210143003,58.20669,1,,1,1,8,1,QUINUA,2111,1,0,030,0,1,0,1,1,0,0, 
2025,21,PUNO,01,PUNO,12,PLATERIA,37854,06,06,1,2,210143003,4.23102,1,,1,1,2,1,CEBADA FORRAJERA,2703,1,0,250,0,1,0,0,1,0,0, 
2025,21,PUNO,01,PUNO,12,PLATERIA,37854,06,06,1,2,210143003,4.23102,1,,1,1,4,1,CEBADA FORRAJERA,2703,1,0,250,0,1,0,0,1,0,0, 
2025,21,PUNO,01,PUNO,12,PLATERIA,37854,06,06,1,2,210143003,4.23102,1,,1,1,3,1,CEBADA FORRAJERA,2703,1,0,250,0,1,0,0,1,0,0, 
2025,21,PUNO,01,PUNO,12,PLATERIA,37854,06,06,1,2,210143003,4.23102,1,,1,1,5,1,CEBADA FORRAJERA,2703,1,0,250,0,1,0,0,1,0,0, 
2025,21,PUNO,01,PUNO,12,PLATERIA,37854,07,07,1,2,210143003,14.05402,1,,1,1,3,1,PAPA NATIVA,2615,1,0,020,0,1,0,0,1,0,0, 
2025,21,PUNO,01,PUNO,12,PLATERIA,37854,07,07,1,2,210143003,14.05402,1,,1,1,5,1,PAPA NATIVA,2615,1,0,020,0,1,0,0,1,0,0, 
2025,21,PUNO,01,PUNO,12,PLATERIA,37854,07,07,1,2,210143003,14.05402,1,,1,1,6,1,AVENA FORRAJERA,2701,1,0,020,0,1,0,0,1,0,0, 
2025,21,PUNO,01,PUNO,12,PLATERIA,37854,07,07,1,2,210143003,14.05402,1,,1,1,4,1,PAPA NATIVA,2615,1,0,020,0,1,0,0,1,0,0, 
2025,21,PUNO,01,PUNO,14,TIQUILLACA,37857,01,01,1,2,210143003,105.0539,1,,1,1,2,1,PAPA NATIVA,2615,1,0,300,0,0,0,1,1,0,0, 
2025,21,PUNO,01,PUNO,14,TIQUILLACA,37857,01,01,1,2,210143003,105.0539,1,,1,1,1,1,QUINUA,2111,1,0,100,0,0,0,1,1,0,0, 
2025,21,PUNO,01,PUNO,14,TIQUILLACA,37857,04,04,1,2,210143003,1470.528,1,,1,1,4,1,QUINUA,2111,1,0,500,0,0,0,1,1,0,0, 
2025,21,PUNO,01,PUNO,15,VILQUE,37858,03,03,1,2,210142004,33.18431,1,,1,1,3,1,CAÑIHUA,2103,1,0,500,0,0,1,1,0,0,0, 
2025,21,PUNO,01,PUNO,15,VILQUE,37858,03,03,1,2,210142004,33.18431,1,,1,1,1,1,CAÑIHUA,2103,1,0,730,0,0,1,1,0,0,0, 
2025,21,PUNO,01,PUNO,15,VILQUE,37860,01,01,1,2,210143002,312.304,1,,1,1,1,1,AVENA FORRAJERA,2701,1,0,310,0,1,0,0,0,0,0, 
2025,21,PUNO,01,PUNO,15,VILQUE,37860,02,02,1,2,210143002,4.397727,1,,1,1,2,1,AVENA FORRAJERA,2701,1,0,100,0,1,0,1,0,0,0, 
2025,21,PUNO,01,PUNO,15,VILQUE,37860,03,03,1,2,210143002,51.05851,1,,1,0,2,1,AVENA FORRAJERA,2701,1,0,100,0,1,0,1,0,0,0, 
2025,21,PUNO,01,PUNO,15,VILQUE,37861,01,01,1,2,210143004,140.77,1,,1,1,1,1,QUINUA,2111,1,1,000,0,1,0,0,0,0,0, 
2025,21,PUNO,01,PUNO,15,VILQUE,37861,01,01,1,2,210143004,140.77,1,,1,1,2,1,CAÑIHUA,2103,1,0,350,0,1,0,0,0,0,0, 
2025,21,PUNO,01,PUNO,15,VILQUE,37861,01,01,1,2,210143004,140.77,1,,1,1,1,2,CAÑIHUA,2103,1,1,150,0,1,0,0,0,0,0, 
2025,21,PUNO,01,PUNO,15,VILQUE,37861,02,02,1,2,210143004,29.51354,1,,1,1,1,1,ALFALFA,1401,3,4,633,0,1,0,0,0,0,0, 
2025,21,PUNO,01,PUNO,15,VILQUE,37861,04,04,1,2,210143004,52.51003,1,,1,1,2,1,QUINUA,2111,1,0,200,0,1,0,0,0,0,0, 
2025,21,PUNO,01,PUNO,15,VILQUE,37861,04,04,1,2,210143004,52.51003,1,,1,1,4,1,AVENA FORRAJERA,2701,1,2,000,0,1,0,0,0,0,0, 
2025,21,PUNO,01,PUNO,15,VILQUE,37861,04,04,1,2,210143004,52.51003,1,,1,1,1,1,QUINUA,2111,1,0,100,0,1,0,0,0,0,0, 
2025,21,PUNO,01,PUNO,15,VILQUE,37861,04,04,1,2,210143004,52.51003,1,,1,1,2,2,CAÑIHUA,2103,1,0,100,0,1,0,0,0,0,0, 
2025,21,PUNO,01,PUNO,15,VILQUE,37861,04,04,1,2,210143004,52.51003,1,,1,1,1,2,CAÑIHUA,2103,1,0,500,0,1,0,0,0,0,0, 
2025,21,PUNO,01,PUNO,15,VILQUE,37861,04,04,1,2,210143004,52.51003,1,,1,1,1,3,PAPA AMARGA,2610,1,0,050,0,1,0,0,0,0,0, 
2025,21,PUNO,01,PUNO,15,VILQUE,37861,04,04,1,2,210143004,52.51003,1,,1,1,2,3,AVENA FORRAJERA,2701,1,0,950,0,1,0,0,0,0,0, 
2025,21,PUNO,01,PUNO,15,VILQUE,37861,04,04,1,2,210143004,52.51003,1,,1,1,2,4,PAPA NATIVA,2615,1,0,300,0,1,0,0,0,0,0, 
2025,21,PUNO,01,PUNO,15,VILQUE,37861,04,04,1,2,210143004,52.51003,1,,1,1,2,5,PAPA AMARGA,2610,1,0,200,0,1,0,0,0,0,0, 
2025,21,PUNO,02,AZANGARO,01,AZANGARO,37862,01,01,1,2,210242002,962.5247,1,,1,1,1,1,ALFALFA,1401,3,0,050,0,1,0,0,0,0,0, 
2025,21,PUNO,02,AZANGARO,01,AZANGARO,37862,01,01,1,2,210242002,962.5247,1,,1,1,4,1,AVENA FORRAJERA,2701,1,0,200,0,1,0,0,0,0,0, 
2025,21,PUNO,02,AZANGARO,01,AZANGARO,37862,01,01,1,2,210242002,962.5247,1,,1,1,3,1,PAPA NATIVA,2615,1,0,250,0,0,0,1,0,0,0, 
2025,21,PUNO,02,AZANGARO,01,AZANGARO,37862,01,01,1,2,210242002,962.5247,1,,1,1,3,2,CEBADA FORRAJERA,2703,1,0,100,0,1,0,0,0,0,0, 
2025,21,PUNO,02,AZANGARO,01,AZANGARO,37862,01,01,1,2,210242002,962.5247,1,,1,1,3,3,AVENA FORRAJERA,2701,1,0,300,0,1,0,0,0,0,0, 
2025,21,PUNO,02,AZANGARO,01,AZANGARO,37862,02,02,1,2,210242002,48.17266,1,,1,1,3,1,CEBADA FORRAJERA,2703,1,0,050,0,0,1,0,0,0,0, 
2025,21,PUNO,02,AZANGARO,01,AZANGARO,37862,03,03,1,2,210242002,1.953956,1,,1,1,2,1,ALFALFA,1401,3,0,200,0,1,0,0,0,0,0, 
2025,21,PUNO,02,AZANGARO,01,AZANGARO,37862,03,03,1,2,210242002,1.953956,1,,1,1,1,1,ALFALFA,1401,3,0,108,0,1,0,1,0,0,0, 
2025,21,PUNO,02,AZANGARO,01,AZANGARO,37862,03,03,1,2,210242002,1.953956,1,,1,1,2,2,CAÑIHUA,2103,1,0,250,0,1,0,0,0,0,0, 
2025,21,PUNO,02,AZANGARO,01,AZANGARO,37862,03,03,1,2,210242002,1.953956,1,,1,1,2,3,PAPA NATIVA,2615,1,0,108,0,1,0,1,0,0,0, 
2025,21,PUNO,02,AZANGARO,01,AZANGARO,37863,01,01,1,2,210253002,25.62362,1,,1,1,6,1,AVENA FORRAJERA,2701,1,0,200,0,1,0,0,0,0,0, 
2025,21,PUNO,02,AZANGARO,01,AZANGARO,37863,01,01,1,2,210253002,25.62362,1,,1,1,1,1,HABA,2942,1,0,004,0,1,0,0,0,0,0, 
2025,21,PUNO,02,AZANGARO,01,AZANGARO,37863,01,01,1,2,210253002,25.62362,1,,1,1,4,1,QUINUA,2111,1,0,100,0,0,0,1,0,0,0, 
2025,21,PUNO,02,AZANGARO,01,AZANGARO,37863,01,01,1,2,210253002,25.62362,1,,1,1,1,2,VAINITA,2948,1,0,050,0,1,0,0,0,0,0, 
2025,21,PUNO,02,AZANGARO,01,AZANGARO,37863,02,02,1,2,210253002,24.53734,1,,1,1,1,1,QUINUA,2111,1,0,003,0,0,0,1,0,0,0, 
2025,21,PUNO,02,AZANGARO,01,AZANGARO,37864,02,02,1,2,210241003,22.662,1,,1,1,3,1,QUINUA,2111,1,0,250,0,1,0,1,0,0,0, 
2025,21,PUNO,02,AZANGARO,01,AZANGARO,37864,03,03,1,2,210241003,938.1951,1,,1,1,1,1,PAPA NATIVA,2615,1,0,107,0,1,0,1,0,0,0, 
2025,21,PUNO,02,AZANGARO,01,AZANGARO,37864,03,03,1,2,210241003,938.1951,1,,1,1,1,2,QUINUA,2111,1,0,029,0,1,0,1,0,0,0, 
2025,21,PUNO,02,AZANGARO,01,AZANGARO,37864,04,04,1,2,210241003,5.503013,1,,1,1,6,1,PAPA NATIVA,2615,1,0,500,0,0,0,1,0,0,0, 
2025,21,PUNO,02,AZANGARO,01,AZANGARO,37865,01,01,1,2,210243003,21.77419,1,,1,1,4,1,PAPA NATIVA,2615,1,0,030,0,0,0,1,1,0,0, 
2025,21,PUNO,02,AZANGARO,01,AZANGARO,37865,01,01,1,2,210243003,21.77419,1,,1,1,3,1,AVENA FORRAJERA,2701,1,1,500,0,1,0,1,0,0,0, 
2025,21,PUNO,02,AZANGARO,01,AZANGARO,37865,01,01,1,2,210243003,21.77419,1,,1,1,3,2,PAPA NATIVA,2615,1,0,250,0,1,0,1,0,0,0, 
2025,21,PUNO,02,AZANGARO,01,AZANGARO,37865,01,01,1,2,210243003,21.77419,1,,1,1,4,2,CEBADA GRANO,2104,1,0,030,0,0,0,1,1,0,0, 
2025,21,PUNO,02,AZANGARO,01,AZANGARO,37865,01,01,1,2,210243003,21.77419,1,,1,1,4,3,HABA,2942,1,0,050,0,0,0,1,1,0,0, 
2025,21,PUNO,02,AZANGARO,01,AZANGARO,37865,01,01,1,2,210243003,21.77419,1,,1,1,3,3,CEBADA GRANO,2104,1,0,030,0,1,0,1,0,0,0, 
2025,21,PUNO,02,AZANGARO,01,AZANGARO,37865,01,01,1,2,210243003,21.77419,1,,1,1,3,4,QUINUA,2111,1,0,250,0,1,0,1,0,0,0, 
2025,21,PUNO,02,AZANGARO,01,AZANGARO,37865,02,02,1,2,210243003,339.9325,1,,1,1,3,1,PAPA NATIVA,2615,1,0,250,0,1,1,1,1,0,0, 
2025,21,PUNO,02,AZANGARO,01,AZANGARO,37865,02,02,1,2,210243003,339.9325,1,,1,1,1,1,QUINUA,2111,1,0,087,0,0,1,1,1,0,0, 
2025,21,PUNO,02,AZANGARO,01,AZANGARO,37865,02,02,1,2,210243003,339.9325,1,,1,1,2,1,PAPA NATIVA,2615,1,0,080,0,1,1,1,1,0,0, 
2025,21,PUNO,02,AZANGARO,01,AZANGARO,37865,02,02,1,2,210243003,339.9325,1,,1,1,2,2,HABA,2942,1,0,010,0,1,1,1,1,0,0, 
2025,21,PUNO,02,AZANGARO,01,AZANGARO,37865,03,03,1,2,210243003,241.779,1,,1,1,2,1,AVENA FORRAJERA,2701,1,0,100,0,1,0,1,1,0,0, 
2025,21,PUNO,02,AZANGARO,01,AZANGARO,37865,03,03,1,2,210243003,241.779,1,,1,1,2,2,PAPA NATIVA,2615,1,0,130,0,1,1,1,1,0,0, 
2025,21,PUNO,02,AZANGARO,01,AZANGARO,37865,03,03,1,2,210243003,241.779,1,,1,1,2,3,QUINUA,2111,1,0,500,0,1,1,1,1,0,0, 
2025,21,PUNO,02,AZANGARO,01,AZANGARO,37865,04,04,1,2,210243003,3.90317,1,,1,1,2,1,AVENA FORRAJERA,2701,1,0,200,0,1,0,1,1,0,0, 
2025,21,PUNO,02,AZANGARO,01,AZANGARO,37865,04,04,1,2,210243003,3.90317,1,,1,1,2,2,PAPA NATIVA,2615,1,0,170,0,1,1,1,1,0,0, 
2025,21,PUNO,02,AZANGARO,01,AZANGARO,37865,05,05,1,2,210243003,141.6685,1,,1,1,3,1,AVENA FORRAJERA,2701,1,0,300,0,0,1,1,1,0,0, 
2025,21,PUNO,02,AZANGARO,01,AZANGARO,37865,05,05,1,2,210243003,141.6685,1,,1,1,2,1,PAPA NATIVA,2615,1,0,120,0,0,1,1,1,0,0, 
2025,21,PUNO,02,AZANGARO,01,AZANGARO,37865,05,05,1,2,210243003,141.6685,1,,1,1,4,1,PAPA NATIVA,2615,1,0,150,0,1,1,1,1,0,0, 
2025,21,PUNO,02,AZANGARO,01,AZANGARO,37865,05,05,1,2,210243003,141.6685,1,,1,1,2,2,QUINUA,2111,1,0,080,0,0,1,1,1,0,0, 
2025,21,PUNO,02,AZANGARO,01,AZANGARO,37865,05,05,1,2,210243003,141.6685,1,,1,1,2,3,CAÑIHUA,2103,1,0,060,0,0,1,1,1,0,0, 
2025,21,PUNO,02,AZANGARO,01,AZANGARO,37865,06,06,1,2,210243003,71.2187,1,,1,1,2,1,AVENA FORRAJERA,2701,1,0,100,0,1,0,1,1,0,0, 
2025,21,PUNO,02,AZANGARO,01,AZANGARO,37865,06,06,1,2,210243003,71.2187,1,,1,1,1,1,AVENA FORRAJERA,2701,1,0,075,0,0,1,1,1,0,0, 
2025,21,PUNO,02,AZANGARO,01,AZANGARO,37865,06,06,1,2,210243003,71.2187,1,,1,1,2,2,PAPA NATIVA,2615,1,0,100,0,1,1,1,1,0,0, 
2025,21,PUNO,02,AZANGARO,01,AZANGARO,37866,01,01,1,2,210242003,7.797374,1,,1,1,1,1,PAPA NATIVA,2615,1,0,675,0,1,0,1,0,0,0, 
2025,21,PUNO,02,AZANGARO,01,AZANGARO,37866,02,02,1,2,210242003,139.641,1,,1,1,1,1,PAPA NATIVA,2615,1,0,075,0,0,0,1,0,0,0, 
2025,21,PUNO,02,AZANGARO,01,AZANGARO,37866,02,02,1,2,210242003,139.641,1,,1,1,1,2,QUINUA,2111,1,0,250,0,0,0,1,0,0,0, 
2025,21,PUNO,02,AZANGARO,01,AZANGARO,37866,02,02,1,2,210242003,139.641,1,,1,1,1,3,CAÑIHUA,2103,1,0,050,0,0,0,1,0,0,0, 
2025,21,PUNO,02,AZANGARO,01,AZANGARO,37867,01,01,1,2,210241002,324.7934,1,,1,1,1,1,PAPA NATIVA,2615,1,0,052,0,0,0,1,1,0,0, 
2025,21,PUNO,02,AZANGARO,01,AZANGARO,37867,01,01,1,2,210241002,324.7934,1,,1,1,2,1,CEBADA GRANO,2104,1,0,040,0,1,0,1,1,0,0, 
2025,21,PUNO,02,AZANGARO,01,AZANGARO,37867,01,01,1,2,210241002,324.7934,1,,1,1,2,2,PAPA NATIVA,2615,1,0,060,0,1,1,1,1,0,0, 
2025,21,PUNO,02,AZANGARO,01,AZANGARO,37867,01,01,1,2,210241002,324.7934,1,,1,1,1,2,OLLUCO,2609,1,0,044,0,0,0,1,1,0,0, 
2025,21,PUNO,02,AZANGARO,01,AZANGARO,37867,01,01,1,2,210241002,324.7934,1,,1,1,2,3,HABA,2942,1,0,020,0,1,1,1,1,0,0, 
2025,21,PUNO,02,AZANGARO,01,AZANGARO,37867,01,01,1,2,210241002,324.7934,1,,1,1,2,4,QUINUA,2111,1,0,040,0,1,1,1,1,0,0, 
2025,21,PUNO,02,AZANGARO,01,AZANGARO,37867,01,01,1,2,210241002,324.7934,1,,1,1,2,5,CAÑIHUA,2103,1,0,050,0,1,1,1,1,0,0, 
2025,21,PUNO,02,AZANGARO,01,AZANGARO,37867,02,02,1,2,210241002,38.04797,1,,1,1,1,1,PAPA NATIVA,2615,1,0,104,0,0,0,1,1,0,0, 
2025,21,PUNO,02,AZANGARO,01,AZANGARO,37867,02,02,1,2,210241002,38.04797,1,,1,1,2,1,CEBADA GRANO,2104,1,0,020,0,0,0,1,1,0,0, 
2025,21,PUNO,02,AZANGARO,01,AZANGARO,37868,01,01,1,2,210242003,100.5871,1,,1,1,1,1,PAPA AMARGA,2610,1,0,100,0,1,0,1,0,0,0, 
2025,21,PUNO,02,AZANGARO,01,AZANGARO,37868,01,01,1,2,210242003,100.5871,1,,1,1,1,2,PAPA NATIVA,2615,1,0,100,0,1,0,1,0,0,0, 
2025,21,PUNO,02,AZANGARO,01,AZANGARO,37868,02,02,1,2,210242003,74.0127,1,,1,1,2,1,PAPA NATIVA,2615,1,0,400,0,1,0,1,1,0,0, 
2025,21,PUNO,02,AZANGARO,01,AZANGARO,37868,03,03,1,2,210242003,88.89316,1,,1,1,2,1,ALFALFA,1401,3,0,400,0,1,0,1,0,0,0, 
2025,21,PUNO,02,AZANGARO,01,AZANGARO,37868,03,03,1,2,210242003,88.89316,1,,1,1,2,2,QUINUA,2111,1,0,125,0,1,0,1,0,0,0, 
2025,21,PUNO,02,AZANGARO,01,AZANGARO,37870,01,01,1,2,210243004,50.30962,1,,1,1,1,1,QUINUA,2111,1,0,100,0,0,0,1,0,0,0, 
2025,21,PUNO,02,AZANGARO,01,AZANGARO,37870,02,02,1,2,210243004,3.270232,1,,1,1,2,1,QUINUA,2111,1,0,400,0,1,0,1,0,0,0, 
2025,21,PUNO,02,AZANGARO,01,AZANGARO,37870,03,03,1,2,210243004,.6584104,1,,1,1,3,1,QUINUA,2111,1,0,100,0,0,0,1,0,0,0, 
2025,21,PUNO,02,AZANGARO,01,AZANGARO,37871,01,01,1,2,210242002,82.4845,1,,1,1,3,1,PAPA NATIVA,2615,1,0,120,0,1,1,1,0,0,0, 
2025,21,PUNO,02,AZANGARO,01,AZANGARO,37871,01,01,1,2,210242002,82.4845,1,,1,1,4,1,ALFALFA,1401,3,0,250,0,1,0,0,0,0,0, 
2025,21,PUNO,02,AZANGARO,01,AZANGARO,37871,01,01,1,2,210242002,82.4845,1,,1,1,2,1,AVENA FORRAJERA,2701,1,0,200,0,1,0,1,0,0,0, 
2025,21,PUNO,02,AZANGARO,01,AZANGARO,37871,01,01,1,2,210242002,82.4845,1,,1,1,3,2,AVENA FORRAJERA,2701,1,0,250,0,1,0,0,0,0,0, 
2025,21,PUNO,02,AZANGARO,01,AZANGARO,37871,01,01,1,2,210242002,82.4845,1,,1,1,3,3,CEBADA GRANO,2104,1,0,050,0,0,1,0,0,0,0, 
2025,21,PUNO,02,AZANGARO,01,AZANGARO,37871,01,01,1,2,210242002,82.4845,1,,1,1,3,4,QUINUA,2111,1,0,170,0,1,1,1,0,0,0, 
2025,21,PUNO,02,AZANGARO,01,AZANGARO,37871,02,02,1,2,210242002,166.6077,1,,1,1,4,1,OCA,2608,1,0,040,0,1,1,1,0,0,0, 
2025,21,PUNO,02,AZANGARO,01,AZANGARO,37871,03,03,1,2,210242002,.3496254,1,,1,1,3,1,PAPA NATIVA,2615,1,0,100,0,0,0,1,0,0,0, 
2025,21,PUNO,02,AZANGARO,01,AZANGARO,37871,03,03,1,2,210242002,.3496254,1,,1,1,2,1,QUINUA,2111,1,0,100,0,0,1,0,0,0,0, 
2025,21,PUNO,02,AZANGARO,01,AZANGARO,37871,03,03,1,2,210242002,.3496254,1,,1,1,2,2,CEBADA GRANO,2104,1,0,100,0,0,1,0,0,0,0, 
2025,21,PUNO,02,AZANGARO,01,AZANGARO,37871,03,03,1,2,210242002,.3496254,1,,1,1,2,3,HABA,2942,1,0,020,0,0,1,0,0,0,0, 
2025,21,PUNO,02,AZANGARO,01,AZANGARO,37871,03,03,1,2,210242002,.3496254,1,,1,1,2,4,PAPA NATIVA,2615,1,0,150,0,0,0,1,0,0,0, 
2025,21,PUNO,02,AZANGARO,01,AZANGARO,37871,04,04,1,2,210242002,20.31697,1,,1,1,2,1,AVENA FORRAJERA,2701,1,0,170,0,1,0,1,0,0,0, 
2025,21,PUNO,02,AZANGARO,01,AZANGARO,37871,04,04,1,2,210242002,20.31697,1,,1,1,2,2,QUINUA,2111,1,0,100,0,0,1,1,0,0,0, 
2025,21,PUNO,02,AZANGARO,01,AZANGARO,37871,06,06,1,2,210242002,33.42139,1,,1,0,2,1,QUINUA,2111,1,0,030,0,0,1,1,0,0,0, 
2025,21,PUNO,02,AZANGARO,02,ACHAYA,37872,05,05,1,2,210241003,12.45219,1,,1,1,3,1,PAPA NATIVA,2615,1,0,032,0,0,0,1,1,0,0, 
2025,21,PUNO,02,AZANGARO,02,ACHAYA,37872,05,05,1,2,210241003,12.45219,1,,1,1,5,1,CAÑIHUA,2103,1,0,100,0,0,0,0,1,0,0, 
2025,21,PUNO,02,AZANGARO,02,ACHAYA,37873,03,03,1,2,210241003,3.579094,1,,1,1,3,1,PAPA NATIVA,2615,1,0,100,0,0,0,1,1,0,0, 
2025,21,PUNO,02,AZANGARO,02,ACHAYA,37873,04,04,1,2,210241003,4.920818,1,,1,1,2,1,HABA,2942,1,0,040,0,0,0,1,1,0,0, 
2025,21,PUNO,02,AZANGARO,02,ACHAYA,37873,04,04,1,2,210241003,4.920818,1,,1,1,2,2,CAÑIHUA,2103,1,0,040,0,0,0,1,1,0,0, 
2025,21,PUNO,02,AZANGARO,02,ACHAYA,37873,05,05,1,2,210241003,15.18345,1,,1,1,2,1,CAÑIHUA,2103,1,0,100,0,0,0,1,1,0,0, 
2025,21,PUNO,02,AZANGARO,02,ACHAYA,37873,05,05,1,2,210241003,15.18345,1,,1,1,2,2,QUINUA,2111,1,0,100,0,0,0,1,1,0,0, 
2025,21,PUNO,02,AZANGARO,02,ACHAYA,37875,01,01,1,2,210241003,27.11056,1,,1,1,2,1,PAPA NATIVA,2615,1,0,100,0,1,0,0,0,0,0, 
2025,21,PUNO,02,AZANGARO,02,ACHAYA,37875,01,01,1,2,210241003,27.11056,1,,1,1,3,1,QUINUA,2111,1,0,300,0,0,1,0,1,0,0, 
2025,21,PUNO,02,AZANGARO,02,ACHAYA,37875,02,02,1,2,210241003,1.616036,1,,1,1,3,1,PAPA NATIVA,2615,1,0,100,0,1,0,0,0,0,0, 
2025,21,PUNO,02,AZANGARO,02,ACHAYA,37875,02,02,1,2,210241003,1.616036,1,,1,1,6,1,QUINUA,2111,1,0,100,0,1,0,0,0,0,0, 
2025,21,PUNO,02,AZANGARO,02,ACHAYA,37875,02,02,1,2,210241003,1.616036,1,,1,1,6,2,TRIGO,2113,1,0,097,0,1,0,0,0,0,0, 
2025,21,PUNO,02,AZANGARO,02,ACHAYA,37875,02,02,1,2,210241003,1.616036,1,,1,1,3,2,QUINUA,2111,1,0,100,0,1,0,0,0,0,0, 
2025,21,PUNO,02,AZANGARO,02,ACHAYA,37876,01,01,1,2,210241003,5.003736,1,,1,1,2,1,PAPA NATIVA,2615,1,0,150,0,0,1,1,1,0,0, 
2025,21,PUNO,02,AZANGARO,02,ACHAYA,37876,01,01,1,2,210241003,5.003736,1,,1,1,3,1,AVENA FORRAJERA,2701,1,1,000,0,0,1,1,1,0,0, 
2025,21,PUNO,02,AZANGARO,02,ACHAYA,37876,01,01,1,2,210241003,5.003736,1,,1,1,3,2,QUINUA,2111,1,0,125,0,0,1,1,1,0,0, 
2025,21,PUNO,02,AZANGARO,02,ACHAYA,37876,01,01,1,2,210241003,5.003736,1,,1,1,3,3,CAÑIHUA,2103,1,0,125,0,0,1,1,1,0,0, 
2025,21,PUNO,02,AZANGARO,02,ACHAYA,37876,02,02,1,2,210241003,50.99002,1,,1,1,2,1,PAPA NATIVA,2615,1,0,100,0,1,1,1,1,0,0, 
2025,21,PUNO,02,AZANGARO,02,ACHAYA,37876,02,02,1,2,210241003,50.99002,1,,1,1,3,1,PAPA NATIVA,2615,1,0,200,0,1,1,1,1,0,0, 
2025,21,PUNO,02,AZANGARO,02,ACHAYA,37876,03,03,1,2,210241003,2.661518,1,,1,1,2,1,PAPA NATIVA,2615,1,0,100,0,1,1,1,1,0,0, 
2025,21,PUNO,02,AZANGARO,02,ACHAYA,37876,03,03,1,2,210241003,2.661518,1,,1,1,2,2,QUINUA,2111,1,0,100,0,1,1,1,1,0,0, 
2025,21,PUNO,02,AZANGARO,02,ACHAYA,37876,03,03,1,2,210241003,2.661518,1,,1,1,2,3,CAÑIHUA,2103,1,0,050,0,1,1,1,1,0,0, 
2025,21,PUNO,02,AZANGARO,02,ACHAYA,37878,01,01,1,2,210242003,22.42545,1,,1,1,1,1,QUINUA,2111,1,0,150,0,1,0,1,1,0,0, 
2025,21,PUNO,02,AZANGARO,02,ACHAYA,37878,01,01,1,2,210242003,22.42545,1,,1,1,2,1,QUINUA,2111,1,0,250,0,1,0,1,1,0,0, 
2025,21,PUNO,02,AZANGARO,02,ACHAYA,37878,01,01,1,2,210242003,22.42545,1,,1,1,1,2,CAÑIHUA,2103,1,0,100,0,1,0,1,1,0,0, 
2025,21,PUNO,02,AZANGARO,02,ACHAYA,37878,02,02,1,2,210242003,.318809,1,,1,1,3,1,QUINUA,2111,1,0,100,0,1,0,1,1,0,0, 
2025,21,PUNO,02,AZANGARO,02,ACHAYA,37878,02,02,1,2,210242003,.318809,1,,1,1,2,1,CAÑIHUA,2103,1,0,100,0,1,0,1,1,0,0, 
2025,21,PUNO,02,AZANGARO,02,ACHAYA,37878,02,02,1,2,210242003,.318809,1,,1,1,3,2,CAÑIHUA,2103,1,0,050,0,1,0,1,1,0,0, 
2025,21,PUNO,02,AZANGARO,02,ACHAYA,37878,02,02,1,2,210242003,.318809,1,,1,1,2,2,QUINUA,2111,1,0,200,0,1,0,1,1,0,0, 
2025,21,PUNO,02,AZANGARO,02,ACHAYA,37878,03,03,1,2,210242003,4.075089,1,,1,0,1,1,PAPA NATIVA,2615,1,0,400,0,1,0,1,1,0,0, 
2025,21,PUNO,02,AZANGARO,02,ACHAYA,37878,03,03,1,2,210242003,4.075089,1,,1,0,2,1,QUINUA,2111,1,0,200,0,1,0,1,1,0,0, 
2025,21,PUNO,02,AZANGARO,02,ACHAYA,37878,04,04,1,2,210242003,1.204366,1,,1,0,1,1,QUINUA,2111,1,0,400,0,1,0,1,1,0,0, 
2025,21,PUNO,02,AZANGARO,02,ACHAYA,37878,04,04,1,2,210242003,1.204366,1,,1,0,2,1,PAPA NATIVA,2615,1,0,050,0,0,0,1,1,0,0, 
2025,21,PUNO,02,AZANGARO,02,ACHAYA,37878,05,05,1,2,210242003,1.323147,1,,1,1,3,1,CEBADA GRANO,2104,1,0,100,0,0,0,1,1,0,0, 
2025,21,PUNO,02,AZANGARO,02,ACHAYA,37878,05,05,1,2,210242003,1.323147,1,,1,1,3,2,OCA,2608,1,0,010,0,0,0,1,1,0,0, 
2025,21,PUNO,02,AZANGARO,02,ACHAYA,37878,05,05,1,2,210242003,1.323147,1,,1,1,3,3,QUINUA,2111,1,0,150,0,0,0,1,1,0,0, 
2025,21,PUNO,02,AZANGARO,02,ACHAYA,37879,01,01,1,2,210242003,17.62021,1,,1,1,2,1,QUINUA,2111,1,0,060,0,0,0,1,1,0,0, 
2025,21,PUNO,02,AZANGARO,02,ACHAYA,37879,01,01,1,2,210242003,17.62021,1,,1,1,2,2,PAPA NATIVA,2615,1,0,040,0,1,1,1,1,0,0, 
2025,21,PUNO,02,AZANGARO,02,ACHAYA,37879,02,02,1,2,210242003,57.57416,1,,1,1,2,1,QUINUA,2111,1,0,100,0,1,1,1,1,0,0, 
2025,21,PUNO,02,AZANGARO,02,ACHAYA,37879,03,03,1,2,210242003,7.677295,1,,1,1,2,1,PAPA NATIVA,2615,1,0,020,0,1,1,1,1,0,0, 
2025,21,PUNO,02,AZANGARO,02,ACHAYA,37879,03,03,1,2,210242003,7.677295,1,,1,1,2,2,QUINUA,2111,1,0,030,0,1,1,1,0,0,0, 
2025,21,PUNO,02,AZANGARO,02,ACHAYA,37880,01,01,1,2,210241003,10.22426,1,,1,1,3,1,QUINUA,2111,1,0,200,0,0,1,1,0,0,0, 
2025,21,PUNO,02,AZANGARO,02,ACHAYA,37880,01,01,1,2,210241003,10.22426,1,,1,1,4,1,CAÑIHUA,2103,1,0,100,0,0,1,1,0,0,0, 
2025,21,PUNO,02,AZANGARO,02,ACHAYA,37880,01,01,1,2,210241003,10.22426,1,,1,1,3,2,PAPA NATIVA,2615,1,0,200,0,0,1,1,1,0,0, 
2025,21,PUNO,02,AZANGARO,02,ACHAYA,37880,02,02,1,2,210241003,5.640022,1,,1,1,3,1,ALFALFA,1401,3,1,000,0,1,0,0,0,0,0, 
2025,21,PUNO,02,AZANGARO,02,ACHAYA,37880,02,02,1,2,210241003,5.640022,1,,1,1,6,1,AVENA FORRAJERA,2701,1,3,000,0,1,0,0,0,0,0, 
2025,21,PUNO,02,AZANGARO,02,ACHAYA,37880,02,02,1,2,210241003,5.640022,1,,1,1,5,1,AVENA FORRAJERA,2701,1,2,000,0,1,0,0,0,0,0, 
2025,21,PUNO,02,AZANGARO,02,ACHAYA,37880,02,02,1,2,210241003,5.640022,1,,1,1,6,2,AVENA GRANO,2102,1,1,000,0,1,0,0,0,0,0, 
2025,21,PUNO,02,AZANGARO,02,ACHAYA,37880,02,02,1,2,210241003,5.640022,1,,1,1,5,2,PAPA NATIVA,2615,1,0,250,0,1,0,0,0,0,0, 
2025,21,PUNO,02,AZANGARO,02,ACHAYA,37880,02,02,1,2,210241003,5.640022,1,,1,1,5,3,QUINUA,2111,1,0,250,0,1,0,0,0,0,0, 
2025,21,PUNO,02,AZANGARO,02,ACHAYA,37880,03,03,1,2,210241003,11.58659,1,,1,1,8,1,PAPA NATIVA,2615,1,0,500,0,1,0,0,0,0,0, 
2025,21,PUNO,02,AZANGARO,02,ACHAYA,37880,03,03,1,2,210241003,11.58659,1,,1,1,6,1,QUINUA,2111,1,0,500,0,1,0,0,0,0,0, 
2025,21,PUNO,02,AZANGARO,02,ACHAYA,37880,03,03,1,2,210241003,11.58659,1,,1,1,5,1,AVENA FORRAJERA,2701,1,1,000,0,1,0,0,0,0,0, 
2025,21,PUNO,02,AZANGARO,02,ACHAYA,37880,03,03,1,2,210241003,11.58659,1,,1,1,5,2,PAPA NATIVA,2615,1,0,500,0,1,0,0,0,0,0, 
2025,21,PUNO,02,AZANGARO,02,ACHAYA,37880,03,03,1,2,210241003,11.58659,1,,1,1,8,2,AVENA FORRAJERA,2701,1,1,000,0,1,0,0,0,0,0, 
2025,21,PUNO,02,AZANGARO,02,ACHAYA,37880,03,03,1,2,210241003,11.58659,1,,1,1,5,3,QUINUA,2111,1,0,250,0,1,0,0,0,0,0, 
2025,21,PUNO,02,AZANGARO,02,ACHAYA,37880,04,04,1,2,210241003,.8391289,1,,1,1,5,1,PAPA NATIVA,2615,1,0,250,0,1,0,0,0,0,0, 
2025,21,PUNO,02,AZANGARO,02,ACHAYA,37880,04,04,1,2,210241003,.8391289,1,,1,1,4,1,AVENA FORRAJERA,2701,1,0,500,0,0,0,1,1,0,0, 
2025,21,PUNO,02,AZANGARO,02,ACHAYA,37880,04,04,1,2,210241003,.8391289,1,,1,1,6,1,CAÑIHUA,2103,1,0,100,0,0,1,1,1,0,0, 
2025,21,PUNO,02,AZANGARO,02,ACHAYA,37880,04,04,1,2,210241003,.8391289,1,,1,1,5,2,AVENA FORRAJERA,2701,1,0,500,0,1,0,0,0,0,0, 
2025,21,PUNO,02,AZANGARO,02,ACHAYA,37880,04,04,1,2,210241003,.8391289,1,,1,1,5,3,QUINUA,2111,1,0,250,0,1,0,0,0,0,0, 
2025,21,PUNO,02,AZANGARO,02,ACHAYA,37880,05,05,1,2,210241003,3.771061,1,,1,1,5,1,ALFALFA,1401,3,1,000,0,1,0,0,0,0,0, 
2025,21,PUNO,02,AZANGARO,02,ACHAYA,37880,05,05,1,2,210241003,3.771061,1,,1,1,4,1,AVENA FORRAJERA,2701,1,1,500,0,1,0,0,0,0,0, 
2025,21,PUNO,02,AZANGARO,02,ACHAYA,37880,05,05,1,2,210241003,3.771061,1,,1,1,5,2,QUINUA,2111,1,0,500,0,1,0,0,0,0,0, 
2025,21,PUNO,02,AZANGARO,02,ACHAYA,37880,05,05,1,2,210241003,3.771061,1,,1,1,4,2,PAPA NATIVA,2615,1,1,000,0,1,0,0,0,0,0, 
2025,21,PUNO,02,AZANGARO,02,ACHAYA,37880,06,06,1,2,210241003,.0099586,1,,1,1,6,1,QUINUA,2111,1,0,250,0,1,0,0,0,0,0, 
2025,21,PUNO,02,AZANGARO,02,ACHAYA,37880,06,06,1,2,210241003,.0099586,1,,1,1,6,2,AVENA FORRAJERA,2701,1,1,750,0,1,0,0,0,0,0, 
2025,21,PUNO,02,AZANGARO,02,ACHAYA,37880,07,07,1,2,210241003,1.379031,1,,1,1,4,1,ALFALFA,1401,3,0,250,0,1,0,0,0,0,0, 
2025,21,PUNO,02,AZANGARO,02,ACHAYA,37880,07,07,1,2,210241003,1.379031,1,,1,1,2,1,CEBADA FORRAJERA,2703,1,0,100,0,1,0,0,0,0,0, 
2025,21,PUNO,02,AZANGARO,02,ACHAYA,37880,07,07,1,2,210241003,1.379031,1,,1,1,6,1,QUINUA,2111,1,0,500,0,1,0,0,0,0,0, 
2025,21,PUNO,02,AZANGARO,02,ACHAYA,37880,07,07,1,2,210241003,1.379031,1,,1,1,10,1,CEBADA FORRAJERA,2703,1,1,000,0,1,0,0,0,0,0, 
2025,21,PUNO,02,AZANGARO,02,ACHAYA,37880,07,07,1,2,210241003,1.379031,1,,1,1,7,1,AVENA FORRAJERA,2701,1,1,000,0,1,0,0,0,0,0, 
2025,21,PUNO,02,AZANGARO,02,ACHAYA,37880,07,07,1,2,210241003,1.379031,1,,1,1,6,2,PAPA NATIVA,2615,1,0,500,0,1,0,0,0,0,0, 
2025,21,PUNO,02,AZANGARO,02,ACHAYA,37880,07,07,1,2,210241003,1.379031,1,,1,1,2,2,PAPA NATIVA,2615,1,0,100,0,1,0,0,0,0,0, 
2025,21,PUNO,02,AZANGARO,02,ACHAYA,37880,08,08,1,2,210241003,.024963,1,,1,1,4,1,QUINUA,2111,1,0,100,0,1,0,0,0,0,0, 
2025,21,PUNO,02,AZANGARO,03,ARAPA,37881,02,02,1,2,210241003,45.35102,1,,1,1,7,1,QUINUA,2111,1,0,025,0,1,1,0,0,0,0, 
2025,21,PUNO,02,AZANGARO,03,ARAPA,37881,02,02,1,2,210241003,45.35102,1,,1,1,5,1,PAPA NATIVA,2615,1,0,060,0,1,0,0,0,0,0, 
2025,21,PUNO,02,AZANGARO,03,ARAPA,37881,02,02,1,2,210241003,45.35102,1,,1,1,5,2,HABA,2942,1,0,040,0,1,0,0,0,0,0, 
2025,21,PUNO,02,AZANGARO,03,ARAPA,37881,02,02,1,2,210241003,45.35102,1,,1,1,7,2,HABA,2942,1,0,025,0,1,1,0,0,0,0, 
2025,21,PUNO,02,AZANGARO,03,ARAPA,37881,02,02,1,2,210241003,45.35102,1,,1,1,7,3,OCA,2608,1,0,025,0,1,0,1,0,0,0, 
2025,21,PUNO,02,AZANGARO,03,ARAPA,37881,02,02,1,2,210241003,45.35102,1,,1,1,5,3,MAIZ AMILACEO,2108,1,0,060,0,1,0,0,0,0,0, 
2025,21,PUNO,02,AZANGARO,03,ARAPA,37881,02,02,1,2,210241003,45.35102,1,,1,1,7,4,OLLUCO,2609,1,0,025,0,1,1,1,0,0,0, 
2025,21,PUNO,02,AZANGARO,03,ARAPA,37881,03,03,1,2,210241003,50.07463,1,,1,1,3,1,HABA,2942,1,0,400,0,1,0,0,0,0,0, 
2025,21,PUNO,02,AZANGARO,03,ARAPA,37881,03,03,1,2,210241003,50.07463,1,,1,1,5,1,AVENA FORRAJERA,2701,1,0,250,0,1,0,0,0,0,0, 
2025,21,PUNO,02,AZANGARO,03,ARAPA,37881,03,03,1,2,210241003,50.07463,1,,1,1,4,1,HABA,2942,1,0,400,0,1,0,0,0,0,0, 
2025,21,PUNO,02,AZANGARO,03,ARAPA,37883,01,01,1,2,210252003,84.41953,1,,1,1,1,1,HABA,2942,1,0,020,0,0,1,1,0,0,0, 
2025,21,PUNO,02,AZANGARO,03,ARAPA,37883,01,01,1,2,210252003,84.41953,1,,1,1,1,2,QUINUA,2111,1,0,018,0,0,1,1,1,0,0, 
2025,21,PUNO,02,AZANGARO,03,ARAPA,37885,03,03,1,2,210243003,428.8781,1,,1,1,5,1,PAPA NATIVA,2615,1,0,020,0,1,0,0,0,0,0, 
2025,21,PUNO,02,AZANGARO,03,ARAPA,37885,05,05,1,2,210243003,11.28696,1,,1,1,2,1,TARHUI,2947,1,0,005,0,1,0,0,0,0,0, 
2025,21,PUNO,02,AZANGARO,03,ARAPA,37886,02,02,1,2,210241002,164.5318,1,,1,1,2,1,QUINUA,2111,1,0,100,0,0,0,1,1,0,0, 
2025,21,PUNO,02,AZANGARO,03,ARAPA,37887,01,01,1,2,210241002,45.74363,1,,1,1,4,1,AVENA FORRAJERA,2701,1,0,470,0,1,0,1,0,0,0, 
2025,21,PUNO,02,AZANGARO,03,ARAPA,37887,02,02,1,2,210241002,4.05734,1,,1,1,6,1,AVENA FORRAJERA,2701,1,0,500,0,1,0,1,0,0,0, 
2025,21,PUNO,02,AZANGARO,03,ARAPA,37888,03,03,1,2,210241003,19.16261,1,,1,0,3,1,QUINUA,2111,1,0,050,0,1,0,1,1,0,0, 
2025,21,PUNO,02,AZANGARO,03,ARAPA,37888,05,05,1,2,210241003,60.28199,1,,1,1,1,1,QUINUA,2111,1,0,050,0,0,0,1,0,0,0, 
2025,21,PUNO,02,AZANGARO,03,ARAPA,37888,05,05,1,2,210241003,60.28199,1,,1,1,1,2,HABA,2942,1,0,050,0,0,0,1,0,0,0, 
2025,21,PUNO,02,AZANGARO,03,ARAPA,37888,06,06,1,2,210241003,1.32522,1,,1,0,3,1,QUINUA,2111,1,0,200,0,0,0,1,1,0,0, 
2025,21,PUNO,02,AZANGARO,04,ASILLO,37889,01,01,1,2,210241002,105.6332,1,,1,1,3,1,QUINUA,2111,1,0,250,0,0,1,1,0,0,0, 
2025,21,PUNO,02,AZANGARO,04,ASILLO,37889,02,02,1,2,210241002,73.28106,1,,1,1,3,1,AVENA FORRAJERA,2701,1,0,875,0,1,0,1,0,0,0, 
2025,21,PUNO,02,AZANGARO,04,ASILLO,37890,01,01,1,2,210241003,98.76081,1,,1,1,2,1,AVENA FORRAJERA,2701,1,0,300,0,1,0,0,0,0,0, 
2025,21,PUNO,02,AZANGARO,04,ASILLO,37892,01,01,1,2,210242003,22.03566,1,,1,1,1,1,QUINUA,2111,1,0,020,0,0,0,1,0,0,0, 
2025,21,PUNO,02,AZANGARO,04,ASILLO,37892,01,01,1,2,210242003,22.03566,1,,1,1,1,2,CAÑIHUA,2103,1,0,020,0,0,0,1,0,0,0, 
2025,21,PUNO,02,AZANGARO,04,ASILLO,37892,03,03,1,2,210242003,48.24588,1,,1,1,2,1,QUINUA,2111,1,0,025,0,0,0,1,1,0,0, 
2025,21,PUNO,02,AZANGARO,04,ASILLO,37893,01,01,1,2,210241002,201.9879,1,,1,1,3,1,QUINUA,2111,1,0,050,0,0,1,0,0,0,0, 
2025,21,PUNO,02,AZANGARO,04,ASILLO,37893,02,02,1,2,210241002,40.75936,1,,1,1,3,1,AVENA FORRAJERA,2701,1,0,050,0,1,0,0,0,0,0, 
2025,21,PUNO,02,AZANGARO,04,ASILLO,37894,02,02,1,2,210241003,14.26875,1,,1,1,2,1,QUINUA,2111,1,0,100,0,1,0,1,1,0,0, 
2025,21,PUNO,02,AZANGARO,04,ASILLO,37894,04,04,1,2,210241003,83.34396,1,,1,1,2,1,QUINUA,2111,1,0,050,0,0,0,1,0,1,0, 
2025,21,PUNO,02,AZANGARO,04,ASILLO,37896,02,02,1,2,210251002,19.62608,1,,1,1,3,1,AVENA FORRAJERA,2701,1,0,500,0,1,0,0,0,0,1, 
2025,21,PUNO,02,AZANGARO,04,ASILLO,37897,01,01,1,2,210241003,25.48788,1,,1,1,2,1,PAPA NATIVA,2615,1,0,130,0,0,0,1,1,0,0, 
2025,21,PUNO,02,AZANGARO,04,ASILLO,37897,01,01,1,2,210241003,25.48788,1,,1,1,4,1,PAPA NATIVA,2615,1,1,200,0,0,0,1,1,0,0, 
2025,21,PUNO,02,AZANGARO,04,ASILLO,37897,04,04,1,2,210241003,26.39542,1,,1,1,2,1,PAPA NATIVA,2615,1,0,500,0,0,0,1,1,0,0, 
2025,21,PUNO,02,AZANGARO,04,ASILLO,37897,04,04,1,2,210241003,26.39542,1,,1,1,3,1,PAPA NATIVA,2615,1,0,500,0,0,0,1,1,0,0, 
2025,21,PUNO,02,AZANGARO,04,ASILLO,37897,05,05,1,2,210241003,15.93622,1,,1,1,2,1,HABA,2942,1,0,250,0,0,0,1,1,0,0, 
2025,21,PUNO,02,AZANGARO,04,ASILLO,37898,01,01,1,2,210253003,.6037937,1,,1,1,3,1,OLLUCO,2609,1,0,010,0,0,0,1,1,0,0, 
2025,21,PUNO,02,AZANGARO,04,ASILLO,37898,03,03,1,2,210253003,24.88968,1,,1,1,3,1,QUINUA,2111,1,0,125,0,0,1,1,1,0,0, 
2025,21,PUNO,02,AZANGARO,04,ASILLO,37898,03,03,1,2,210253003,24.88968,1,,1,1,3,2,CAÑIHUA,2103,1,0,125,0,0,1,1,1,0,0, 
2025,21,PUNO,02,AZANGARO,04,ASILLO,37899,01,01,1,2,210241002,61.53008,1,,1,1,3,1,PAPA NATIVA,2615,1,0,400,0,1,0,0,0,0,0, 
2025,21,PUNO,02,AZANGARO,04,ASILLO,37899,02,02,1,2,210241002,146.1404,1,,1,1,2,1,PAPA NATIVA,2615,1,0,300,0,1,0,0,0,0,0, 
2025,21,PUNO,02,AZANGARO,04,ASILLO,37899,02,02,1,2,210241002,146.1404,1,,1,1,2,2,AVENA FORRAJERA,2701,1,0,100,0,1,0,1,0,0,0, 
2025,21,PUNO,02,AZANGARO,05,CAMINACA,37901,01,01,1,2,210241003,310.8775,1,,1,1,3,1,AVENA FORRAJERA,2701,1,0,100,0,1,0,0,0,0,0, 
2025,21,PUNO,02,AZANGARO,06,CHUPA,37902,04,04,1,2,210241003,9.883528,1,,1,1,3,1,QUINUA,2111,1,0,100,0,0,1,1,1,0,0, 
2025,21,PUNO,02,AZANGARO,06,CHUPA,37902,06,06,1,2,210241003,13.51171,1,,1,1,7,1,QUINUA,2111,1,0,150,0,0,1,1,0,1,0, 
2025,21,PUNO,02,AZANGARO,06,CHUPA,37902,07,07,1,2,210241003,4.063342,1,,1,1,11,1,QUINUA,2111,1,0,050,0,0,1,1,0,0,0, 
2025,21,PUNO,02,AZANGARO,06,CHUPA,37903,02,02,1,2,210241003,70.18314,1,,1,1,2,1,QUINUA,2111,1,0,050,0,0,0,1,0,0,0, 
2025,21,PUNO,02,AZANGARO,06,CHUPA,37903,03,03,1,2,210241003,39.30697,1,,1,0,3,1,QUINUA,2111,1,0,020,0,1,0,1,0,0,0, 
2025,21,PUNO,02,AZANGARO,06,CHUPA,37903,03,03,1,2,210241003,39.30697,1,,1,0,3,2,HABA,2942,1,0,020,0,1,0,1,0,0,0, 
2025,21,PUNO,02,AZANGARO,06,CHUPA,37903,03,03,1,2,210241003,39.30697,1,,1,0,3,3,ARVEJA,2901,1,0,010,0,1,0,1,0,0,0, 
2025,21,PUNO,02,AZANGARO,06,CHUPA,37904,01,01,1,2,210241002,412.17,1,,1,1,3,1,QUINUA,2111,1,0,150,0,1,0,0,0,0,0, 
2025,21,PUNO,02,AZANGARO,06,CHUPA,37904,01,01,1,2,210241002,412.17,1,,1,1,3,2,MAIZ CHOCLO,2109,1,0,150,0,1,0,0,0,0,0, 
2025,21,PUNO,02,AZANGARO,06,CHUPA,37905,01,01,1,2,210241003,52.41834,1,,1,1,3,1,PAPA NATIVA,2615,1,0,050,0,1,0,0,0,0,0, 
2025,21,PUNO,02,AZANGARO,06,CHUPA,37905,01,01,1,2,210241003,52.41834,1,,1,1,3,2,QUINUA,2111,1,0,002,0,1,0,0,0,0,0, 
2025,21,PUNO,02,AZANGARO,06,CHUPA,37907,01,01,1,2,210241003,.0583608,1,,1,1,2,1,PAPA NATIVA,2615,1,0,010,0,1,0,0,0,0,0, 
2025,21,PUNO,02,AZANGARO,06,CHUPA,37907,01,01,1,2,210241003,.0583608,1,,1,1,2,2,HABA,2942,1,0,020,0,1,0,0,0,0,0, 
2025,21,PUNO,02,AZANGARO,06,CHUPA,37907,01,01,1,2,210241003,.0583608,1,,1,1,2,3,OCA,2608,1,0,020,0,1,0,0,0,0,0, 
2025,21,PUNO,02,AZANGARO,06,CHUPA,37907,01,01,1,2,210241003,.0583608,1,,1,1,2,4,MAIZ CHOCLO,2109,1,0,020,0,1,0,0,0,0,0, 
2025,21,PUNO,02,AZANGARO,06,CHUPA,37907,02,02,1,2,210241003,134.4976,1,,1,1,2,1,OCA,2608,1,0,100,0,1,0,0,0,0,0, 
2025,21,PUNO,02,AZANGARO,06,CHUPA,37907,02,02,1,2,210241003,134.4976,1,,1,1,2,2,HABA,2942,1,0,200,0,1,0,0,0,0,0, 
2025,21,PUNO,02,AZANGARO,06,CHUPA,37907,02,02,1,2,210241003,134.4976,1,,1,1,2,3,CEBADA GRANO,2104,1,0,200,0,1,0,0,0,0,0, 
2025,21,PUNO,02,AZANGARO,06,CHUPA,37907,03,03,1,2,210241003,20.17809,1,,1,1,2,1,PAPA NATIVA,2615,1,0,100,0,1,0,0,0,0,0, 
2025,21,PUNO,02,AZANGARO,06,CHUPA,37907,03,03,1,2,210241003,20.17809,1,,1,1,2,2,CEBADA FORRAJERA,2703,1,0,050,0,1,0,0,0,0,0, 
2025,21,PUNO,02,AZANGARO,06,CHUPA,37907,03,03,1,2,210241003,20.17809,1,,1,1,2,3,MAIZ CHOCLO,2109,1,0,050,0,1,0,0,0,0,0, 
2025,21,PUNO,02,AZANGARO,06,CHUPA,37907,04,04,1,2,210241003,21.37134,1,,1,0,1,1,QUINUA,2111,1,0,020,0,0,0,1,1,0,0, 
2025,21,PUNO,02,AZANGARO,06,CHUPA,37907,04,04,1,2,210241003,21.37134,1,,1,0,3,1,PAPA NATIVA,2615,1,0,100,0,1,0,0,0,0,0, 
2025,21,PUNO,02,AZANGARO,06,CHUPA,37907,04,04,1,2,210241003,21.37134,1,,1,0,2,1,CEBADA GRANO,2104,1,0,050,0,1,0,1,0,0,0, 
2025,21,PUNO,02,AZANGARO,06,CHUPA,37907,04,04,1,2,210241003,21.37134,1,,1,0,2,2,MAIZ CHOCLO,2109,1,0,050,0,1,0,0,0,0,0, 
2025,21,PUNO,02,AZANGARO,06,CHUPA,37907,04,04,1,2,210241003,21.37134,1,,1,0,3,2,HABA,2942,1,0,050,0,1,0,0,0,0,0, 
2025,21,PUNO,02,AZANGARO,06,CHUPA,37907,04,04,1,2,210241003,21.37134,1,,1,0,3,3,ARVEJA,2901,1,0,050,0,1,0,0,0,0,0, 
2025,21,PUNO,02,AZANGARO,06,CHUPA,37907,04,04,1,2,210241003,21.37134,1,,1,0,3,4,MAIZ CHOCLO,2109,1,0,100,0,1,0,0,0,0,0, 
2025,21,PUNO,02,AZANGARO,06,CHUPA,37907,05,05,1,2,210241003,36.48251,1,,1,0,3,1,PAPA NATIVA,2615,1,0,050,0,1,0,0,0,0,0, 
2025,21,PUNO,02,AZANGARO,06,CHUPA,37907,05,05,1,2,210241003,36.48251,1,,1,0,3,2,HABA,2942,1,0,050,0,1,0,0,0,0,0, 
2025,21,PUNO,02,AZANGARO,06,CHUPA,37907,05,05,1,2,210241003,36.48251,1,,1,0,3,3,MAIZ CHOCLO,2109,1,0,050,0,1,0,0,0,0,0, 
2025,21,PUNO,02,AZANGARO,06,CHUPA,37908,01,01,1,2,210253003,144.7648,1,,1,1,1,1,CEBADA GRANO,2104,1,0,100,0,0,0,1,0,0,0, 
2025,21,PUNO,02,AZANGARO,06,CHUPA,37908,01,01,1,2,210253003,144.7648,1,,1,1,1,2,QUINUA,2111,1,0,100,0,0,0,1,0,0,0, 
2025,21,PUNO,02,AZANGARO,06,CHUPA,37908,02,02,1,2,210253003,44.61634,1,,1,1,4,1,QUINUA,2111,1,0,120,0,0,1,1,0,0,0, 
2025,21,PUNO,02,AZANGARO,06,CHUPA,37908,02,02,1,2,210253003,44.61634,1,,1,1,1,1,AVENA GRANO,2102,1,0,250,0,0,0,1,1,0,1, 
2025,21,PUNO,02,AZANGARO,06,CHUPA,37908,02,02,1,2,210253003,44.61634,1,,1,1,7,1,PAPA AMARGA,2610,1,0,200,0,0,1,1,0,0,0, 
2025,21,PUNO,02,AZANGARO,06,CHUPA,37908,02,02,1,2,210253003,44.61634,1,,1,1,3,1,HABA,2942,1,0,100,0,0,1,1,1,0,1, 
2025,21,PUNO,02,AZANGARO,07,JOSE DOMINGO CHOQUEHUANCA,37909,01,01,1,2,210241003,94.58372,1,,1,1,2,1,QUINUA,2111,1,0,040,0,0,1,1,1,0,0, 
2025,21,PUNO,02,AZANGARO,07,JOSE DOMINGO CHOQUEHUANCA,37909,01,01,1,2,210241003,94.58372,1,,1,1,7,1,CAÑIHUA,2103,1,0,250,0,0,1,1,1,0,0, 
2025,21,PUNO,02,AZANGARO,07,JOSE DOMINGO CHOQUEHUANCA,37909,01,01,1,2,210241003,94.58372,1,,1,1,7,2,PAPA NATIVA,2615,1,0,250,0,0,1,1,1,0,0, 
2025,21,PUNO,02,AZANGARO,07,JOSE DOMINGO CHOQUEHUANCA,37909,03,03,1,2,210241003,10.40644,1,,1,1,3,1,QUINUA,2111,1,0,100,0,0,1,1,0,0,0, 
2025,21,PUNO,02,AZANGARO,07,JOSE DOMINGO CHOQUEHUANCA,37909,03,03,1,2,210241003,10.40644,1,,1,1,1,1,PAPA BLANCA,2612,1,0,090,0,0,1,1,1,0,0, 
2025,21,PUNO,02,AZANGARO,07,JOSE DOMINGO CHOQUEHUANCA,37909,03,03,1,2,210241003,10.40644,1,,1,1,2,1,PAPA BLANCA,2612,1,0,010,0,0,1,1,1,0,0, 
2025,21,PUNO,02,AZANGARO,07,JOSE DOMINGO CHOQUEHUANCA,37909,03,03,1,2,210241003,10.40644,1,,1,1,1,2,PAPA NATIVA,2615,1,0,200,0,0,1,1,1,0,0, 
2025,21,PUNO,02,AZANGARO,07,JOSE DOMINGO CHOQUEHUANCA,37909,03,03,1,2,210241003,10.40644,1,,1,1,2,2,PAPA NATIVA,2615,1,0,020,0,0,1,1,1,0,0, 
2025,21,PUNO,02,AZANGARO,07,JOSE DOMINGO CHOQUEHUANCA,37909,05,05,1,2,210241003,.2864659,1,,1,1,2,1,QUINUA,2111,1,0,100,0,0,1,1,0,0,0, 
2025,21,PUNO,02,AZANGARO,10,SAMAN,37910,02,02,1,2,210243001,.5056981,1,,1,1,4,1,PAPA NATIVA,2615,1,0,100,0,1,0,0,0,0,0, 
2025,21,PUNO,02,AZANGARO,10,SAMAN,37910,06,06,1,2,210243001,2.853983,1,,1,1,1,1,OCA,2608,1,0,055,0,0,0,1,0,0,0, 
2025,21,PUNO,02,AZANGARO,10,SAMAN,37911,01,01,1,2,210241001,628.5891,1,,1,1,6,1,AVENA FORRAJERA,2701,1,0,400,0,1,0,0,0,0,0, 
2025,21,PUNO,02,AZANGARO,10,SAMAN,37911,01,01,1,2,210241001,628.5891,1,,1,1,5,1,ALFALFA,1401,3,0,090,0,1,0,0,0,0,0, 
2025,21,PUNO,02,AZANGARO,10,SAMAN,37912,01,01,1,2,210241003,188.4772,1,,1,1,11,1,ALFALFA,1401,3,0,080,0,1,0,0,0,0,0, 
2025,21,PUNO,02,AZANGARO,10,SAMAN,37912,01,01,1,2,210241003,188.4772,1,,1,1,12,1,ALFALFA,1401,3,0,080,0,1,0,0,0,0,0, 
2025,21,PUNO,02,AZANGARO,10,SAMAN,37912,01,01,1,2,210241003,188.4772,1,,1,1,10,1,ALFALFA,1401,3,0,072,0,1,0,0,0,0,0, 
2025,21,PUNO,02,AZANGARO,10,SAMAN,37912,01,01,1,2,210241003,188.4772,1,,1,1,8,1,QUINUA,2111,1,0,015,0,1,0,0,0,0,0, 
2025,21,PUNO,02,AZANGARO,10,SAMAN,37912,01,01,1,2,210241003,188.4772,1,,1,1,1,1,ALFALFA,1401,3,0,080,0,1,0,0,0,0,0, 
2025,21,PUNO,02,AZANGARO,10,SAMAN,37912,01,01,1,2,210241003,188.4772,1,,1,1,7,1,AVENA FORRAJERA,2701,1,0,180,0,1,0,0,0,0,0, 
2025,21,PUNO,02,AZANGARO,10,SAMAN,37912,01,01,1,2,210241003,188.4772,1,,1,1,9,1,CEBADA FORRAJERA,2703,1,0,060,0,1,0,0,0,0,0, 
2025,21,PUNO,02,AZANGARO,10,SAMAN,37912,01,01,1,2,210241003,188.4772,1,,1,1,9,2,CEBADA GRANO,2104,1,0,060,0,1,0,0,0,0,0, 
2025,21,PUNO,02,AZANGARO,10,SAMAN,37912,02,02,1,2,210241003,131.8907,1,,1,1,15,1,AVENA FORRAJERA,2701,1,0,500,0,1,0,0,0,0,0, 
2025,21,PUNO,02,AZANGARO,10,SAMAN,37912,02,02,1,2,210241003,131.8907,1,,1,1,14,1,AVENA FORRAJERA,2701,1,0,500,0,1,0,0,0,0,0, 
2025,21,PUNO,02,AZANGARO,10,SAMAN,37912,02,02,1,2,210241003,131.8907,1,,1,1,6,1,PAPA NATIVA,2615,1,0,100,0,1,0,0,0,0,0, 
2025,21,PUNO,02,AZANGARO,10,SAMAN,37912,02,02,1,2,210241003,131.8907,1,,1,1,7,1,PAPA NATIVA,2615,1,0,100,0,1,0,0,0,0,0, 
2025,21,PUNO,02,AZANGARO,10,SAMAN,37912,02,02,1,2,210241003,131.8907,1,,1,1,13,1,AVENA FORRAJERA,2701,1,0,500,0,1,0,0,0,0,0, 
2025,21,PUNO,02,AZANGARO,10,SAMAN,37912,03,03,1,2,210241003,173.5839,1,,1,1,6,1,AVENA FORRAJERA,2701,1,0,068,0,1,0,1,0,0,0, 
2025,21,PUNO,02,AZANGARO,10,SAMAN,37912,03,03,1,2,210241003,173.5839,1,,1,1,16,1,QUINUA,2111,1,0,017,0,1,0,0,0,0,0, 
2025,21,PUNO,02,AZANGARO,10,SAMAN,37912,03,03,1,2,210241003,173.5839,1,,1,1,7,1,AVENA FORRAJERA,2701,1,0,140,0,1,0,1,0,0,0, 
2025,21,PUNO,02,AZANGARO,10,SAMAN,37912,03,03,1,2,210241003,173.5839,1,,1,1,10,1,AVENA FORRAJERA,2701,1,0,060,0,1,0,0,0,0,0, 
2025,21,PUNO,02,AZANGARO,10,SAMAN,37912,03,03,1,2,210241003,173.5839,1,,1,1,2,1,AVENA FORRAJERA,2701,1,0,400,0,1,0,0,0,0,0, 
2025,21,PUNO,02,AZANGARO,10,SAMAN,37912,03,03,1,2,210241003,173.5839,1,,1,1,9,1,AVENA FORRAJERA,2701,1,0,060,0,1,0,0,0,0,0, 
2025,21,PUNO,02,AZANGARO,10,SAMAN,37912,03,03,1,2,210241003,173.5839,1,,1,1,14,1,PAPA NATIVA,2615,1,0,098,0,1,0,0,0,0,0, 
2025,21,PUNO,02,AZANGARO,10,SAMAN,37912,03,03,1,2,210241003,173.5839,1,,1,1,5,1,AVENA FORRAJERA,2701,1,0,085,0,1,0,1,0,0,0, 
2025,21,PUNO,02,AZANGARO,10,SAMAN,37912,03,03,1,2,210241003,173.5839,1,,1,1,15,1,PAPA NATIVA,2615,1,0,030,0,0,1,1,0,0,0, 
2025,21,PUNO,02,AZANGARO,10,SAMAN,37912,03,03,1,2,210241003,173.5839,1,,1,1,4,1,AVENA FORRAJERA,2701,1,0,070,0,1,0,0,0,0,0, 
2025,21,PUNO,02,AZANGARO,10,SAMAN,37912,03,03,1,2,210241003,173.5839,1,,1,1,8,1,AVENA FORRAJERA,2701,1,0,034,0,1,0,0,0,0,0, 
2025,21,PUNO,02,AZANGARO,10,SAMAN,37912,03,03,1,2,210241003,173.5839,1,,1,1,17,1,CENTENO GRANO,2105,1,0,035,0,1,0,0,0,0,0, 
2025,21,PUNO,02,AZANGARO,10,SAMAN,37912,03,03,1,2,210241003,173.5839,1,,1,1,16,2,CENTENO GRANO,2105,1,0,057,0,1,0,0,0,0,0, 
2025,21,PUNO,02,AZANGARO,10,SAMAN,37912,05,05,1,2,210241003,130.2541,1,,1,1,7,1,AVENA FORRAJERA,2701,1,2,000,0,1,0,0,0,0,0, 
2025,21,PUNO,02,AZANGARO,10,SAMAN,37912,05,05,1,2,210241003,130.2541,1,,1,1,6,1,PAPA NATIVA,2615,1,0,200,0,1,0,0,0,0,0, 
2025,21,PUNO,02,AZANGARO,10,SAMAN,37912,05,05,1,2,210241003,130.2541,1,,1,1,6,2,QUINUA,2111,1,0,100,0,1,0,0,0,0,0, 
2025,21,PUNO,02,AZANGARO,10,SAMAN,37912,05,05,1,2,210241003,130.2541,1,,1,1,6,3,AVENA FORRAJERA,2701,1,0,100,0,1,0,0,0,0,0, 
2025,21,PUNO,02,AZANGARO,10,SAMAN,37912,05,05,1,2,210241003,130.2541,1,,1,1,6,4,HABA,2942,1,0,100,0,1,0,0,0,0,0, 
2025,21,PUNO,02,AZANGARO,10,SAMAN,37912,06,06,1,2,210241003,267.5527,1,,1,1,5,1,AVENA FORRAJERA,2701,1,0,100,0,1,0,0,0,0,0, 
2025,21,PUNO,02,AZANGARO,10,SAMAN,37912,06,06,1,2,210241003,267.5527,1,,1,1,7,1,AVENA FORRAJERA,2701,1,0,100,0,1,0,0,0,0,0, 
2025,21,PUNO,02,AZANGARO,10,SAMAN,37912,06,06,1,2,210241003,267.5527,1,,1,1,6,1,AVENA FORRAJERA,2701,1,0,100,0,1,0,0,0,0,0, 
2025,21,PUNO,02,AZANGARO,10,SAMAN,37912,07,07,1,2,210241003,266.6681,1,,1,1,4,1,PAPA NATIVA,2615,1,0,075,0,1,0,0,0,0,0, 
2025,21,PUNO,02,AZANGARO,10,SAMAN,37912,07,07,1,2,210241003,266.6681,1,,1,1,1,1,ALFALFA,1401,3,0,050,0,1,0,0,0,0,0, 
2025,21,PUNO,02,AZANGARO,10,SAMAN,37912,07,07,1,2,210241003,266.6681,1,,1,1,3,1,PAPA NATIVA,2615,1,0,150,0,1,0,0,0,0,0, 
2025,21,PUNO,02,AZANGARO,10,SAMAN,37912,08,08,1,2,210241003,6.299509,1,,1,1,4,1,AVENA FORRAJERA,2701,1,3,000,0,1,0,0,0,0,0, 
2025,21,PUNO,02,AZANGARO,10,SAMAN,37912,08,08,1,2,210241003,6.299509,1,,1,1,6,1,AVENA FORRAJERA,2701,1,5,000,0,1,0,0,0,0,0, 
2025,21,PUNO,02,AZANGARO,10,SAMAN,37912,09,09,1,2,210241003,21.17712,1,,1,1,3,1,AVENA FORRAJERA,2701,1,0,250,0,1,0,0,0,0,0, 
2025,21,PUNO,02,AZANGARO,10,SAMAN,37912,09,09,1,2,210241003,21.17712,1,,1,1,5,1,AVENA FORRAJERA,2701,1,0,250,0,1,0,0,0,0,0, 
2025,21,PUNO,02,AZANGARO,10,SAMAN,37912,09,09,1,2,210241003,21.17712,1,,1,1,4,1,AVENA FORRAJERA,2701,1,0,250,0,1,0,0,0,0,0, 
2025,21,PUNO,02,AZANGARO,10,SAMAN,37912,10,10,1,2,210241003,76.62251,1,,1,1,7,1,AVENA FORRAJERA,2701,1,0,025,0,1,0,0,0,0,0, 
2025,21,PUNO,02,AZANGARO,10,SAMAN,37912,10,10,1,2,210241003,76.62251,1,,1,1,8,1,HABA,2942,1,0,005,0,1,0,0,0,0,0, 
2025,21,PUNO,02,AZANGARO,10,SAMAN,37912,10,10,1,2,210241003,76.62251,1,,1,1,2,1,AVENA FORRAJERA,2701,1,0,300,0,1,0,0,0,0,0, 
2025,21,PUNO,02,AZANGARO,10,SAMAN,37912,10,10,1,2,210241003,76.62251,1,,1,1,6,1,PAPA NATIVA,2615,1,0,024,0,1,0,0,0,0,0, 
2025,21,PUNO,02,AZANGARO,10,SAMAN,37912,10,10,1,2,210241003,76.62251,1,,1,1,5,1,AVENA FORRAJERA,2701,1,0,035,0,1,0,0,0,0,0, 
2025,21,PUNO,02,AZANGARO,10,SAMAN,37912,10,10,1,2,210241003,76.62251,1,,1,1,4,1,AVENA FORRAJERA,2701,1,0,084,0,1,0,0,0,0,0, 
2025,21,PUNO,02,AZANGARO,10,SAMAN,37912,10,10,1,2,210241003,76.62251,1,,1,1,3,1,AVENA FORRAJERA,2701,1,0,100,0,1,0,0,0,0,0, 
2025,21,PUNO,02,AZANGARO,10,SAMAN,37912,10,10,1,2,210241003,76.62251,1,,1,1,1,1,CENTENO GRANO,2105,1,0,120,0,1,0,0,0,0,0, 
2025,21,PUNO,02,AZANGARO,10,SAMAN,37912,10,10,1,2,210241003,76.62251,1,,1,1,3,2,CENTENO GRANO,2105,1,0,044,0,1,0,0,0,0,0, 
2025,21,PUNO,02,AZANGARO,10,SAMAN,37912,10,10,1,2,210241003,76.62251,1,,1,1,2,2,PAPA NATIVA,2615,1,0,063,0,1,0,0,0,0,0, 
2025,21,PUNO,02,AZANGARO,10,SAMAN,37912,10,10,1,2,210241003,76.62251,1,,1,1,2,3,CENTENO GRANO,2105,1,0,024,0,1,0,0,0,0,0, 
2025,21,PUNO,02,AZANGARO,10,SAMAN,37912,10,10,1,2,210241003,76.62251,1,,1,1,2,4,ALFALFA,1401,3,0,066,0,1,0,0,0,0,0, 
2025,21,PUNO,02,AZANGARO,10,SAMAN,37912,11,11,1,2,210241003,238.2968,1,,1,1,1,1,CENTENO GRANO,2105,1,0,100,0,1,0,0,0,0,0, 
2025,21,PUNO,02,AZANGARO,10,SAMAN,37912,11,11,1,2,210241003,238.2968,1,,1,1,2,1,AVENA FORRAJERA,2701,1,0,250,0,1,0,0,0,0,0, 
2025,21,PUNO,02,AZANGARO,10,SAMAN,37912,12,12,1,2,210241003,86.05069,1,,1,1,3,1,QUINUA,2111,1,0,050,0,1,0,0,0,0,0, 
2025,21,PUNO,02,AZANGARO,10,SAMAN,37912,12,12,1,2,210241003,86.05069,1,,1,1,2,1,PAPA NATIVA,2615,1,0,150,0,1,0,0,0,0,0, 
2025,21,PUNO,02,AZANGARO,10,SAMAN,37912,12,12,1,2,210241003,86.05069,1,,1,1,2,2,AVENA FORRAJERA,2701,1,0,100,0,1,0,1,0,0,0, 
2025,21,PUNO,02,AZANGARO,10,SAMAN,37912,13,13,1,2,210241003,12.45504,1,,1,1,4,1,QUINUA,2111,1,0,050,0,1,0,0,0,0,0, 
2025,21,PUNO,02,AZANGARO,10,SAMAN,37912,13,13,1,2,210241003,12.45504,1,,1,1,6,1,AVENA FORRAJERA,2701,1,0,030,0,1,0,0,0,0,0, 
2025,21,PUNO,02,AZANGARO,10,SAMAN,37912,13,13,1,2,210241003,12.45504,1,,1,1,8,1,AVENA FORRAJERA,2701,1,0,050,0,1,0,0,0,0,0, 
2025,21,PUNO,02,AZANGARO,10,SAMAN,37912,13,13,1,2,210241003,12.45504,1,,1,1,3,1,AVENA FORRAJERA,2701,1,0,050,0,1,0,0,0,0,0, 
2025,21,PUNO,02,AZANGARO,10,SAMAN,37912,13,13,1,2,210241003,12.45504,1,,1,1,5,1,AVENA FORRAJERA,2701,1,0,020,0,1,0,0,0,0,0, 
2025,21,PUNO,02,AZANGARO,11,SAN ANTON,37914,01,01,1,2,210251004,.2634858,1,,1,1,2,1,CAÑIHUA,2103,1,0,020,0,0,1,0,0,0,0, 
2025,21,PUNO,02,AZANGARO,11,SAN ANTON,37914,01,01,1,2,210251004,.2634858,1,,1,1,3,1,AVENA FORRAJERA,2701,1,0,300,0,1,0,0,0,0,0, 
2025,21,PUNO,02,AZANGARO,11,SAN ANTON,37914,03,03,1,2,210251004,17.81617,1,,1,1,2,1,QUINUA,2111,1,0,020,0,0,0,1,1,0,0, 
2025,21,PUNO,02,AZANGARO,11,SAN ANTON,37914,05,05,1,2,210251004,46.11419,1,,1,1,3,1,PAPA NATIVA,2615,1,0,020,0,0,0,1,1,0,0, 
2025,21,PUNO,02,AZANGARO,11,SAN ANTON,37914,11,11,1,2,210251004,47.13921,1,,1,1,1,1,PAPA NATIVA,2615,1,0,120,0,0,0,1,1,0,0, 
2025,21,PUNO,02,AZANGARO,11,SAN ANTON,37914,13,13,1,2,210251004,52.91241,1,,1,1,1,1,PAPA NATIVA,2615,1,0,010,0,0,0,1,1,0,0, 
2025,21,PUNO,02,AZANGARO,12,SAN JOSE,37915,01,01,1,2,210243003,58.49579,1,,1,1,3,1,QUINUA,2111,1,0,060,0,0,0,1,1,1,0, 
2025,21,PUNO,02,AZANGARO,12,SAN JOSE,37915,01,01,1,2,210243003,58.49579,1,,1,1,3,2,CAÑIHUA,2103,1,0,060,0,0,0,1,1,1,0, 
2025,21,PUNO,02,AZANGARO,12,SAN JOSE,37915,04,04,1,2,210243003,317.3773,1,,1,1,2,1,ALFALFA,1401,3,1,000,0,1,0,0,0,0,0, 
2025,21,PUNO,02,AZANGARO,13,SAN JUAN DE SALINAS,37916,01,01,1,2,210241003,1.571508,1,,1,1,2,1,HABA,2942,1,0,161,0,1,0,1,1,0,0, 
2025,21,PUNO,02,AZANGARO,13,SAN JUAN DE SALINAS,37916,01,01,1,2,210241003,1.571508,1,,1,1,2,2,QUINUA,2111,1,0,182,0,1,0,1,1,0,0, 
2025,21,PUNO,02,AZANGARO,13,SAN JUAN DE SALINAS,37916,01,01,1,2,210241003,1.571508,1,,1,1,2,3,CAÑIHUA,2103,1,0,182,0,1,0,1,1,0,0, 
2025,21,PUNO,02,AZANGARO,13,SAN JUAN DE SALINAS,37916,02,02,1,2,210241003,38.95476,1,,1,1,1,1,QUINUA,2111,1,0,069,0,1,0,1,1,0,0, 
2025,21,PUNO,02,AZANGARO,13,SAN JUAN DE SALINAS,37916,02,02,1,2,210241003,38.95476,1,,1,1,1,2,CAÑIHUA,2103,1,0,069,0,1,0,1,1,0,0, 
2025,21,PUNO,02,AZANGARO,13,SAN JUAN DE SALINAS,37916,03,03,1,2,210241003,48.39728,1,,1,1,2,1,QUINUA,2111,1,0,020,0,1,0,1,1,0,0, 
2025,21,PUNO,02,AZANGARO,13,SAN JUAN DE SALINAS,37916,03,03,1,2,210241003,48.39728,1,,1,1,2,2,CAÑIHUA,2103,1,0,020,0,1,0,1,1,0,0, 
2025,21,PUNO,02,AZANGARO,13,SAN JUAN DE SALINAS,37916,04,04,1,2,210241003,58.68595,1,,1,1,1,1,PAPA NATIVA,2615,1,0,261,0,1,0,1,1,0,0, 
2025,21,PUNO,02,AZANGARO,13,SAN JUAN DE SALINAS,37916,04,04,1,2,210241003,58.68595,1,,1,1,1,2,QUINUA,2111,1,0,117,0,1,0,1,1,0,0, 
2025,21,PUNO,02,AZANGARO,13,SAN JUAN DE SALINAS,37916,04,04,1,2,210241003,58.68595,1,,1,1,1,3,CAÑIHUA,2103,1,0,042,0,1,0,1,1,0,0, 
2025,21,PUNO,02,AZANGARO,13,SAN JUAN DE SALINAS,37917,02,02,1,2,210253004,1.673442,1,,1,1,3,1,CAÑIHUA,2103,1,0,040,0,0,1,1,1,0,0, 
2025,21,PUNO,02,AZANGARO,13,SAN JUAN DE SALINAS,37918,01,01,1,2,210241004,7.184309,1,,1,1,2,1,QUINUA,2111,1,0,100,0,0,1,1,0,0,0, 
2025,21,PUNO,02,AZANGARO,13,SAN JUAN DE SALINAS,37918,01,01,1,2,210241004,7.184309,1,,1,1,3,1,QUINUA,2111,1,0,050,0,0,1,1,0,0,0, 
2025,21,PUNO,02,AZANGARO,13,SAN JUAN DE SALINAS,37918,02,02,1,2,210241004,32.24142,1,,1,1,1,1,CEBADA GRANO,2104,1,0,030,0,0,0,1,0,0,1, 
2025,21,PUNO,02,AZANGARO,13,SAN JUAN DE SALINAS,37918,02,02,1,2,210241004,32.24142,1,,1,1,1,2,HABA,2942,1,0,030,0,0,1,1,0,0,1, 
2025,21,PUNO,02,AZANGARO,13,SAN JUAN DE SALINAS,37918,03,03,1,2,210241004,19.70221,1,,1,1,1,1,QUINUA,2111,1,0,150,0,1,1,0,0,0,0, 
2025,21,PUNO,02,AZANGARO,13,SAN JUAN DE SALINAS,37918,03,03,1,2,210241004,19.70221,1,,1,1,1,2,AVENA FORRAJERA,2701,1,1,600,0,1,0,0,0,0,0, 
2025,21,PUNO,02,AZANGARO,13,SAN JUAN DE SALINAS,37918,04,04,1,2,210241004,14.84234,1,,1,1,1,1,QUINUA,2111,1,0,050,0,1,1,1,0,0,0, 
2025,21,PUNO,02,AZANGARO,13,SAN JUAN DE SALINAS,37918,04,04,1,2,210241004,14.84234,1,,1,1,2,1,QUINUA,2111,1,0,100,0,0,1,1,0,0,0, 
2025,21,PUNO,02,AZANGARO,13,SAN JUAN DE SALINAS,37918,04,04,1,2,210241004,14.84234,1,,1,1,2,2,PAPA NATIVA,2615,1,0,180,0,0,1,1,0,0,0, 
2025,21,PUNO,02,AZANGARO,14,SANTIAGO DE PUPUJA,37919,02,02,1,2,210241004,23.29764,1,,1,1,3,1,QUINUA,2111,1,0,150,0,0,1,1,1,0,0, 
2025,21,PUNO,02,AZANGARO,14,SANTIAGO DE PUPUJA,37919,02,02,1,2,210241004,23.29764,1,,1,1,1,1,PAPA NATIVA,2615,1,0,100,0,0,1,1,0,0,0, 
2025,21,PUNO,02,AZANGARO,14,SANTIAGO DE PUPUJA,37919,02,02,1,2,210241004,23.29764,1,,1,1,1,2,QUINUA,2111,1,0,150,0,0,1,1,1,0,0, 
2025,21,PUNO,02,AZANGARO,14,SANTIAGO DE PUPUJA,37919,03,03,1,2,210241004,51.56958,1,,1,1,2,1,CAÑIHUA,2103,1,0,050,0,0,1,1,1,0,0, 
2025,21,PUNO,02,AZANGARO,14,SANTIAGO DE PUPUJA,37919,04,04,1,2,210241004,9.031109,1,,1,1,3,1,CAÑIHUA,2103,1,0,100,0,0,1,1,0,0,0, 
2025,21,PUNO,02,AZANGARO,14,SANTIAGO DE PUPUJA,37919,04,04,1,2,210241004,9.031109,1,,1,1,3,2,PAPA NATIVA,2615,1,0,050,0,0,1,1,0,0,0, 
2025,21,PUNO,02,AZANGARO,14,SANTIAGO DE PUPUJA,37919,05,05,1,2,210241004,52.60085,1,,1,1,3,1,PAPA NATIVA,2615,1,0,050,0,1,1,1,0,0,0, 
2025,21,PUNO,02,AZANGARO,14,SANTIAGO DE PUPUJA,37919,05,05,1,2,210241004,52.60085,1,,1,1,3,2,QUINUA,2111,1,0,100,0,1,1,0,1,0,0, 
2025,21,PUNO,02,AZANGARO,14,SANTIAGO DE PUPUJA,37919,05,05,1,2,210241004,52.60085,1,,1,1,3,3,CAÑIHUA,2103,1,0,050,0,1,1,1,0,0,0, 
2025,21,PUNO,02,AZANGARO,14,SANTIAGO DE PUPUJA,37920,01,01,1,2,210242003,121.0587,1,,1,1,3,1,PAPA NATIVA,2615,1,0,200,0,0,0,1,1,0,0, 
2025,21,PUNO,02,AZANGARO,14,SANTIAGO DE PUPUJA,37920,01,01,1,2,210242003,121.0587,1,,1,1,2,1,CAÑIHUA,2103,1,0,100,0,0,0,1,1,0,0, 
2025,21,PUNO,02,AZANGARO,14,SANTIAGO DE PUPUJA,37920,01,01,1,2,210242003,121.0587,1,,1,1,2,2,QUINUA,2111,1,0,100,0,0,0,1,1,0,0, 
2025,21,PUNO,02,AZANGARO,14,SANTIAGO DE PUPUJA,37920,02,02,1,2,210242003,131.9071,1,,1,1,2,1,PAPA NATIVA,2615,1,0,100,0,0,0,1,1,0,0, 
2025,21,PUNO,02,AZANGARO,14,SANTIAGO DE PUPUJA,37920,02,02,1,2,210242003,131.9071,1,,1,1,1,1,QUINUA,2111,1,0,100,0,0,0,1,1,0,0, 
2025,21,PUNO,02,AZANGARO,14,SANTIAGO DE PUPUJA,37920,02,02,1,2,210242003,131.9071,1,,1,1,1,2,CAÑIHUA,2103,1,0,050,0,0,0,1,1,0,0, 
2025,21,PUNO,02,AZANGARO,14,SANTIAGO DE PUPUJA,37920,02,02,1,2,210242003,131.9071,1,,1,1,2,2,QUINUA,2111,1,0,100,0,0,0,1,1,0,0, 
2025,21,PUNO,02,AZANGARO,14,SANTIAGO DE PUPUJA,37920,02,02,1,2,210242003,131.9071,1,,1,1,2,3,CAÑIHUA,2103,1,0,100,0,0,0,1,1,0,0, 
2025,21,PUNO,02,AZANGARO,14,SANTIAGO DE PUPUJA,37921,01,01,1,2,210241003,280.0168,1,,1,1,2,1,QUINUA,2111,1,0,050,0,1,1,1,1,0,0, 
2025,21,PUNO,02,AZANGARO,14,SANTIAGO DE PUPUJA,37921,03,03,1,2,210241003,17.28805,1,,1,1,2,1,QUINUA,2111,1,0,050,0,1,1,1,1,0,0, 
2025,21,PUNO,02,AZANGARO,14,SANTIAGO DE PUPUJA,37921,03,03,1,2,210241003,17.28805,1,,1,1,5,1,QUINUA,2111,1,0,050,0,1,1,1,1,0,0, 
2025,21,PUNO,02,AZANGARO,14,SANTIAGO DE PUPUJA,37921,03,03,1,2,210241003,17.28805,1,,1,1,4,1,QUINUA,2111,1,0,050,0,1,1,1,1,0,0, 
2025,21,PUNO,02,AZANGARO,14,SANTIAGO DE PUPUJA,37921,03,03,1,2,210241003,17.28805,1,,1,1,2,2,CAÑIHUA,2103,1,0,050,0,1,1,1,1,0,0, 
2025,21,PUNO,02,AZANGARO,14,SANTIAGO DE PUPUJA,37922,01,01,1,2,210241003,147.0429,1,,1,1,2,1,PAPA NATIVA,2615,1,0,500,0,1,0,1,1,0,0, 
2025,21,PUNO,02,AZANGARO,14,SANTIAGO DE PUPUJA,37922,01,01,1,2,210241003,147.0429,1,,1,1,1,1,PAPA NATIVA,2615,1,0,150,0,1,0,1,1,0,0, 
2025,21,PUNO,02,AZANGARO,14,SANTIAGO DE PUPUJA,37922,01,01,1,2,210241003,147.0429,1,,1,1,1,2,CAÑIHUA,2103,1,0,100,0,1,1,1,1,0,0, 
2025,21,PUNO,02,AZANGARO,14,SANTIAGO DE PUPUJA,37922,01,01,1,2,210241003,147.0429,1,,1,1,1,3,QUINUA,2111,1,0,250,0,1,0,1,1,0,0, 
2025,21,PUNO,02,AZANGARO,14,SANTIAGO DE PUPUJA,37922,01,01,1,2,210241003,147.0429,1,,1,1,1,4,CEBADA GRANO,2104,1,0,150,0,1,0,1,1,0,0, 
2025,21,PUNO,02,AZANGARO,14,SANTIAGO DE PUPUJA,37923,01,01,1,2,210241003,11.1837,1,,1,1,2,1,QUINUA,2111,1,0,100,0,0,1,1,0,0,0, 
2025,21,PUNO,02,AZANGARO,14,SANTIAGO DE PUPUJA,37923,01,01,1,2,210241003,11.1837,1,,1,1,2,2,CAÑIHUA,2103,1,0,100,0,0,1,1,0,0,0, 
2025,21,PUNO,02,AZANGARO,14,SANTIAGO DE PUPUJA,37923,02,02,1,2,210241003,160.9389,1,,1,1,3,1,QUINUA,2111,1,0,125,0,1,1,1,1,0,0, 
2025,21,PUNO,02,AZANGARO,14,SANTIAGO DE PUPUJA,37923,03,03,1,2,210241003,34.37374,1,,1,1,3,1,CAÑIHUA,2103,1,0,100,0,1,1,1,1,0,0, 
2025,21,PUNO,02,AZANGARO,14,SANTIAGO DE PUPUJA,37924,01,01,1,2,210241003,309.9654,1,,1,1,1,1,ALFALFA,1401,3,0,100,0,0,0,1,0,1,0, 
2025,21,PUNO,02,AZANGARO,14,SANTIAGO DE PUPUJA,37924,02,02,1,2,210241003,34.71158,1,,1,1,2,1,PAPA NATIVA,2615,1,0,250,0,0,1,1,1,0,0, 
2025,21,PUNO,02,AZANGARO,14,SANTIAGO DE PUPUJA,37924,04,04,1,2,210241003,4.394868,1,,1,1,1,1,QUINUA,2111,1,0,050,0,0,1,0,1,0,0, 
2025,21,PUNO,02,AZANGARO,14,SANTIAGO DE PUPUJA,37924,04,04,1,2,210241003,4.394868,1,,1,1,1,2,CAÑIHUA,2103,1,0,050,0,0,1,0,1,0,0, 
2025,21,PUNO,02,AZANGARO,14,SANTIAGO DE PUPUJA,37925,01,01,1,2,210241003,30.46604,1,,1,1,3,1,PAPA NATIVA,2615,1,0,050,0,0,0,1,1,0,0, 
2025,21,PUNO,02,AZANGARO,14,SANTIAGO DE PUPUJA,37926,01,01,1,2,210241003,86.66906,1,,1,1,2,1,PAPA NATIVA,2615,1,0,050,0,0,1,1,0,0,0, 
2025,21,PUNO,02,AZANGARO,14,SANTIAGO DE PUPUJA,37926,01,01,1,2,210241003,86.66906,1,,1,1,7,1,CAÑIHUA,2103,1,0,500,0,0,1,1,0,0,0, 
2025,21,PUNO,02,AZANGARO,14,SANTIAGO DE PUPUJA,37926,01,01,1,2,210241003,86.66906,1,,1,1,4,1,PAPA NATIVA,2615,1,0,100,0,0,1,1,0,0,0, 
2025,21,PUNO,02,AZANGARO,14,SANTIAGO DE PUPUJA,37926,01,01,1,2,210241003,86.66906,1,,1,1,9,1,PAPA NATIVA,2615,1,0,500,0,1,1,1,1,0,0, 
2025,21,PUNO,02,AZANGARO,14,SANTIAGO DE PUPUJA,37926,01,01,1,2,210241003,86.66906,1,,1,1,5,1,PAPA NATIVA,2615,1,0,050,0,0,1,1,0,0,0, 
2025,21,PUNO,02,AZANGARO,14,SANTIAGO DE PUPUJA,37926,03,03,1,2,210241003,15.44708,1,,1,1,1,1,QUINUA,2111,1,0,150,0,0,1,1,1,0,0, 
2025,21,PUNO,02,AZANGARO,14,SANTIAGO DE PUPUJA,37926,03,03,1,2,210241003,15.44708,1,,1,1,2,1,QUINUA,2111,1,0,100,0,0,1,1,0,0,0, 
2025,21,PUNO,02,AZANGARO,14,SANTIAGO DE PUPUJA,37926,05,05,1,2,210241003,122.2426,1,,1,1,3,1,PAPA NATIVA,2615,1,0,050,0,0,1,1,0,0,0, 
2025,21,PUNO,02,AZANGARO,14,SANTIAGO DE PUPUJA,37926,05,05,1,2,210241003,122.2426,1,,1,1,3,2,QUINUA,2111,1,0,050,0,0,1,1,1,0,0, 
2025,21,PUNO,02,AZANGARO,14,SANTIAGO DE PUPUJA,37927,01,01,1,2,210242003,21.36738,1,,1,1,5,1,QUINUA,2111,1,0,250,0,1,1,1,1,0,0, 
2025,21,PUNO,02,AZANGARO,14,SANTIAGO DE PUPUJA,37927,01,01,1,2,210242003,21.36738,1,,1,1,4,1,AVENA FORRAJERA,2701,1,0,250,0,1,0,1,1,0,0, 
2025,21,PUNO,02,AZANGARO,14,SANTIAGO DE PUPUJA,37927,01,01,1,2,210242003,21.36738,1,,1,1,6,1,PAPA NATIVA,2615,1,0,020,0,0,0,1,1,0,0, 
2025,21,PUNO,02,AZANGARO,14,SANTIAGO DE PUPUJA,37927,01,01,1,2,210242003,21.36738,1,,1,1,3,1,ALFALFA,1401,3,0,250,0,1,0,1,1,0,0, 
2025,21,PUNO,02,AZANGARO,14,SANTIAGO DE PUPUJA,37927,01,01,1,2,210242003,21.36738,1,,1,1,2,1,ALFALFA,1401,3,0,500,0,1,0,1,1,0,0, 
2025,21,PUNO,02,AZANGARO,14,SANTIAGO DE PUPUJA,37927,02,02,1,2,210242003,350.7362,1,,1,1,2,1,ALFALFA,1401,3,0,250,0,1,0,1,1,0,0, 
2025,21,PUNO,02,AZANGARO,14,SANTIAGO DE PUPUJA,37927,02,02,1,2,210242003,350.7362,1,,1,1,3,1,AVENA FORRAJERA,2701,1,0,250,0,1,0,1,1,0,0, 
2025,21,PUNO,02,AZANGARO,14,SANTIAGO DE PUPUJA,37927,02,02,1,2,210242003,350.7362,1,,1,1,1,1,AVENA FORRAJERA,2701,1,0,410,0,1,0,1,1,0,0, 
2025,21,PUNO,02,AZANGARO,14,SANTIAGO DE PUPUJA,37927,02,02,1,2,210242003,350.7362,1,,1,1,1,2,CEBADA GRANO,2104,1,0,223,0,1,0,1,1,0,0, 
2025,21,PUNO,02,AZANGARO,14,SANTIAGO DE PUPUJA,37927,03,03,1,2,210242003,143.9007,1,,1,1,2,1,AVENA FORRAJERA,2701,1,0,500,0,1,0,1,1,0,0, 
2025,21,PUNO,02,AZANGARO,14,SANTIAGO DE PUPUJA,37927,03,03,1,2,210242003,143.9007,1,,1,1,3,1,ALFALFA,1401,3,1,000,0,1,0,1,1,0,0, 
2025,21,PUNO,02,AZANGARO,14,SANTIAGO DE PUPUJA,37927,04,04,1,2,210242003,30.71381,1,,1,1,3,1,ALFALFA,1401,3,0,500,0,1,1,1,1,0,0, 
2025,21,PUNO,02,AZANGARO,14,SANTIAGO DE PUPUJA,37927,04,04,1,2,210242003,30.71381,1,,1,1,2,1,ALFALFA,1401,3,1,000,0,1,1,1,1,0,0, 
2025,21,PUNO,02,AZANGARO,14,SANTIAGO DE PUPUJA,37927,04,04,1,2,210242003,30.71381,1,,1,1,1,1,AVENA FORRAJERA,2701,1,1,938,0,1,0,1,1,0,0, 
2025,21,PUNO,02,AZANGARO,14,SANTIAGO DE PUPUJA,37927,04,04,1,2,210242003,30.71381,1,,1,1,1,2,PAPA NATIVA,2615,1,0,148,0,1,1,1,1,0,0, 
2025,21,PUNO,02,AZANGARO,14,SANTIAGO DE PUPUJA,37927,04,04,1,2,210242003,30.71381,1,,1,1,1,3,HABA,2942,1,0,070,0,1,1,1,1,0,0, 
2025,21,PUNO,02,AZANGARO,14,SANTIAGO DE PUPUJA,37928,01,01,1,2,210242004,25.03453,1,,1,1,1,1,QUINUA,2111,1,0,150,0,0,0,1,1,0,0, 
2025,21,PUNO,02,AZANGARO,14,SANTIAGO DE PUPUJA,37928,01,01,1,2,210242004,25.03453,1,,1,1,2,1,QUINUA,2111,1,0,250,0,0,0,1,1,0,0, 
2025,21,PUNO,02,AZANGARO,14,SANTIAGO DE PUPUJA,37928,01,01,1,2,210242004,25.03453,1,,1,1,2,2,CAÑIHUA,2103,1,0,250,0,0,0,1,1,0,0, 
2025,21,PUNO,02,AZANGARO,14,SANTIAGO DE PUPUJA,37928,02,02,1,2,210242004,2.944557,1,,1,1,1,1,QUINUA,2111,1,0,300,0,0,0,1,1,0,0, 
2025,21,PUNO,02,AZANGARO,14,SANTIAGO DE PUPUJA,37928,02,02,1,2,210242004,2.944557,1,,1,1,2,1,PAPA NATIVA,2615,1,0,200,0,0,0,1,1,0,0, 
2025,21,PUNO,02,AZANGARO,14,SANTIAGO DE PUPUJA,37928,02,02,1,2,210242004,2.944557,1,,1,1,1,2,CAÑIHUA,2103,1,0,300,0,0,0,1,1,0,0, 
2025,21,PUNO,02,AZANGARO,14,SANTIAGO DE PUPUJA,37928,03,03,1,2,210242004,37.19686,1,,1,1,1,1,PAPA NATIVA,2615,1,0,250,0,1,0,1,1,0,0, 
2025,21,PUNO,02,AZANGARO,14,SANTIAGO DE PUPUJA,37928,03,03,1,2,210242004,37.19686,1,,1,1,1,2,QUINUA,2111,1,0,250,0,0,0,1,1,0,0, 
2025,21,PUNO,02,AZANGARO,14,SANTIAGO DE PUPUJA,37928,03,03,1,2,210242004,37.19686,1,,1,1,1,3,CAÑIHUA,2103,1,0,100,0,0,0,1,1,0,0, 
2025,21,PUNO,02,AZANGARO,14,SANTIAGO DE PUPUJA,37928,04,04,1,2,210242004,50.29144,1,,1,1,2,1,PAPA NATIVA,2615,1,0,100,0,1,0,1,1,0,0, 
2025,21,PUNO,02,AZANGARO,14,SANTIAGO DE PUPUJA,37928,04,04,1,2,210242004,50.29144,1,,1,1,1,1,QUINUA,2111,1,0,150,0,0,0,1,1,0,0, 
2025,21,PUNO,02,AZANGARO,14,SANTIAGO DE PUPUJA,37928,04,04,1,2,210242004,50.29144,1,,1,1,2,2,QUINUA,2111,1,0,100,0,0,0,1,1,0,0, 
2025,21,PUNO,02,AZANGARO,14,SANTIAGO DE PUPUJA,37928,04,04,1,2,210242004,50.29144,1,,1,1,1,2,CAÑIHUA,2103,1,0,150,0,0,0,1,1,0,0, 
2025,21,PUNO,02,AZANGARO,14,SANTIAGO DE PUPUJA,37928,04,04,1,2,210242004,50.29144,1,,1,1,2,3,CAÑIHUA,2103,1,0,100,0,0,0,1,1,0,0, 
2025,21,PUNO,02,AZANGARO,14,SANTIAGO DE PUPUJA,37928,05,05,1,2,210242004,32.80749,1,,1,1,1,1,QUINUA,2111,1,1,000,0,0,0,1,1,0,0, 
2025,21,PUNO,02,AZANGARO,14,SANTIAGO DE PUPUJA,37928,05,05,1,2,210242004,32.80749,1,,1,1,1,2,CAÑIHUA,2103,1,0,300,0,0,0,1,1,0,0, 
2025,21,PUNO,02,AZANGARO,14,SANTIAGO DE PUPUJA,37928,06,06,1,2,210242004,12.33315,1,,1,1,2,1,QUINUA,2111,1,0,100,0,0,0,1,1,0,0, 
2025,21,PUNO,02,AZANGARO,14,SANTIAGO DE PUPUJA,37928,06,06,1,2,210242004,12.33315,1,,1,1,2,2,CAÑIHUA,2103,1,0,100,0,0,0,1,1,0,0, 
2025,21,PUNO,02,AZANGARO,15,TIRAPATA,37930,01,01,1,2,210241003,4.151662,1,,1,1,1,1,QUINUA,2111,1,0,116,0,0,1,1,1,0,0, 
2025,21,PUNO,02,AZANGARO,15,TIRAPATA,37930,01,01,1,2,210241003,4.151662,1,,1,1,1,2,PAPA NATIVA,2615,1,0,134,0,0,0,1,1,0,0, 
2025,21,PUNO,02,AZANGARO,15,TIRAPATA,37930,03,03,1,2,210241003,100.7852,1,,1,1,1,1,QUINUA,2111,1,0,025,0,0,0,1,1,0,0, 
2025,21,PUNO,02,AZANGARO,15,TIRAPATA,37930,04,04,1,2,210241003,22.02892,1,,1,1,2,1,PAPA NATIVA,2615,1,0,020,0,0,0,1,1,0,0, 
2025,21,PUNO,02,AZANGARO,15,TIRAPATA,37931,01,01,1,2,210241003,102.7854,1,,1,1,1,1,PAPA NATIVA,2615,1,0,020,0,1,0,1,0,0,1, 
2025,21,PUNO,02,AZANGARO,15,TIRAPATA,37931,03,03,1,2,210241003,1.632059,1,,1,1,1,1,QUINUA,2111,1,0,020,0,0,1,1,0,0,1, 
2025,21,PUNO,02,AZANGARO,15,TIRAPATA,37931,03,03,1,2,210241003,1.632059,1,,1,1,2,1,CAÑIHUA,2103,1,0,250,0,0,1,1,0,0,1, 
2025,21,PUNO,02,AZANGARO,15,TIRAPATA,37931,03,03,1,2,210241003,1.632059,1,,1,1,1,2,PAPA NATIVA,2615,1,0,030,0,0,1,1,0,0,1, 
2025,21,PUNO,02,AZANGARO,15,TIRAPATA,37933,01,01,1,2,210251003,58.325,1,,1,1,1,1,PAPA NATIVA,2615,1,0,044,0,0,0,1,1,0,0, 
2025,21,PUNO,02,AZANGARO,15,TIRAPATA,37933,01,01,1,2,210251003,58.325,1,,1,1,1,2,QUINUA,2111,1,0,073,0,0,0,1,1,0,0, 
2025,21,PUNO,02,AZANGARO,15,TIRAPATA,37933,01,01,1,2,210251003,58.325,1,,1,1,1,3,OLLUCO,2609,1,0,003,0,0,0,1,1,0,0, 
2025,21,PUNO,02,AZANGARO,15,TIRAPATA,37933,01,01,1,2,210251003,58.325,1,,1,1,1,4,OCA,2608,1,0,003,0,0,0,1,1,0,0, 
2025,21,PUNO,02,AZANGARO,15,TIRAPATA,37933,01,01,1,2,210251003,58.325,1,,1,1,1,5,MASHUA,2606,1,0,005,0,0,0,1,1,0,0, 
2025,21,PUNO,02,AZANGARO,15,TIRAPATA,37933,06,06,1,2,210251003,12.49629,1,,1,1,4,1,CEBADA GRANO,2104,1,0,020,0,0,0,1,1,0,0, 
2025,21,PUNO,02,AZANGARO,15,TIRAPATA,37933,06,06,1,2,210251003,12.49629,1,,1,1,4,2,PAPA NATIVA,2615,1,0,010,0,0,0,1,1,0,0, 
2025,21,PUNO,02,AZANGARO,15,TIRAPATA,37934,01,01,1,2,210241003,.9399428,1,,1,1,3,1,PAPA NATIVA,2615,1,0,050,0,0,0,1,1,0,0, 
2025,21,PUNO,02,AZANGARO,15,TIRAPATA,37934,01,01,1,2,210241003,.9399428,1,,1,1,1,1,QUINUA,2111,1,0,105,0,0,0,1,1,0,0, 
2025,21,PUNO,02,AZANGARO,15,TIRAPATA,37934,01,01,1,2,210241003,.9399428,1,,1,1,1,2,PAPA NATIVA,2615,1,0,140,0,0,0,1,1,0,0, 
2025,21,PUNO,02,AZANGARO,15,TIRAPATA,37934,01,01,1,2,210241003,.9399428,1,,1,1,1,3,CAÑIHUA,2103,1,0,037,0,0,0,1,1,0,0, 
2025,21,PUNO,02,AZANGARO,15,TIRAPATA,37934,02,02,1,2,210241003,107.4618,1,,1,1,2,1,QUINUA,2111,1,0,090,0,0,0,1,0,0,0, 
2025,21,PUNO,02,AZANGARO,15,TIRAPATA,37934,02,02,1,2,210241003,107.4618,1,,1,1,2,2,AVENA FORRAJERA,2701,1,0,050,0,1,0,0,0,0,0, 
2025,21,PUNO,02,AZANGARO,15,TIRAPATA,37934,03,03,1,2,210241003,98.10075,1,,1,1,3,1,CEBADA GRANO,2104,1,0,100,0,0,0,1,1,0,0, 
2025,21,PUNO,02,AZANGARO,15,TIRAPATA,37934,03,03,1,2,210241003,98.10075,1,,1,1,1,1,PAPA AMARGA,2610,1,0,025,0,0,0,1,1,0,0, 
2025,21,PUNO,02,AZANGARO,15,TIRAPATA,37934,03,03,1,2,210241003,98.10075,1,,1,1,1,2,QUINUA,2111,1,0,050,0,0,1,1,1,0,0, 
2025,21,PUNO,02,AZANGARO,15,TIRAPATA,37934,04,04,1,2,210241003,21.56206,1,,1,1,3,1,QUINUA,2111,1,0,075,0,1,0,1,0,0,0, 
2025,21,PUNO,02,AZANGARO,15,TIRAPATA,37934,04,04,1,2,210241003,21.56206,1,,1,1,3,2,CAÑIHUA,2103,1,0,075,0,1,0,1,0,0,0, 
2025,21,PUNO,02,AZANGARO,15,TIRAPATA,37934,04,04,1,2,210241003,21.56206,1,,1,1,3,3,AVENA FORRAJERA,2701,1,0,100,0,1,0,1,0,0,0, 
2025,21,PUNO,02,AZANGARO,15,TIRAPATA,37935,01,01,1,2,210241004,81.14949,1,,1,1,1,1,QUINUA,2111,1,0,200,0,0,0,1,1,0,0, 
2025,21,PUNO,02,AZANGARO,15,TIRAPATA,37935,02,02,1,2,210241004,125.5705,1,,1,1,2,1,QUINUA,2111,1,0,300,0,0,0,1,1,0,0, 
2025,21,PUNO,02,AZANGARO,15,TIRAPATA,37935,02,02,1,2,210241004,125.5705,1,,1,1,1,1,PAPA NATIVA,2615,1,0,250,0,0,0,1,1,0,0, 
2025,21,PUNO,02,AZANGARO,15,TIRAPATA,37935,02,02,1,2,210241004,125.5705,1,,1,1,1,2,QUINUA,2111,1,0,150,0,0,0,1,1,0,0, 
2025,21,PUNO,02,AZANGARO,15,TIRAPATA,37935,03,03,1,2,210241004,9.011409,1,,1,1,3,1,CAÑIHUA,2103,1,0,100,0,0,0,1,1,0,0, 
2025,21,PUNO,02,AZANGARO,15,TIRAPATA,37935,03,03,1,2,210241004,9.011409,1,,1,1,1,1,QUINUA,2111,1,0,200,0,0,0,1,1,0,0, 
2025,21,PUNO,02,AZANGARO,15,TIRAPATA,37935,04,04,1,2,210241004,23.62551,1,,1,1,1,1,QUINUA,2111,1,0,050,0,0,1,1,1,0,0, 
2025,21,PUNO,02,AZANGARO,15,TIRAPATA,37935,04,04,1,2,210241004,23.62551,1,,1,1,1,2,CAÑIHUA,2103,1,0,050,0,0,1,1,1,0,0, 
2025,21,PUNO,02,AZANGARO,15,TIRAPATA,37935,05,05,1,2,210241004,6.401551,1,,1,1,1,1,QUINUA,2111,1,0,500,0,0,1,1,1,0,0, 
2025,21,PUNO,02,AZANGARO,15,TIRAPATA,37935,05,05,1,2,210241004,6.401551,1,,1,1,2,1,OCA,2608,1,0,050,0,0,0,1,1,0,0, 
2025,21,PUNO,02,AZANGARO,15,TIRAPATA,37935,05,05,1,2,210241004,6.401551,1,,1,1,1,2,CAÑIHUA,2103,1,0,500,0,0,1,1,1,0,0, 
2025,21,PUNO,02,AZANGARO,15,TIRAPATA,37936,01,01,1,2,210241003,74.02272,1,,1,1,1,1,PAPA NATIVA,2615,1,0,080,0,0,1,1,0,0,1, 
2025,21,PUNO,02,AZANGARO,15,TIRAPATA,37936,01,01,1,2,210241003,74.02272,1,,1,1,1,2,QUINUA,2111,1,0,080,0,0,1,1,0,0,1, 
2025,21,PUNO,03,CARABAYA,03,AYAPATA,37941,01,01,1,3,210393002,5.816437,1,,1,1,4,1,PLATANO,1171,3,0,250,0,0,1,0,0,0,0, 
2025,21,PUNO,03,CARABAYA,03,AYAPATA,37942,01,01,1,3,210392004,1.824694,1,,1,1,1,1,CACAO,1202,3,0,760,0,0,1,0,0,0,0, 
2025,21,PUNO,03,CARABAYA,03,AYAPATA,37942,01,01,1,3,210392004,1.824694,1,,1,1,1,2,PLATANO,1171,3,0,830,0,0,1,0,0,0,0, 
2025,21,PUNO,03,CARABAYA,03,AYAPATA,37942,03,03,1,3,210392004,4.925237,1,,1,1,1,1,PLATANO,1171,3,0,047,0,0,1,0,0,0,0, 
2025,21,PUNO,03,CARABAYA,03,AYAPATA,37943,02,02,1,3,210392003,1.24604,1,,1,1,1,1,PAPAYA,1163,2,0,045,0,0,1,0,0,0,1, 
2025,21,PUNO,03,CARABAYA,03,AYAPATA,37943,02,02,1,3,210392003,1.24604,1,,1,1,1,2,PIÑA,2208,1,0,155,0,0,1,0,0,0,1, 
2025,21,PUNO,03,CARABAYA,03,AYAPATA,37949,01,01,1,3,210392002,4.587841,1,,1,1,2,1,YUCA,2620,1,0,010,0,0,1,0,0,0,1, 
2025,21,PUNO,03,CARABAYA,08,OLLACHEA,37957,03,03,1,2,210332002,70.78152,1,,1,1,3,1,MAIZ CHOCLO,2109,1,0,010,1,0,0,0,0,0,0, 
2025,21,PUNO,03,CARABAYA,08,OLLACHEA,37958,01,01,1,3,210372003,2.893284,1,,1,0,1,1,ROCOTO,2338,1,1,500,1,0,0,0,0,0,0, 
2025,21,PUNO,03,CARABAYA,08,OLLACHEA,37958,01,01,1,3,210372003,2.893284,1,,1,0,1,2,GRANADILLA,2203,1,0,800,1,0,0,0,0,0,0, 
2025,21,PUNO,03,CARABAYA,10,USICAYOS,37961,01,01,1,2,210343002,96.6222,1,,1,1,3,1,PAPA NATIVA,2615,1,0,100,0,0,1,1,1,0,0, 
2025,21,PUNO,03,CARABAYA,10,USICAYOS,37961,01,01,1,2,210343002,96.6222,1,,1,1,4,1,PAPA NATIVA,2615,1,0,200,0,0,1,1,1,0,0, 
2025,21,PUNO,03,CARABAYA,10,USICAYOS,37961,02,02,1,2,210343002,310.5993,1,,1,1,2,1,HABA,2942,1,0,100,0,0,0,1,1,0,0, 
2025,21,PUNO,04,CHUCUITO,01,JULI,37963,03,03,1,2,210442003,64.53157,1,,1,1,4,1,PAPA NATIVA,2615,1,0,250,0,0,0,1,1,0,0, 
2025,21,PUNO,04,CHUCUITO,01,JULI,37963,03,03,1,2,210442003,64.53157,1,,1,1,5,1,QUINUA,2111,1,0,100,0,0,1,1,1,0,0, 
2025,21,PUNO,04,CHUCUITO,01,JULI,37964,01,01,1,2,210441003,207.942,1,,1,1,1,1,QUINUA,2111,1,0,127,0,1,1,1,0,0,0, 
2025,21,PUNO,04,CHUCUITO,01,JULI,37964,04,04,1,2,210441003,4.09945,1,,1,1,4,1,AVENA FORRAJERA,2701,1,0,030,0,1,0,1,1,0,0, 
2025,21,PUNO,04,CHUCUITO,01,JULI,37964,04,04,1,2,210441003,4.09945,1,,1,1,2,1,PAPA NATIVA,2615,1,0,020,0,1,1,1,1,0,0, 
2025,21,PUNO,04,CHUCUITO,01,JULI,37964,05,05,1,2,210441003,39.58892,1,,1,1,6,1,QUINUA,2111,1,0,080,0,0,1,1,1,0,0, 
2025,21,PUNO,04,CHUCUITO,01,JULI,37964,05,05,1,2,210441003,39.58892,1,,1,1,4,1,PAPA NATIVA,2615,1,0,040,0,1,1,1,1,0,0, 
2025,21,PUNO,04,CHUCUITO,01,JULI,37964,05,05,1,2,210441003,39.58892,1,,1,1,4,2,QUINUA,2111,1,0,040,0,1,1,1,1,0,0, 
2025,21,PUNO,04,CHUCUITO,01,JULI,37964,08,08,1,2,210441003,8.9859,1,,1,1,7,1,QUINUA,2111,1,0,030,0,0,1,1,1,0,0, 
2025,21,PUNO,04,CHUCUITO,01,JULI,37964,08,08,1,2,210441003,8.9859,1,,1,1,8,1,QUINUA,2111,1,0,020,0,0,1,1,1,0,0, 
2025,21,PUNO,04,CHUCUITO,01,JULI,37964,09,09,1,2,210441003,406.0571,1,,1,1,3,1,ALFALFA,1401,3,0,060,0,1,1,0,0,0,0, 
2025,21,PUNO,04,CHUCUITO,01,JULI,37965,01,01,1,2,210441003,40.47633,1,,1,1,4,1,PAPA NATIVA,2615,1,0,150,0,1,1,1,1,1,0, 
2025,21,PUNO,04,CHUCUITO,01,JULI,37965,02,02,1,2,210441003,2.784455,1,,1,1,11,1,PAPA NATIVA,2615,1,0,020,0,1,1,1,1,1,0, 
2025,21,PUNO,04,CHUCUITO,01,JULI,37965,02,02,1,2,210441003,2.784455,1,,1,1,7,1,QUINUA,2111,1,0,050,0,0,1,1,1,0,0, 
2025,21,PUNO,04,CHUCUITO,01,JULI,37965,02,02,1,2,210441003,2.784455,1,,1,1,6,1,HABA,2942,1,0,060,0,0,1,1,1,0,0, 
2025,21,PUNO,04,CHUCUITO,01,JULI,37965,03,03,1,2,210441003,4.219773,1,,1,1,7,1,QUINUA,2111,1,0,030,0,1,1,1,1,0,0, 
2025,21,PUNO,04,CHUCUITO,01,JULI,37965,03,03,1,2,210441003,4.219773,1,,1,1,4,1,QUINUA,2111,1,0,120,0,0,1,1,1,0,0, 
2025,21,PUNO,04,CHUCUITO,01,JULI,37965,04,04,1,2,210441003,5.197916,1,,1,1,8,1,AVENA FORRAJERA,2701,1,0,020,0,1,0,1,1,1,0, 
2025,21,PUNO,04,CHUCUITO,01,JULI,37965,04,04,1,2,210441003,5.197916,1,,1,1,2,1,PAPA NATIVA,2615,1,0,020,0,1,0,1,1,1,0, 
2025,21,PUNO,04,CHUCUITO,01,JULI,37965,04,04,1,2,210441003,5.197916,1,,1,1,1,1,PAPA NATIVA,2615,1,0,020,0,1,0,1,1,1,0, 
2025,21,PUNO,04,CHUCUITO,01,JULI,37965,04,04,1,2,210441003,5.197916,1,,1,1,9,1,AVENA FORRAJERA,2701,1,0,010,0,1,0,1,1,1,0, 
2025,21,PUNO,04,CHUCUITO,01,JULI,37965,04,04,1,2,210441003,5.197916,1,,1,1,5,1,AVENA FORRAJERA,2701,1,0,050,0,1,0,1,1,1,0, 
2025,21,PUNO,04,CHUCUITO,01,JULI,37965,05,05,1,2,210441003,57.11254,1,,1,1,3,1,QUINUA,2111,1,0,500,0,1,1,1,1,1,0, 
2025,21,PUNO,04,CHUCUITO,01,JULI,37965,06,06,1,2,210441003,68.04264,1,,1,1,2,1,PAPA NATIVA,2615,1,0,010,0,1,1,1,1,1,0, 
2025,21,PUNO,04,CHUCUITO,01,JULI,37965,06,06,1,2,210441003,68.04264,1,,1,1,2,2,QUINUA,2111,1,0,040,0,1,1,1,1,1,0, 
2025,21,PUNO,04,CHUCUITO,01,JULI,37965,07,07,1,2,210441003,42.08879,1,,1,1,6,1,PAPA NATIVA,2615,1,0,030,0,1,1,1,1,1,0, 
2025,21,PUNO,04,CHUCUITO,01,JULI,37965,08,08,1,2,210441003,23.66131,1,,1,1,3,1,PAPA NATIVA,2615,1,0,020,0,1,1,1,1,0,0, 
2025,21,PUNO,04,CHUCUITO,01,JULI,37965,08,08,1,2,210441003,23.66131,1,,1,1,2,1,PAPA NATIVA,2615,1,0,240,0,1,1,1,1,0,0, 
2025,21,PUNO,04,CHUCUITO,01,JULI,37965,08,08,1,2,210441003,23.66131,1,,1,1,2,2,AVENA FORRAJERA,2701,1,0,240,0,1,1,1,1,0,0, 
2025,21,PUNO,04,CHUCUITO,01,JULI,37965,08,08,1,2,210441003,23.66131,1,,1,1,3,2,QUINUA,2111,1,0,040,0,0,1,1,1,0,0, 
2025,21,PUNO,04,CHUCUITO,01,JULI,37965,08,08,1,2,210441003,23.66131,1,,1,1,2,3,CEBADA GRANO,2104,1,0,360,0,1,1,1,1,0,0, 
2025,21,PUNO,04,CHUCUITO,01,JULI,37965,08,08,1,2,210441003,23.66131,1,,1,1,2,4,HABA FORRAJERA,2712,1,0,060,0,1,1,1,1,0,0, 
2025,21,PUNO,04,CHUCUITO,01,JULI,37965,11,11,1,2,210441003,8.754188,1,,1,1,9,1,AVENA FORRAJERA,2701,1,0,050,0,1,0,1,1,1,0, 
2025,21,PUNO,04,CHUCUITO,01,JULI,37965,11,11,1,2,210441003,8.754188,1,,1,1,10,1,QUINUA,2111,1,0,040,0,0,1,1,1,1,0, 
2025,21,PUNO,04,CHUCUITO,01,JULI,37965,11,11,1,2,210441003,8.754188,1,,1,1,7,1,AVENA FORRAJERA,2701,1,0,090,0,1,1,1,1,1,0, 
2025,21,PUNO,04,CHUCUITO,01,JULI,37965,11,11,1,2,210441003,8.754188,1,,1,1,2,1,HABA,2942,1,0,020,0,1,1,1,1,1,0, 
2025,21,PUNO,04,CHUCUITO,01,JULI,37965,11,11,1,2,210441003,8.754188,1,,1,1,2,2,ARVEJA,2901,1,0,020,0,1,1,1,1,1,0, 
2025,21,PUNO,04,CHUCUITO,01,JULI,37967,02,02,1,2,210442003,35.5639,1,,1,1,3,1,PAPA NATIVA,2615,1,0,030,0,0,0,1,1,0,0, 
2025,21,PUNO,04,CHUCUITO,01,JULI,37968,01,01,1,2,210453003,118.0702,1,,1,1,5,1,CAÑIHUA,2103,1,0,250,0,0,1,1,1,0,0, 
2025,21,PUNO,04,CHUCUITO,01,JULI,37968,01,01,1,2,210453003,118.0702,1,,1,1,4,1,PAPA NATIVA,2615,1,0,025,0,0,1,1,1,0,0, 
2025,21,PUNO,04,CHUCUITO,01,JULI,37969,02,02,1,2,210442001,1.458808,1,,1,1,16,1,OLLUCO,2609,1,0,015,0,1,0,1,0,0,0, 
2025,21,PUNO,04,CHUCUITO,01,JULI,37969,03,03,1,2,210442001,.0042743,1,,1,0,2,1,QUINUA,2111,1,0,050,0,1,0,0,0,0,0, 
2025,21,PUNO,04,CHUCUITO,01,JULI,37969,04,04,1,2,210442001,.8386185,1,,1,1,8,1,QUINUA,2111,1,0,020,0,1,0,0,0,0,0, 
2025,21,PUNO,04,CHUCUITO,01,JULI,37971,02,02,1,2,210441001,14.55533,1,,1,1,5,1,QUINUA,2111,1,0,075,0,0,0,1,1,0,0, 
2025,21,PUNO,04,CHUCUITO,01,JULI,37973,01,01,1,2,210451003,845.6139,1,,1,1,1,1,PAPA NATIVA,2615,1,0,020,0,0,1,0,1,0,0, 
2025,21,PUNO,04,CHUCUITO,01,JULI,37973,01,01,1,2,210451003,845.6139,1,,1,1,1,2,HABA,2942,1,0,069,0,0,1,1,1,0,0, 
2025,21,PUNO,04,CHUCUITO,01,JULI,37973,02,02,1,2,210451003,7.506672,1,,1,1,4,1,PAPA NATIVA,2615,1,0,005,0,0,1,1,1,0,0, 
2025,21,PUNO,04,CHUCUITO,01,JULI,37974,02,02,1,2,210441003,118.88,1,,1,1,18,1,AVENA FORRAJERA,2701,1,0,010,1,1,0,0,0,0,0, 
2025,21,PUNO,04,CHUCUITO,01,JULI,37974,05,05,1,2,210441003,38.38082,1,,1,1,7,1,PAPA NATIVA,2615,1,0,030,0,1,0,1,1,0,0, 
2025,21,PUNO,04,CHUCUITO,01,JULI,37976,01,01,1,2,210441003,33.45534,1,,1,1,11,1,QUINUA,2111,1,0,012,0,1,1,1,1,0,0, 
2025,21,PUNO,04,CHUCUITO,01,JULI,37976,01,01,1,2,210441003,33.45534,1,,1,1,18,1,QUINUA,2111,1,0,015,0,0,1,1,0,0,0, 
2025,21,PUNO,04,CHUCUITO,01,JULI,37976,01,01,1,2,210441003,33.45534,1,,1,1,15,1,QUINUA,2111,1,0,014,0,1,1,1,0,0,0, 
2025,21,PUNO,04,CHUCUITO,01,JULI,37976,01,01,1,2,210441003,33.45534,1,,1,1,21,1,HABA,2942,1,0,020,0,0,1,1,1,0,0, 
2025,21,PUNO,04,CHUCUITO,01,JULI,37976,01,01,1,2,210441003,33.45534,1,,1,1,16,1,QUINUA,2111,1,0,015,0,1,1,1,1,0,0, 
2025,21,PUNO,04,CHUCUITO,01,JULI,37976,01,01,1,2,210441003,33.45534,1,,1,1,19,1,QUINUA,2111,1,0,015,0,1,1,1,0,0,0, 
2025,21,PUNO,04,CHUCUITO,01,JULI,37976,04,04,1,2,210441003,15.94627,1,,1,1,1,1,ARVEJA,2901,1,0,040,0,0,0,1,0,0,0, 
2025,21,PUNO,04,CHUCUITO,01,JULI,37976,05,05,1,2,210441003,97.38077,1,,1,0,12,1,HABA,2942,1,0,020,0,1,0,1,0,0,0, 
2025,21,PUNO,04,CHUCUITO,01,JULI,37976,05,05,1,2,210441003,97.38077,1,,1,0,7,1,QUINUA,2111,1,0,050,0,0,1,1,1,0,0, 
2025,21,PUNO,04,CHUCUITO,01,JULI,37977,01,01,1,2,210452003,188.1686,1,,1,1,3,1,CAÑIHUA,2103,1,0,050,0,0,1,1,1,0,0, 
2025,21,PUNO,04,CHUCUITO,01,JULI,37978,04,04,1,2,210451003,21.49713,1,,1,1,2,1,PAPA NATIVA,2615,1,0,045,0,0,0,1,1,0,0, 
2025,21,PUNO,04,CHUCUITO,02,DESAGUADERO,37980,07,07,1,2,210441003,236.5477,1,,1,1,3,1,PAPA NATIVA,2615,1,0,120,0,1,0,0,0,0,0, 
2025,21,PUNO,04,CHUCUITO,02,DESAGUADERO,37983,01,01,1,2,210441003,1.044482,1,,1,1,5,1,PAPA NATIVA,2615,1,0,100,0,1,1,1,1,0,0, 
2025,21,PUNO,04,CHUCUITO,02,DESAGUADERO,37983,01,01,1,2,210441003,1.044482,1,,1,1,6,1,HABA,2942,1,0,250,0,1,0,1,1,0,0, 
2025,21,PUNO,04,CHUCUITO,02,DESAGUADERO,37983,01,01,1,2,210441003,1.044482,1,,1,1,3,1,PAPA NATIVA,2615,1,0,500,0,1,1,1,0,0,0, 
2025,21,PUNO,04,CHUCUITO,02,DESAGUADERO,37983,01,01,1,2,210441003,1.044482,1,,1,1,4,1,PAPA AMARGA,2610,1,0,250,0,1,1,1,1,0,0, 
2025,21,PUNO,04,CHUCUITO,02,DESAGUADERO,37983,01,01,1,2,210441003,1.044482,1,,1,1,1,1,ALFALFA,1401,3,0,550,0,1,0,1,1,0,0, 
2025,21,PUNO,04,CHUCUITO,02,DESAGUADERO,37983,01,01,1,2,210441003,1.044482,1,,1,1,2,1,PAPA NATIVA,2615,1,0,500,0,1,1,1,1,0,0, 
2025,21,PUNO,04,CHUCUITO,02,DESAGUADERO,37983,01,01,1,2,210441003,1.044482,1,,1,1,7,1,MAIZ CHOCLO,2109,1,0,200,0,1,0,1,1,0,0, 
2025,21,PUNO,04,CHUCUITO,02,DESAGUADERO,37983,02,02,1,2,210441003,50.7542,1,,1,1,8,1,PAPA NATIVA,2615,1,0,250,0,1,1,1,1,0,0, 
2025,21,PUNO,04,CHUCUITO,02,DESAGUADERO,37983,02,02,1,2,210441003,50.7542,1,,1,1,4,1,PAPA AMARGA,2610,1,0,250,0,1,1,1,0,0,0, 
2025,21,PUNO,04,CHUCUITO,02,DESAGUADERO,37983,02,02,1,2,210441003,50.7542,1,,1,1,8,2,QUINUA,2111,1,0,250,0,1,1,1,1,0,0, 
2025,21,PUNO,04,CHUCUITO,02,DESAGUADERO,37983,02,02,1,2,210441003,50.7542,1,,1,1,4,2,PAPA NATIVA,2615,1,0,250,0,1,1,1,1,0,0, 
2025,21,PUNO,04,CHUCUITO,02,DESAGUADERO,37983,05,05,1,2,210441003,41.51372,1,,1,1,3,1,PAPA NATIVA,2615,1,0,050,0,1,1,1,1,0,0, 
2025,21,PUNO,04,CHUCUITO,02,DESAGUADERO,37983,05,05,1,2,210441003,41.51372,1,,1,1,2,1,PAPA NATIVA,2615,1,0,050,0,1,1,1,1,0,0, 
2025,21,PUNO,04,CHUCUITO,02,DESAGUADERO,37983,05,05,1,2,210441003,41.51372,1,,1,1,3,2,PAPA HUAYRO,2614,1,0,050,0,1,1,1,0,0,0, 
2025,21,PUNO,04,CHUCUITO,02,DESAGUADERO,37983,07,07,1,2,210441003,63.16714,1,,1,1,1,1,HABA,2942,1,0,030,0,1,0,1,1,0,0, 
2025,21,PUNO,04,CHUCUITO,02,DESAGUADERO,37983,07,07,1,2,210441003,63.16714,1,,1,1,3,1,PAPA NATIVA,2615,1,0,050,0,1,1,1,0,0,0, 
2025,21,PUNO,04,CHUCUITO,02,DESAGUADERO,37983,07,07,1,2,210441003,63.16714,1,,1,1,1,2,PAPA NATIVA,2615,1,0,070,0,1,0,1,1,0,0, 
2025,21,PUNO,04,CHUCUITO,02,DESAGUADERO,37983,08,08,1,2,210441003,6.210372,1,,1,1,3,1,PAPA NATIVA,2615,1,0,050,0,1,1,1,1,0,0, 
2025,21,PUNO,04,CHUCUITO,02,DESAGUADERO,37983,08,08,1,2,210441003,6.210372,1,,1,1,5,1,PAPA NATIVA,2615,1,0,050,0,1,1,1,1,0,0, 
2025,21,PUNO,04,CHUCUITO,02,DESAGUADERO,37983,08,08,1,2,210441003,6.210372,1,,1,1,1,1,PAPA NATIVA,2615,1,0,050,0,1,1,1,1,0,0, 
2025,21,PUNO,04,CHUCUITO,02,DESAGUADERO,37983,08,08,1,2,210441003,6.210372,1,,1,1,2,1,PAPA AMARGA,2610,1,0,070,0,1,1,1,1,0,0, 
2025,21,PUNO,04,CHUCUITO,02,DESAGUADERO,37983,08,08,1,2,210441003,6.210372,1,,1,1,6,1,PAPA NATIVA,2615,1,0,050,0,1,1,1,1,0,0, 
2025,21,PUNO,04,CHUCUITO,02,DESAGUADERO,37983,08,08,1,2,210441003,6.210372,1,,1,1,4,1,PAPA NATIVA,2615,1,0,050,0,1,1,1,1,0,0, 
2025,21,PUNO,04,CHUCUITO,02,DESAGUADERO,37983,08,08,1,2,210441003,6.210372,1,,1,1,1,2,PAPA AMARGA,2610,1,0,050,0,1,1,1,1,0,0, 
2025,21,PUNO,04,CHUCUITO,02,DESAGUADERO,37983,08,08,1,2,210441003,6.210372,1,,1,1,2,2,PAPA NATIVA,2615,1,0,060,0,1,1,1,1,0,0, 
2025,21,PUNO,04,CHUCUITO,02,DESAGUADERO,37983,08,08,1,2,210441003,6.210372,1,,1,1,6,2,AVENA FORRAJERA,2701,1,0,020,0,1,1,1,1,0,0, 
2025,21,PUNO,04,CHUCUITO,02,DESAGUADERO,37983,08,08,1,2,210441003,6.210372,1,,1,1,5,2,ALFALFA,1401,3,0,100,0,1,1,1,1,0,0, 
2025,21,PUNO,04,CHUCUITO,02,DESAGUADERO,37984,01,01,1,2,210441003,81.45213,1,,1,0,3,1,PITUCA,2616,1,0,020,0,1,1,1,0,0,0, 
2025,21,PUNO,04,CHUCUITO,02,DESAGUADERO,37984,02,02,1,2,210441003,58.87465,1,,1,1,3,1,PAPA NATIVA,2615,1,0,050,0,1,1,1,0,0,0, 
2025,21,PUNO,04,CHUCUITO,02,DESAGUADERO,37984,02,02,1,2,210441003,58.87465,1,,1,1,1,1,PAPA NATIVA,2615,1,0,050,0,1,1,1,1,0,0, 
2025,21,PUNO,04,CHUCUITO,02,DESAGUADERO,37984,04,04,1,2,210441003,299.8108,1,,1,1,5,1,PAPA NATIVA,2615,1,0,100,0,1,1,1,0,0,0, 
2025,21,PUNO,04,CHUCUITO,02,DESAGUADERO,37984,04,04,1,2,210441003,299.8108,1,,1,1,6,1,PAPA NATIVA,2615,1,0,050,0,1,1,1,0,0,0, 
2025,21,PUNO,04,CHUCUITO,02,DESAGUADERO,37984,05,05,1,2,210441003,18.86535,1,,1,1,2,1,PAPA NATIVA,2615,1,0,020,0,1,1,1,1,0,0, 
2025,21,PUNO,04,CHUCUITO,02,DESAGUADERO,37985,01,01,1,2,210441003,54.31852,1,,1,1,2,1,PAPA NATIVA,2615,1,0,020,0,1,1,1,0,0,0, 
2025,21,PUNO,04,CHUCUITO,02,DESAGUADERO,37985,01,01,1,2,210441003,54.31852,1,,1,1,1,1,PAPA NATIVA,2615,1,0,035,0,1,1,1,0,0,0, 
2025,21,PUNO,04,CHUCUITO,02,DESAGUADERO,37985,02,02,1,2,210441003,359.7347,1,,1,1,7,1,PAPA NATIVA,2615,1,0,100,0,1,1,1,0,0,0, 
2025,21,PUNO,04,CHUCUITO,02,DESAGUADERO,37985,03,03,1,2,210441003,17.67489,1,,1,1,3,1,PAPA NATIVA,2615,1,0,020,0,1,1,1,1,0,0, 
2025,21,PUNO,04,CHUCUITO,02,DESAGUADERO,37985,03,03,1,2,210441003,17.67489,1,,1,1,2,1,PAPA NATIVA,2615,1,0,050,0,1,1,1,0,0,0, 
2025,21,PUNO,04,CHUCUITO,02,DESAGUADERO,37985,03,03,1,2,210441003,17.67489,1,,1,1,2,2,PAPA HUAYRO,2614,1,0,050,0,1,1,1,0,0,0, 
2025,21,PUNO,04,CHUCUITO,02,DESAGUADERO,37985,04,04,1,2,210441003,1.276168,1,,1,1,2,1,PAPA NATIVA,2615,1,0,300,0,1,1,1,1,0,0, 
2025,21,PUNO,04,CHUCUITO,02,DESAGUADERO,37985,04,04,1,2,210441003,1.276168,1,,1,1,3,1,ALFALFA,1401,3,0,800,0,1,0,1,1,0,0, 
2025,21,PUNO,04,CHUCUITO,02,DESAGUADERO,37985,06,06,1,2,210441003,2.384202,1,,1,1,4,1,PAPA NATIVA,2615,1,0,030,0,1,1,1,0,0,0, 
2025,21,PUNO,04,CHUCUITO,02,DESAGUADERO,37985,07,07,1,2,210441003,1.076742,1,,1,1,3,1,QUINUA,2111,1,0,100,0,1,1,1,1,0,0, 
2025,21,PUNO,04,CHUCUITO,03,HUACULLANI,37986,02,02,1,2,210451002,30.18125,1,,1,1,4,1,CAÑIHUA,2103,1,0,100,0,0,0,1,0,0,0, 
2025,21,PUNO,04,CHUCUITO,03,HUACULLANI,37987,02,02,1,2,210453003,425.5535,1,,1,1,3,1,PAPA NATIVA,2615,1,0,250,0,0,0,1,0,0,0, 
2025,21,PUNO,04,CHUCUITO,03,HUACULLANI,37987,03,03,1,2,210453003,56.9304,1,,1,1,2,1,PAPA NATIVA,2615,1,0,050,0,0,0,1,0,0,0, 
2025,21,PUNO,04,CHUCUITO,03,HUACULLANI,37988,01,01,1,2,210442003,.2528575,1,,1,1,3,1,CAÑIHUA,2103,1,0,060,0,0,1,1,0,0,0, 
2025,21,PUNO,04,CHUCUITO,03,HUACULLANI,37988,02,02,1,2,210442003,19.12323,1,,1,1,3,1,PAPA NATIVA,2615,1,0,500,0,1,0,1,0,0,0, 
2025,21,PUNO,04,CHUCUITO,03,HUACULLANI,37989,01,01,1,2,210453003,3.290493,1,,1,1,3,1,QUINUA,2111,1,0,100,0,0,1,1,1,0,0, 
2025,21,PUNO,04,CHUCUITO,03,HUACULLANI,37989,02,02,1,2,210453003,661.7625,1,,1,1,6,1,CAÑIHUA,2103,1,0,500,0,0,1,1,1,0,0, 
2025,21,PUNO,04,CHUCUITO,03,HUACULLANI,37989,03,03,1,2,210453003,.1062522,1,,1,1,2,1,CAÑIHUA,2103,1,0,100,0,0,1,1,0,0,0, 
2025,21,PUNO,04,CHUCUITO,03,HUACULLANI,37989,03,03,1,2,210453003,.1062522,1,,1,1,2,2,PAPA NATIVA,2615,1,0,300,0,0,1,1,0,0,0, 
2025,21,PUNO,04,CHUCUITO,03,HUACULLANI,37989,03,03,1,2,210453003,.1062522,1,,1,1,2,3,PAPA AMARGA,2610,1,0,120,0,0,1,1,0,0,0, 
2025,21,PUNO,04,CHUCUITO,03,HUACULLANI,37991,01,01,1,2,210453004,47.11037,1,,1,1,1,1,PAPA AMARGA,2610,1,0,050,0,0,0,1,0,0,0, 
2025,21,PUNO,04,CHUCUITO,03,HUACULLANI,37991,02,02,1,2,210453004,27.79425,1,,1,1,1,1,PAPA NATIVA,2615,1,0,017,0,0,0,1,0,0,0, 
2025,21,PUNO,04,CHUCUITO,04,KELLUYO,37993,01,01,1,2,210442003,8.782477,1,,1,1,2,1,PAPA NATIVA,2615,1,0,100,0,0,0,1,1,0,0, 
2025,21,PUNO,04,CHUCUITO,04,KELLUYO,37993,01,01,1,2,210442003,8.782477,1,,1,1,2,2,QUINUA,2111,1,0,100,0,0,0,1,1,0,0, 
2025,21,PUNO,04,CHUCUITO,04,KELLUYO,37993,02,02,1,2,210442003,43.84661,1,,1,1,4,1,PAPA NATIVA,2615,1,0,100,0,0,0,1,1,0,0, 
2025,21,PUNO,04,CHUCUITO,04,KELLUYO,37993,02,02,1,2,210442003,43.84661,1,,1,1,3,1,PAPA NATIVA,2615,1,0,080,0,0,0,1,1,0,0, 
2025,21,PUNO,04,CHUCUITO,04,KELLUYO,37995,01,01,1,2,210442004,16.92078,1,,1,1,1,1,QUINUA,2111,1,0,850,0,1,1,1,0,1,0, 
2025,21,PUNO,04,CHUCUITO,04,KELLUYO,37995,01,01,1,2,210442004,16.92078,1,,1,1,1,2,PAPA NATIVA,2615,1,0,050,0,1,1,1,0,1,0, 
2025,21,PUNO,04,CHUCUITO,04,KELLUYO,37995,02,02,1,2,210442004,4.661126,1,,1,1,1,1,QUINUA,2111,1,0,100,0,0,0,1,0,0,0, 
2025,21,PUNO,04,CHUCUITO,04,KELLUYO,37995,02,02,1,2,210442004,4.661126,1,,1,1,1,2,CAÑIHUA,2103,1,0,100,0,0,0,1,0,0,0, 
2025,21,PUNO,04,CHUCUITO,04,KELLUYO,37995,03,03,1,2,210442004,68.4511,1,,1,1,6,1,PAPA AMARGA,2610,1,0,010,0,1,0,1,0,0,0, 
2025,21,PUNO,04,CHUCUITO,04,KELLUYO,37996,02,02,1,2,210452003,43.76134,1,,1,1,2,1,PAPA NATIVA,2615,1,0,400,0,0,0,1,1,0,0, 
2025,21,PUNO,04,CHUCUITO,04,KELLUYO,37997,01,01,1,2,210442003,29.64288,1,,1,1,4,1,QUINUA,2111,1,0,100,0,0,0,1,1,0,0, 
2025,21,PUNO,04,CHUCUITO,04,KELLUYO,37997,01,01,1,2,210442003,29.64288,1,,1,1,9,1,CAÑIHUA,2103,1,0,150,0,0,0,1,1,0,0, 
2025,21,PUNO,04,CHUCUITO,04,KELLUYO,37997,01,01,1,2,210442003,29.64288,1,,1,1,5,1,PAPA NATIVA,2615,1,0,400,0,0,0,1,1,0,0, 
2025,21,PUNO,04,CHUCUITO,04,KELLUYO,37997,01,01,1,2,210442003,29.64288,1,,1,1,6,1,PAPA NATIVA,2615,1,0,300,0,0,0,1,1,0,0, 
2025,21,PUNO,04,CHUCUITO,04,KELLUYO,37997,02,02,1,2,210442003,9.463433,1,,1,1,9,1,PAPA NATIVA,2615,1,0,200,0,0,1,1,1,0,0, 
2025,21,PUNO,04,CHUCUITO,04,KELLUYO,37997,02,02,1,2,210442003,9.463433,1,,1,1,3,1,QUINUA,2111,1,0,250,0,0,0,1,1,0,0, 
2025,21,PUNO,04,CHUCUITO,04,KELLUYO,37997,02,02,1,2,210442003,9.463433,1,,1,1,5,1,PAPA NATIVA,2615,1,0,500,0,0,1,1,1,0,0, 
2025,21,PUNO,04,CHUCUITO,04,KELLUYO,37997,02,02,1,2,210442003,9.463433,1,,1,1,6,1,PAPA NATIVA,2615,1,0,300,0,0,1,1,1,0,0, 
2025,21,PUNO,04,CHUCUITO,04,KELLUYO,37997,02,02,1,2,210442003,9.463433,1,,1,1,4,1,QUINUA,2111,1,0,400,0,0,0,1,1,0,0, 
2025,21,PUNO,04,CHUCUITO,04,KELLUYO,37997,02,02,1,2,210442003,9.463433,1,,1,1,9,2,QUINUA,2111,1,0,200,0,0,1,1,1,0,0, 
2025,21,PUNO,04,CHUCUITO,04,KELLUYO,37997,03,03,1,2,210442003,10.06532,1,,1,1,3,1,QUINUA,2111,1,0,300,0,0,0,1,1,0,0, 
2025,21,PUNO,04,CHUCUITO,04,KELLUYO,37998,01,01,1,2,210442003,2.802499,1,,1,1,2,1,CEBADA FORRAJERA,2703,1,0,750,0,1,0,1,1,1,0, 
2025,21,PUNO,04,CHUCUITO,04,KELLUYO,37998,01,01,1,2,210442003,2.802499,1,,1,1,2,2,PAPA NATIVA,2615,1,0,020,0,0,1,1,1,1,0, 
2025,21,PUNO,04,CHUCUITO,04,KELLUYO,37998,01,01,1,2,210442003,2.802499,1,,1,1,2,3,CAÑIHUA,2103,1,0,200,0,0,1,1,1,1,0, 
2025,21,PUNO,04,CHUCUITO,04,KELLUYO,37998,02,02,1,2,210442003,13.82113,1,,1,1,5,1,PAPA NATIVA,2615,1,0,060,0,0,1,1,1,1,0, 
2025,21,PUNO,04,CHUCUITO,04,KELLUYO,37998,02,02,1,2,210442003,13.82113,1,,1,1,2,1,CEBADA FORRAJERA,2703,1,0,110,0,0,0,1,1,1,0, 
2025,21,PUNO,04,CHUCUITO,04,KELLUYO,37998,02,02,1,2,210442003,13.82113,1,,1,1,3,1,CEBADA FORRAJERA,2703,1,0,500,0,0,0,1,1,1,0, 
2025,21,PUNO,04,CHUCUITO,04,KELLUYO,37998,03,03,1,2,210442003,2.02999,1,,1,1,3,1,QUINUA,2111,1,0,060,0,0,1,1,0,1,0, 
2025,21,PUNO,04,CHUCUITO,04,KELLUYO,37998,03,03,1,2,210442003,2.02999,1,,1,1,2,1,CEBADA FORRAJERA,2703,1,0,480,0,0,0,1,0,1,0, 
2025,21,PUNO,04,CHUCUITO,04,KELLUYO,37998,03,03,1,2,210442003,2.02999,1,,1,1,2,2,CAÑIHUA,2103,1,0,060,0,0,1,1,0,1,0, 
2025,21,PUNO,04,CHUCUITO,04,KELLUYO,37998,03,03,1,2,210442003,2.02999,1,,1,1,2,3,PAPA NATIVA,2615,1,0,060,0,0,1,1,0,1,0, 
2025,21,PUNO,04,CHUCUITO,04,KELLUYO,37998,04,04,1,2,210442003,3.139199,1,,1,1,3,1,CEBADA FORRAJERA,2703,1,1,000,0,0,0,1,1,1,0, 
2025,21,PUNO,04,CHUCUITO,04,KELLUYO,37998,04,04,1,2,210442003,3.139199,1,,1,1,2,1,AVENA FORRAJERA,2701,1,2,000,0,0,0,1,1,1,0, 
2025,21,PUNO,04,CHUCUITO,04,KELLUYO,37998,04,04,1,2,210442003,3.139199,1,,1,1,6,1,PAPA NATIVA,2615,1,0,500,0,1,1,1,1,1,0, 
2025,21,PUNO,04,CHUCUITO,04,KELLUYO,37998,04,04,1,2,210442003,3.139199,1,,1,1,5,1,CEBADA FORRAJERA,2703,1,2,000,0,0,0,1,1,1,0, 
2025,21,PUNO,04,CHUCUITO,04,KELLUYO,37998,04,04,1,2,210442003,3.139199,1,,1,1,6,2,CEBADA FORRAJERA,2703,1,1,000,0,0,0,1,1,1,0, 
2025,21,PUNO,04,CHUCUITO,04,KELLUYO,37998,04,04,1,2,210442003,3.139199,1,,1,1,3,2,CAÑIHUA,2103,1,0,500,0,0,1,1,1,1,0, 
2025,21,PUNO,04,CHUCUITO,04,KELLUYO,37998,05,05,1,2,210442003,55.23242,1,,1,1,3,1,PAPA NATIVA,2615,1,0,200,0,0,1,1,1,1,0, 
2025,21,PUNO,04,CHUCUITO,04,KELLUYO,37998,05,05,1,2,210442003,55.23242,1,,1,1,1,1,AVENA FORRAJERA,2701,1,0,180,0,0,0,1,1,1,0, 
2025,21,PUNO,04,CHUCUITO,04,KELLUYO,37998,05,05,1,2,210442003,55.23242,1,,1,1,2,1,CEBADA FORRAJERA,2703,1,0,376,0,0,0,1,1,1,0, 
2025,21,PUNO,04,CHUCUITO,04,KELLUYO,37998,05,05,1,2,210442003,55.23242,1,,1,1,4,1,CEBADA FORRAJERA,2703,1,0,200,0,0,0,1,1,1,0, 
2025,21,PUNO,04,CHUCUITO,04,KELLUYO,37998,05,05,1,2,210442003,55.23242,1,,1,1,4,2,CAÑIHUA,2103,1,0,120,0,0,1,1,1,1,0, 
2025,21,PUNO,04,CHUCUITO,04,KELLUYO,37998,06,06,1,2,210442003,14.07088,1,,1,1,1,1,CEBADA FORRAJERA,2703,1,0,200,0,0,0,1,1,1,0, 
2025,21,PUNO,04,CHUCUITO,04,KELLUYO,37998,06,06,1,2,210442003,14.07088,1,,1,1,3,1,CEBADA FORRAJERA,2703,1,0,200,0,0,0,1,1,1,0, 
2025,21,PUNO,04,CHUCUITO,04,KELLUYO,37998,07,07,1,2,210442003,4.182045,1,,1,1,2,1,PAPA AMARGA,2610,1,0,250,0,0,1,1,1,1,0, 
2025,21,PUNO,04,CHUCUITO,04,KELLUYO,37998,07,07,1,2,210442003,4.182045,1,,1,1,3,1,PAPA NATIVA,2615,1,0,500,0,0,1,1,1,1,0, 
2025,21,PUNO,04,CHUCUITO,04,KELLUYO,37998,07,07,1,2,210442003,4.182045,1,,1,1,3,2,CEBADA FORRAJERA,2703,1,1,000,0,0,0,1,1,1,0, 
2025,21,PUNO,04,CHUCUITO,04,KELLUYO,37998,07,07,1,2,210442003,4.182045,1,,1,1,2,2,AVENA FORRAJERA,2701,1,0,500,0,0,0,1,1,1,0, 
2025,21,PUNO,04,CHUCUITO,04,KELLUYO,37998,07,07,1,2,210442003,4.182045,1,,1,1,3,3,QUINUA,2111,1,0,500,0,0,1,1,1,1,0, 
2025,21,PUNO,04,CHUCUITO,04,KELLUYO,37999,01,01,1,2,210452004,3.645079,1,,1,1,1,1,QUINUA,2111,1,0,100,0,0,0,1,0,0,0, 
2025,21,PUNO,04,CHUCUITO,04,KELLUYO,37999,01,01,1,2,210452004,3.645079,1,,1,1,1,2,CAÑIHUA,2103,1,0,116,0,0,0,1,0,0,0, 
2025,21,PUNO,04,CHUCUITO,04,KELLUYO,37999,02,02,1,2,210452004,1.604205,1,,1,1,3,1,PAPA NATIVA,2615,1,0,100,0,0,0,1,0,0,0, 
2025,21,PUNO,04,CHUCUITO,04,KELLUYO,37999,02,02,1,2,210452004,1.604205,1,,1,1,3,2,QUINUA,2111,1,0,100,0,0,0,1,0,0,0, 
2025,21,PUNO,04,CHUCUITO,04,KELLUYO,37999,02,02,1,2,210452004,1.604205,1,,1,1,3,3,CAÑIHUA,2103,1,0,100,0,0,0,1,0,0,0, 
2025,21,PUNO,04,CHUCUITO,04,KELLUYO,37999,02,02,1,2,210452004,1.604205,1,,1,1,3,4,HABA,2942,1,0,100,0,0,0,1,0,0,0, 
2025,21,PUNO,04,CHUCUITO,04,KELLUYO,37999,03,03,1,2,210452004,4.158841,1,,1,1,2,1,CAÑIHUA,2103,1,0,050,0,0,0,1,0,0,0, 
2025,21,PUNO,04,CHUCUITO,04,KELLUYO,37999,03,03,1,2,210452004,4.158841,1,,1,1,4,1,CAÑIHUA,2103,1,0,050,0,0,0,1,0,0,0, 
2025,21,PUNO,04,CHUCUITO,04,KELLUYO,37999,03,03,1,2,210452004,4.158841,1,,1,1,2,2,QUINUA,2111,1,0,050,0,0,0,1,0,0,0, 
2025,21,PUNO,04,CHUCUITO,04,KELLUYO,37999,04,04,1,2,210452004,7.671595,1,,1,1,6,1,QUINUA,2111,1,0,020,0,0,0,1,0,0,0, 
2025,21,PUNO,04,CHUCUITO,04,KELLUYO,37999,05,05,1,2,210452004,6.056382,1,,1,1,2,1,HABA,2942,1,0,040,0,0,0,1,0,0,0, 
2025,21,PUNO,04,CHUCUITO,04,KELLUYO,37999,05,05,1,2,210452004,6.056382,1,,1,1,5,1,QUINUA,2111,1,0,030,0,0,0,1,0,0,0, 
2025,21,PUNO,04,CHUCUITO,04,KELLUYO,37999,05,05,1,2,210452004,6.056382,1,,1,1,5,2,CAÑIHUA,2103,1,0,020,0,0,0,1,0,0,0, 
2025,21,PUNO,04,CHUCUITO,04,KELLUYO,37999,06,06,1,2,210452004,6.063168,1,,1,1,1,1,CAÑIHUA,2103,1,0,500,0,1,0,1,0,1,0, 
2025,21,PUNO,04,CHUCUITO,04,KELLUYO,37999,06,06,1,2,210452004,6.063168,1,,1,1,1,2,HABA,2942,1,0,080,0,1,0,1,0,1,0, 
2025,21,PUNO,04,CHUCUITO,04,KELLUYO,37999,06,06,1,2,210452004,6.063168,1,,1,1,1,3,CEBADA GRANO,2104,1,0,250,0,1,0,1,0,1,0, 
2025,21,PUNO,04,CHUCUITO,04,KELLUYO,37999,07,07,1,2,210452004,.062706,1,,1,1,1,1,CAÑIHUA,2103,1,0,350,0,0,1,1,0,0,0, 
2025,21,PUNO,04,CHUCUITO,04,KELLUYO,38000,02,02,1,2,210442003,171.3809,1,,1,1,1,1,PAPA NATIVA,2615,1,0,070,0,0,0,1,1,0,0, 
2025,21,PUNO,04,CHUCUITO,04,KELLUYO,38000,02,02,1,2,210442003,171.3809,1,,1,1,1,2,OCA,2608,1,0,030,0,0,0,1,1,0,0, 
2025,21,PUNO,04,CHUCUITO,04,KELLUYO,38001,01,01,1,2,210442003,5.855555,1,,1,1,7,1,PAPA NATIVA,2615,1,2,000,0,0,0,1,0,0,0, 
2025,21,PUNO,04,CHUCUITO,04,KELLUYO,38001,01,01,1,2,210442003,5.855555,1,,1,1,2,1,CAÑIHUA,2103,1,3,000,0,0,0,1,1,0,0, 
2025,21,PUNO,04,CHUCUITO,04,KELLUYO,38001,02,02,1,2,210442003,73.08891,1,,1,1,3,1,CAÑIHUA,2103,1,1,300,0,0,1,1,1,0,0, 
2025,21,PUNO,04,CHUCUITO,04,KELLUYO,38001,03,03,1,2,210442003,8.106028,1,,1,1,4,1,PAPA NATIVA,2615,1,0,500,0,0,0,1,1,0,0, 
2025,21,PUNO,04,CHUCUITO,04,KELLUYO,38002,01,01,1,2,210442003,27.20156,1,,1,1,2,1,CAÑIHUA,2103,1,1,092,0,0,1,1,0,0,0, 
2025,21,PUNO,04,CHUCUITO,04,KELLUYO,38002,02,02,1,2,210442003,21.11914,1,,1,1,2,1,CEBADA FORRAJERA,2703,1,0,364,0,0,1,1,1,0,0, 
2025,21,PUNO,04,CHUCUITO,04,KELLUYO,38002,02,02,1,2,210442003,21.11914,1,,1,1,3,1,PAPA NATIVA,2615,1,0,100,0,0,1,1,1,0,0, 
2025,21,PUNO,04,CHUCUITO,04,KELLUYO,38002,02,02,1,2,210442003,21.11914,1,,1,1,1,1,CEBADA FORRAJERA,2703,1,0,180,0,0,0,1,1,0,0, 
2025,21,PUNO,04,CHUCUITO,04,KELLUYO,38002,02,02,1,2,210442003,21.11914,1,,1,1,4,1,PAPA NATIVA,2615,1,0,200,0,0,1,1,1,0,0, 
2025,21,PUNO,04,CHUCUITO,04,KELLUYO,38002,03,03,1,2,210442003,4.432547,1,,1,1,2,1,QUINUA,2111,1,0,030,0,0,1,1,1,0,0, 
2025,21,PUNO,04,CHUCUITO,04,KELLUYO,38002,03,03,1,2,210442003,4.432547,1,,1,1,3,1,PAPA NATIVA,2615,1,0,300,0,0,0,1,1,0,0, 
2025,21,PUNO,04,CHUCUITO,04,KELLUYO,38002,03,03,1,2,210442003,4.432547,1,,1,1,4,1,QUINUA,2111,1,0,300,0,0,1,1,1,0,0, 
2025,21,PUNO,04,CHUCUITO,04,KELLUYO,38002,03,03,1,2,210442003,4.432547,1,,1,1,3,2,CAÑIHUA,2103,1,0,300,0,0,1,1,1,0,0, 
2025,21,PUNO,04,CHUCUITO,04,KELLUYO,38002,03,03,1,2,210442003,4.432547,1,,1,1,4,2,PAPA NATIVA,2615,1,0,300,0,0,1,1,1,0,0, 
2025,21,PUNO,04,CHUCUITO,04,KELLUYO,38002,04,04,1,2,210442003,18.09623,1,,1,1,4,1,PAPA NATIVA,2615,1,4,000,0,0,1,1,1,0,0, 
2025,21,PUNO,04,CHUCUITO,04,KELLUYO,38002,04,04,1,2,210442003,18.09623,1,,1,1,6,1,CAÑIHUA,2103,1,0,750,0,0,1,1,1,0,0, 
2025,21,PUNO,04,CHUCUITO,04,KELLUYO,38002,04,04,1,2,210442003,18.09623,1,,1,1,3,1,QUINUA,2111,1,0,245,0,0,1,1,1,0,0, 
2025,21,PUNO,04,CHUCUITO,04,KELLUYO,38002,04,04,1,2,210442003,18.09623,1,,1,1,5,1,CAÑIHUA,2103,1,0,500,0,0,1,1,1,0,0, 
2025,21,PUNO,04,CHUCUITO,04,KELLUYO,38002,04,04,1,2,210442003,18.09623,1,,1,1,7,1,AVENA FORRAJERA,2701,1,8,000,0,0,1,1,1,0,0, 
2025,21,PUNO,04,CHUCUITO,04,KELLUYO,38002,04,04,1,2,210442003,18.09623,1,,1,1,4,2,QUINUA,2111,1,0,250,0,0,1,1,1,0,0, 
2025,21,PUNO,04,CHUCUITO,04,KELLUYO,38002,04,04,1,2,210442003,18.09623,1,,1,1,4,3,CAÑIHUA,2103,1,0,500,0,0,1,1,1,0,0, 
2025,21,PUNO,04,CHUCUITO,04,KELLUYO,38002,05,05,1,2,210442003,74.69167,1,,1,1,2,1,CAÑIHUA,2103,1,0,738,0,0,1,1,1,0,0, 
2025,21,PUNO,04,CHUCUITO,04,KELLUYO,38003,01,01,1,2,210443003,2.462416,1,,1,1,2,1,CAÑIHUA,2103,1,0,500,0,1,1,1,1,0,0, 
2025,21,PUNO,04,CHUCUITO,04,KELLUYO,38003,02,02,1,2,210443003,8.840659,1,,1,1,3,1,PAPA NATIVA,2615,1,0,050,0,1,0,1,1,0,0, 
2025,21,PUNO,04,CHUCUITO,04,KELLUYO,38003,03,03,1,2,210443003,205.5307,1,,1,1,3,1,PAPA NATIVA,2615,1,0,050,0,1,1,1,1,0,0, 
2025,21,PUNO,04,CHUCUITO,04,KELLUYO,38003,06,06,1,2,210443003,19.61007,1,,1,1,3,1,HABA,2942,1,0,100,0,0,1,1,1,0,0, 
2025,21,PUNO,04,CHUCUITO,04,KELLUYO,38003,07,07,1,2,210443003,18.49139,1,,1,1,3,1,PAPA NATIVA,2615,1,0,040,0,1,0,1,0,0,0, 
2025,21,PUNO,04,CHUCUITO,04,KELLUYO,38003,07,07,1,2,210443003,18.49139,1,,1,1,3,2,CAÑIHUA,2103,1,0,030,0,1,0,0,0,0,0, 
2025,21,PUNO,04,CHUCUITO,04,KELLUYO,38005,01,01,1,2,210442003,19.08879,1,,1,1,3,1,CEBADA FORRAJERA,2703,1,0,050,0,0,0,1,1,1,0, 
2025,21,PUNO,04,CHUCUITO,04,KELLUYO,38005,01,01,1,2,210442003,19.08879,1,,1,1,4,1,PAPA NATIVA,2615,1,0,060,0,0,1,1,1,1,0, 
2025,21,PUNO,04,CHUCUITO,04,KELLUYO,38005,01,01,1,2,210442003,19.08879,1,,1,1,2,1,CAÑIHUA,2103,1,0,050,0,0,1,1,1,1,0, 
2025,21,PUNO,04,CHUCUITO,04,KELLUYO,38005,01,01,1,2,210442003,19.08879,1,,1,1,6,1,CEBADA FORRAJERA,2703,1,0,050,0,0,0,1,1,1,0, 
2025,21,PUNO,04,CHUCUITO,04,KELLUYO,38005,01,01,1,2,210442003,19.08879,1,,1,1,5,1,PAPA NATIVA,2615,1,0,150,0,0,1,1,1,1,0, 
2025,21,PUNO,04,CHUCUITO,04,KELLUYO,38005,01,01,1,2,210442003,19.08879,1,,1,1,4,2,QUINUA,2111,1,0,080,0,0,1,1,1,1,0, 
2025,21,PUNO,04,CHUCUITO,04,KELLUYO,38005,02,02,1,2,210442003,28.87429,1,,1,1,3,1,CAÑIHUA,2103,1,0,500,0,0,1,1,1,1,0, 
2025,21,PUNO,04,CHUCUITO,04,KELLUYO,38005,02,02,1,2,210442003,28.87429,1,,1,1,2,1,PAPA NATIVA,2615,1,0,500,0,0,1,1,1,1,0, 
2025,21,PUNO,04,CHUCUITO,04,KELLUYO,38005,02,02,1,2,210442003,28.87429,1,,1,1,2,2,QUINUA,2111,1,0,500,0,0,1,1,1,1,0, 
2025,21,PUNO,04,CHUCUITO,04,KELLUYO,38005,02,02,1,2,210442003,28.87429,1,,1,1,2,3,CEBADA GRANO,2104,1,0,500,0,0,0,1,1,1,1, 
2025,21,PUNO,04,CHUCUITO,04,KELLUYO,38005,03,03,1,2,210442003,34.54578,1,,1,1,2,1,PAPA NATIVA,2615,1,0,500,0,0,1,1,1,1,0, 
2025,21,PUNO,04,CHUCUITO,04,KELLUYO,38005,03,03,1,2,210442003,34.54578,1,,1,1,3,1,CAÑIHUA,2103,1,0,500,0,0,1,1,1,1,1, 
2025,21,PUNO,04,CHUCUITO,04,KELLUYO,38005,03,03,1,2,210442003,34.54578,1,,1,1,2,2,QUINUA,2111,1,0,500,0,0,1,1,1,1,0, 
2025,21,PUNO,04,CHUCUITO,04,KELLUYO,38005,03,03,1,2,210442003,34.54578,1,,1,1,2,3,CEBADA GRANO,2104,1,0,500,0,0,0,1,1,1,1, 
2025,21,PUNO,04,CHUCUITO,04,KELLUYO,38005,04,04,1,2,210442003,22.15577,1,,1,1,4,1,PAPA NATIVA,2615,1,0,020,0,0,0,1,0,1,0, 
2025,21,PUNO,04,CHUCUITO,04,KELLUYO,38005,05,05,1,2,210442003,14.10901,1,,1,1,2,1,PAPA NATIVA,2615,1,0,014,0,0,0,1,1,0,0, 
2025,21,PUNO,04,CHUCUITO,04,KELLUYO,38005,06,06,1,2,210442003,16.53424,1,,1,1,2,1,PAPA NATIVA,2615,1,0,500,0,0,1,1,1,0,0, 
2025,21,PUNO,04,CHUCUITO,04,KELLUYO,38006,01,01,1,2,210452003,220.3481,1,,1,1,3,1,PAPA NATIVA,2615,1,0,010,0,0,0,1,0,0,0, 
2025,21,PUNO,04,CHUCUITO,04,KELLUYO,38006,05,05,1,2,210452003,14.84628,1,,1,1,3,1,CAÑIHUA,2103,1,0,500,0,0,1,1,0,0,0, 
2025,21,PUNO,04,CHUCUITO,04,KELLUYO,38006,05,05,1,2,210452003,14.84628,1,,1,1,2,1,PAPA NATIVA,2615,1,2,000,0,0,1,1,0,0,0, 
2025,21,PUNO,04,CHUCUITO,04,KELLUYO,38006,05,05,1,2,210452003,14.84628,1,,1,1,3,2,QUINUA,2111,1,0,500,0,0,1,1,0,0,0, 
2025,21,PUNO,04,CHUCUITO,04,KELLUYO,38006,05,05,1,2,210452003,14.84628,1,,1,1,2,2,CAÑIHUA,2103,1,1,000,0,0,1,1,1,0,0, 
2025,21,PUNO,04,CHUCUITO,04,KELLUYO,38007,01,01,1,2,210442003,3.580872,1,,1,1,2,1,QUINUA,2111,1,0,150,0,0,0,1,0,0,0, 
2025,21,PUNO,04,CHUCUITO,04,KELLUYO,38007,01,01,1,2,210442003,3.580872,1,,1,1,2,2,CAÑIHUA,2103,1,0,100,0,0,0,1,0,0,0, 
2025,21,PUNO,04,CHUCUITO,04,KELLUYO,38007,01,01,1,2,210442003,3.580872,1,,1,1,2,3,HABA,2942,1,0,100,0,0,0,1,0,0,0, 
2025,21,PUNO,04,CHUCUITO,04,KELLUYO,38007,04,04,1,2,210442003,31.26346,1,,1,1,4,1,QUINUA,2111,1,0,400,0,0,0,1,0,0,0, 
2025,21,PUNO,04,CHUCUITO,04,KELLUYO,38007,04,04,1,2,210442003,31.26346,1,,1,1,4,2,CAÑIHUA,2103,1,0,900,0,0,0,1,0,0,0, 
2025,21,PUNO,04,CHUCUITO,04,KELLUYO,38007,05,05,1,2,210442003,11.03964,1,,1,1,3,1,QUINUA,2111,1,0,100,0,0,0,1,0,0,0, 
2025,21,PUNO,04,CHUCUITO,04,KELLUYO,38007,05,05,1,2,210442003,11.03964,1,,1,1,3,2,CAÑIHUA,2103,1,0,100,0,0,0,1,0,0,0, 
2025,21,PUNO,04,CHUCUITO,04,KELLUYO,38007,05,05,1,2,210442003,11.03964,1,,1,1,3,3,PAPA AMARGA,2610,1,0,100,0,1,0,1,0,0,0, 
2025,21,PUNO,04,CHUCUITO,04,KELLUYO,38007,05,05,1,2,210442003,11.03964,1,,1,1,3,4,HABA,2942,1,0,100,0,0,0,1,0,0,0, 
2025,21,PUNO,04,CHUCUITO,04,KELLUYO,38007,06,06,1,2,210442003,3.650961,1,,1,1,4,1,AVENA FORRAJERA,2701,1,1,000,0,1,0,1,0,0,0, 
2025,21,PUNO,04,CHUCUITO,04,KELLUYO,38007,06,06,1,2,210442003,3.650961,1,,1,1,3,1,HABA,2942,1,0,100,0,1,0,0,0,0,0, 
2025,21,PUNO,04,CHUCUITO,04,KELLUYO,38007,06,06,1,2,210442003,3.650961,1,,1,1,2,1,QUINUA,2111,1,0,020,0,0,0,1,0,0,0, 
2025,21,PUNO,04,CHUCUITO,04,KELLUYO,38007,06,06,1,2,210442003,3.650961,1,,1,1,3,2,QUINUA,2111,1,0,100,0,0,0,1,0,0,0, 
2025,21,PUNO,04,CHUCUITO,04,KELLUYO,38007,06,06,1,2,210442003,3.650961,1,,1,1,2,2,CAÑIHUA,2103,1,0,025,0,0,0,1,0,0,0, 
2025,21,PUNO,04,CHUCUITO,04,KELLUYO,38007,07,07,1,2,210442003,9.699887,1,,1,1,3,1,PAPA NATIVA,2615,1,0,100,0,0,0,1,0,0,0, 
2025,21,PUNO,04,CHUCUITO,04,KELLUYO,38007,07,07,1,2,210442003,9.699887,1,,1,1,3,2,QUINUA,2111,1,0,100,0,1,0,1,0,0,0, 
2025,21,PUNO,04,CHUCUITO,04,KELLUYO,38007,07,07,1,2,210442003,9.699887,1,,1,1,3,3,CAÑIHUA,2103,1,0,100,0,0,0,1,0,0,0, 
2025,21,PUNO,04,CHUCUITO,04,KELLUYO,38008,01,01,1,2,210443003,93.98703,1,,1,1,4,1,CAÑIHUA,2103,1,0,125,0,1,1,1,1,1,0, 
2025,21,PUNO,04,CHUCUITO,04,KELLUYO,38008,01,01,1,2,210443003,93.98703,1,,1,1,2,1,CEBADA FORRAJERA,2703,1,0,045,0,1,0,1,1,1,0, 
2025,21,PUNO,04,CHUCUITO,04,KELLUYO,38008,01,01,1,2,210443003,93.98703,1,,1,1,3,1,PAPA AMARGA,2610,1,0,050,0,1,1,1,1,1,0, 
2025,21,PUNO,04,CHUCUITO,04,KELLUYO,38008,01,01,1,2,210443003,93.98703,1,,1,1,1,1,CEBADA FORRAJERA,2703,1,0,354,0,1,0,1,1,1,0, 
2025,21,PUNO,04,CHUCUITO,04,KELLUYO,38008,02,02,1,2,210443003,51.07824,1,,1,1,1,1,CEBADA FORRAJERA,2703,1,0,260,0,1,0,1,1,1,0, 
2025,21,PUNO,04,CHUCUITO,04,KELLUYO,38008,03,03,1,2,210443003,96.1857,1,,1,1,4,1,CAÑIHUA,2103,1,0,240,0,1,1,1,1,1,0, 
2025,21,PUNO,04,CHUCUITO,04,KELLUYO,38009,01,01,1,2,210442003,108.801,1,,1,1,3,1,CAÑIHUA,2103,1,0,250,0,0,0,1,1,0,0, 
2025,21,PUNO,04,CHUCUITO,04,KELLUYO,38009,01,01,1,2,210442003,108.801,1,,1,1,4,1,QUINUA,2111,1,0,100,0,0,1,1,1,0,0, 
2025,21,PUNO,04,CHUCUITO,04,KELLUYO,38009,02,02,1,2,210442003,9.552271,1,,1,1,3,1,CAÑIHUA,2103,1,0,250,0,0,1,1,1,0,0, 
2025,21,PUNO,04,CHUCUITO,04,KELLUYO,38009,02,02,1,2,210442003,9.552271,1,,1,1,1,1,QUINUA,2111,1,0,143,0,0,1,1,0,0,0, 
2025,21,PUNO,04,CHUCUITO,04,KELLUYO,38009,04,04,1,2,210442003,7.543169,1,,1,1,4,1,QUINUA,2111,1,0,500,0,0,1,1,1,0,0, 
2025,21,PUNO,04,CHUCUITO,04,KELLUYO,38009,04,04,1,2,210442003,7.543169,1,,1,1,3,1,CAÑIHUA,2103,1,1,000,0,0,0,1,1,0,0, 
2025,21,PUNO,04,CHUCUITO,04,KELLUYO,38009,04,04,1,2,210442003,7.543169,1,,1,1,2,1,QUINUA,2111,1,0,500,0,0,1,1,1,0,0, 
2025,21,PUNO,04,CHUCUITO,04,KELLUYO,38009,04,04,1,2,210442003,7.543169,1,,1,1,4,2,CEBADA FORRAJERA,2703,1,1,250,0,0,1,1,1,0,0, 
2025,21,PUNO,04,CHUCUITO,04,KELLUYO,38009,04,04,1,2,210442003,7.543169,1,,1,1,4,3,CAÑIHUA,2103,1,0,500,0,0,1,1,1,0,0, 
2025,21,PUNO,04,CHUCUITO,05,PISACOMA,38012,01,01,1,2,210442003,32.61259,1,,1,1,2,1,PAPA NATIVA,2615,1,0,500,0,0,0,1,0,0,0, 
2025,21,PUNO,04,CHUCUITO,05,PISACOMA,38012,01,01,1,2,210442003,32.61259,1,,1,1,4,1,PAPA NATIVA,2615,1,0,500,0,0,0,1,0,0,0, 
2025,21,PUNO,04,CHUCUITO,05,PISACOMA,38012,01,01,1,2,210442003,32.61259,1,,1,1,3,1,CAÑIHUA,2103,1,0,500,0,0,0,1,0,0,0, 
2025,21,PUNO,04,CHUCUITO,05,PISACOMA,38012,01,01,1,2,210442003,32.61259,1,,1,1,2,2,QUINUA,2111,1,0,500,0,0,0,1,0,0,0, 
2025,21,PUNO,04,CHUCUITO,05,PISACOMA,38012,02,02,1,2,210442003,46.1073,1,,1,1,3,1,QUINUA,2111,1,0,250,0,0,0,1,1,0,0, 
2025,21,PUNO,04,CHUCUITO,05,PISACOMA,38012,02,02,1,2,210442003,46.1073,1,,1,1,2,1,PAPA NATIVA,2615,1,0,250,0,0,0,1,1,0,0, 
2025,21,PUNO,04,CHUCUITO,05,PISACOMA,38012,02,02,1,2,210442003,46.1073,1,,1,1,2,2,CAÑIHUA,2103,1,0,250,0,0,0,1,1,0,0, 
2025,21,PUNO,04,CHUCUITO,05,PISACOMA,38012,03,03,1,2,210442003,258.4216,1,,1,1,3,1,CAÑIHUA,2103,1,0,500,0,0,0,1,1,0,0, 
2025,21,PUNO,04,CHUCUITO,05,PISACOMA,38012,03,03,1,2,210442003,258.4216,1,,1,1,4,1,PAPA NATIVA,2615,1,0,250,0,0,0,1,0,0,0, 
2025,21,PUNO,04,CHUCUITO,05,PISACOMA,38012,03,03,1,2,210442003,258.4216,1,,1,1,2,1,PAPA NATIVA,2615,1,0,250,0,0,0,1,0,0,0, 
2025,21,PUNO,04,CHUCUITO,05,PISACOMA,38012,03,03,1,2,210442003,258.4216,1,,1,1,2,2,CAÑIHUA,2103,1,0,250,0,0,0,1,1,0,0, 
2025,21,PUNO,04,CHUCUITO,05,PISACOMA,38012,04,04,1,2,210442003,4.390012,1,,1,1,2,1,PAPA NATIVA,2615,1,0,500,0,0,0,1,0,0,0, 
2025,21,PUNO,04,CHUCUITO,05,PISACOMA,38012,05,05,1,2,210442003,295.0242,1,,1,1,2,1,PAPA NATIVA,2615,1,0,250,0,0,0,1,1,0,0, 
2025,21,PUNO,04,CHUCUITO,05,PISACOMA,38012,05,05,1,2,210442003,295.0242,1,,1,1,2,2,QUINUA,2111,1,0,250,0,0,0,1,1,0,0, 
2025,21,PUNO,04,CHUCUITO,05,PISACOMA,38013,03,03,1,2,210443003,87.57855,1,,1,1,5,1,QUINUA,2111,1,0,020,0,0,1,1,1,0,0, 
2025,21,PUNO,04,CHUCUITO,06,POMATA,38014,01,01,1,2,210441003,308.7278,1,,1,1,3,1,AVENA FORRAJERA,2701,1,0,400,0,0,0,1,1,0,0, 
2025,21,PUNO,04,CHUCUITO,06,POMATA,38014,01,01,1,2,210441003,308.7278,1,,1,1,7,1,PAPA NATIVA,2615,1,0,060,0,1,1,1,1,1,0, 
2025,21,PUNO,04,CHUCUITO,06,POMATA,38014,01,01,1,2,210441003,308.7278,1,,1,1,2,1,HABA,2942,1,0,060,0,0,1,1,1,0,0, 
2025,21,PUNO,04,CHUCUITO,06,POMATA,38014,06,06,1,2,210441003,56.16763,1,,1,1,8,1,OCA,2608,1,0,080,0,0,0,1,0,1,0, 
2025,21,PUNO,04,CHUCUITO,06,POMATA,38014,06,06,1,2,210441003,56.16763,1,,1,1,5,1,PAPA NATIVA,2615,1,0,160,0,1,1,1,1,1,0, 
2025,21,PUNO,04,CHUCUITO,06,POMATA,38014,06,06,1,2,210441003,56.16763,1,,1,1,2,1,ALFALFA,1401,3,0,750,0,1,0,0,0,0,0, 
2025,21,PUNO,04,CHUCUITO,06,POMATA,38014,06,06,1,2,210441003,56.16763,1,,1,1,3,1,ALFALFA,1401,3,0,300,0,1,0,0,0,0,0, 
2025,21,PUNO,04,CHUCUITO,06,POMATA,38015,01,01,1,2,210441003,118.1345,1,,1,1,5,1,AVENA FORRAJERA,2701,1,0,200,0,1,0,0,0,0,0, 
2025,21,PUNO,04,CHUCUITO,06,POMATA,38016,03,03,1,2,210441003,361.9438,1,,1,1,5,1,PAPA NATIVA,2615,1,0,180,0,0,1,1,1,1,0, 
2025,21,PUNO,04,CHUCUITO,06,POMATA,38016,03,03,1,2,210441003,361.9438,1,,1,1,3,1,PAPA NATIVA,2615,1,0,020,0,1,0,1,1,1,0, 
2025,21,PUNO,04,CHUCUITO,06,POMATA,38017,01,01,1,2,210441003,173.9705,1,,1,1,6,1,OCA,2608,1,50,000,0,1,1,1,0,0,0, 
2025,21,PUNO,04,CHUCUITO,06,POMATA,38017,01,01,1,2,210441003,173.9705,1,,1,1,1,1,QUINUA,2111,1,995,000,0,1,1,1,0,0,0, 
2025,21,PUNO,04,CHUCUITO,06,POMATA,38017,01,01,1,2,210441003,173.9705,1,,1,1,8,1,QUINUA,2111,1,40,000,0,1,1,1,0,0,0, 
2025,21,PUNO,04,CHUCUITO,06,POMATA,38017,01,01,1,2,210441003,173.9705,1,,1,1,9,1,HABA,2942,1,80,000,0,1,1,1,0,0,0, 
2025,21,PUNO,04,CHUCUITO,06,POMATA,38017,01,01,1,2,210441003,173.9705,1,,1,1,5,1,PAPA NATIVA,2615,1,80,000,0,1,1,1,0,0,0, 
2025,21,PUNO,04,CHUCUITO,06,POMATA,38017,01,01,1,2,210441003,173.9705,1,,1,1,7,1,OCA,2608,1,60,000,0,1,1,1,0,0,0, 
2025,21,PUNO,04,CHUCUITO,06,POMATA,38017,02,02,1,2,210441003,26.64444,1,,1,1,5,1,HABA,2942,1,100,000,0,0,0,1,0,0,0, 
2025,21,PUNO,04,CHUCUITO,06,POMATA,38017,02,02,1,2,210441003,26.64444,1,,1,1,3,1,PAPA NATIVA,2615,1,200,000,0,1,0,1,0,0,0, 
2025,21,PUNO,04,CHUCUITO,06,POMATA,38017,02,02,1,2,210441003,26.64444,1,,1,1,2,1,LECHUGA,2326,1,5,000,0,0,0,1,0,0,0, 
2025,21,PUNO,04,CHUCUITO,06,POMATA,38017,02,02,1,2,210441003,26.64444,1,,1,1,2,2,ZANAHORIA,2344,1,5,000,0,0,0,1,0,0,0, 
2025,21,PUNO,04,CHUCUITO,06,POMATA,38017,02,02,1,2,210441003,26.64444,1,,1,1,2,3,BETARRAGA,2310,1,5,000,0,0,0,1,0,0,0, 
2025,21,PUNO,04,CHUCUITO,06,POMATA,38017,02,02,1,2,210441003,26.64444,1,,1,1,2,4,CEBOLLA,2315,1,5,000,0,0,0,1,0,0,0, 
2025,21,PUNO,04,CHUCUITO,06,POMATA,38017,04,04,1,2,210441003,154.0843,1,,1,1,4,1,HABA,2942,1,150,000,0,1,1,1,0,0,0, 
2025,21,PUNO,04,CHUCUITO,06,POMATA,38017,04,04,1,2,210441003,154.0843,1,,1,1,8,1,PAPA NATIVA,2615,1,40,000,0,1,1,1,0,0,0, 
2025,21,PUNO,04,CHUCUITO,06,POMATA,38017,04,04,1,2,210441003,154.0843,1,,1,1,3,1,HABA,2942,1,100,000,0,1,1,1,0,0,0, 
2025,21,PUNO,04,CHUCUITO,06,POMATA,38017,04,04,1,2,210441003,154.0843,1,,1,1,2,1,HABA,2942,1,20,000,0,1,1,1,0,0,0, 
2025,21,PUNO,04,CHUCUITO,06,POMATA,38017,05,05,1,2,210441003,115.4025,1,,1,1,24,1,QUINUA,2111,1,300,000,0,1,1,1,0,0,0, 
2025,21,PUNO,04,CHUCUITO,06,POMATA,38017,05,05,1,2,210441003,115.4025,1,,1,1,25,1,OCA,2608,1,100,000,0,1,1,1,0,0,0, 
2025,21,PUNO,04,CHUCUITO,06,POMATA,38017,05,05,1,2,210441003,115.4025,1,,1,1,3,1,HABA,2942,1,100,000,0,0,1,1,0,0,0, 
2025,21,PUNO,04,CHUCUITO,06,POMATA,38017,05,05,1,2,210441003,115.4025,1,,1,1,24,2,CAÑIHUA,2103,1,200,000,0,1,1,1,0,0,0, 
2025,21,PUNO,04,CHUCUITO,06,POMATA,38017,05,05,1,2,210441003,115.4025,1,,1,1,25,2,AVENA FORRAJERA,2701,1,400,000,0,1,1,1,0,0,0, 
2025,21,PUNO,04,CHUCUITO,06,POMATA,38017,05,05,1,2,210441003,115.4025,1,,1,1,24,3,OLLUCO,2609,1,300,000,0,1,1,1,0,0,0, 
2025,21,PUNO,04,CHUCUITO,06,POMATA,38017,05,05,1,2,210441003,115.4025,1,,1,1,24,4,CEBADA GRANO,2104,1,200,000,0,1,1,1,1,0,0, 
2025,21,PUNO,04,CHUCUITO,06,POMATA,38017,06,06,1,2,210441003,14.64731,1,,1,1,4,1,HABA,2942,1,300,000,0,1,0,1,0,0,0, 
2025,21,PUNO,04,CHUCUITO,06,POMATA,38017,06,06,1,2,210441003,14.64731,1,,1,1,7,1,OCA,2608,1,20,000,0,1,1,1,0,0,0, 
2025,21,PUNO,04,CHUCUITO,06,POMATA,38017,06,06,1,2,210441003,14.64731,1,,1,1,6,1,CEBADA GRANO,2104,1,200,000,0,1,1,1,0,0,0, 
2025,21,PUNO,04,CHUCUITO,06,POMATA,38017,07,07,1,2,210441003,72.16179,1,,1,1,2,1,PAPA NATIVA,2615,1,200,000,0,1,0,1,0,0,0, 
2025,21,PUNO,04,CHUCUITO,06,POMATA,38017,07,07,1,2,210441003,72.16179,1,,1,1,2,2,HABA,2942,1,100,000,0,1,1,1,0,0,0, 
2025,21,PUNO,04,CHUCUITO,06,POMATA,38017,08,08,1,2,210441003,16.13503,1,,1,1,2,1,QUINUA,2111,1,50,000,0,1,1,1,0,0,0, 
2025,21,PUNO,04,CHUCUITO,06,POMATA,38017,08,08,1,2,210441003,16.13503,1,,1,1,3,1,PAPA NATIVA,2615,1,200,000,0,1,1,1,0,0,0, 
2025,21,PUNO,04,CHUCUITO,06,POMATA,38017,08,08,1,2,210441003,16.13503,1,,1,1,3,2,AVENA FORRAJERA,2701,1,100,000,0,1,1,1,0,0,0, 
2025,21,PUNO,04,CHUCUITO,06,POMATA,38017,09,09,1,2,210441003,123.4589,1,,1,1,2,1,ALFALFA,1401,3,100,000,0,1,0,1,0,0,0, 
2025,21,PUNO,04,CHUCUITO,06,POMATA,38017,09,09,1,2,210441003,123.4589,1,,1,1,2,2,PAPA NATIVA,2615,1,200,000,0,1,0,1,0,0,0, 
2025,21,PUNO,04,CHUCUITO,06,POMATA,38017,09,09,1,2,210441003,123.4589,1,,1,1,2,3,HABA,2942,1,100,000,0,1,1,0,0,0,0, 
2025,21,PUNO,04,CHUCUITO,06,POMATA,38018,03,03,1,2,210442003,123.6601,1,,1,1,9,1,QUINUA,2111,1,100,000,0,1,1,1,0,0,0, 
2025,21,PUNO,04,CHUCUITO,06,POMATA,38018,03,03,1,2,210442003,123.6601,1,,1,1,7,1,QUINUA,2111,1,80,000,0,1,1,1,0,0,0, 
2025,21,PUNO,04,CHUCUITO,06,POMATA,38018,03,03,1,2,210442003,123.6601,1,,1,1,10,1,HABA,2942,1,90,000,0,1,1,1,0,0,0, 
2025,21,PUNO,04,CHUCUITO,06,POMATA,38018,03,03,1,2,210442003,123.6601,1,,1,1,11,1,OCA,2608,1,100,000,0,1,1,1,0,0,0, 
2025,21,PUNO,04,CHUCUITO,06,POMATA,38018,03,03,1,2,210442003,123.6601,1,,1,1,13,1,QUINUA,2111,1,100,000,0,1,1,1,0,0,0, 
2025,21,PUNO,04,CHUCUITO,06,POMATA,38018,03,03,1,2,210442003,123.6601,1,,1,1,12,1,OCA,2608,1,80,000,0,1,1,1,0,0,0, 
2025,21,PUNO,04,CHUCUITO,06,POMATA,38018,03,03,1,2,210442003,123.6601,1,,1,1,8,1,QUINUA,2111,1,60,000,0,1,1,1,0,0,0, 
2025,21,PUNO,04,CHUCUITO,06,POMATA,38019,01,01,1,2,210442003,133.6731,1,,1,1,7,1,PAPA NATIVA,2615,1,0,100,0,1,0,0,0,0,0, 
2025,21,PUNO,04,CHUCUITO,06,POMATA,38019,01,01,1,2,210442003,133.6731,1,,1,1,6,1,PAPA NATIVA,2615,1,0,180,0,1,0,0,0,0,0, 
2025,21,PUNO,04,CHUCUITO,06,POMATA,38019,05,05,1,2,210442003,24.10324,1,,1,1,5,1,PAPA NATIVA,2615,1,0,100,0,1,0,0,0,0,0, 
2025,21,PUNO,04,CHUCUITO,06,POMATA,38019,05,05,1,2,210442003,24.10324,1,,1,1,5,2,AVENA FORRAJERA,2701,1,0,142,0,1,0,0,0,0,0, 
2025,21,PUNO,04,CHUCUITO,06,POMATA,38021,01,01,1,2,210441003,404.5838,1,,1,1,2,1,ALFALFA,1401,3,0,250,0,1,1,1,0,0,0, 
2025,21,PUNO,04,CHUCUITO,06,POMATA,38021,03,03,1,2,210441003,304.8838,1,,1,1,5,1,OCA,2608,1,0,003,0,1,1,1,0,0,0, 
2025,21,PUNO,04,CHUCUITO,06,POMATA,38021,03,03,1,2,210441003,304.8838,1,,1,1,6,1,PAPA AMARGA,2610,1,0,005,0,1,1,1,0,0,0, 
2025,21,PUNO,04,CHUCUITO,06,POMATA,38021,03,03,1,2,210441003,304.8838,1,,1,1,8,1,OCA,2608,1,0,005,0,1,1,1,0,0,0, 
2025,21,PUNO,04,CHUCUITO,06,POMATA,38021,03,03,1,2,210441003,304.8838,1,,1,1,1,1,HABA,2942,1,0,200,0,1,1,0,0,0,0, 
2025,21,PUNO,04,CHUCUITO,06,POMATA,38021,03,03,1,2,210441003,304.8838,1,,1,1,7,1,PAPA NATIVA,2615,1,0,006,0,1,1,1,0,0,0, 
2025,21,PUNO,04,CHUCUITO,06,POMATA,38021,03,03,1,2,210441003,304.8838,1,,1,1,1,2,QUINUA,2111,1,0,500,0,1,1,1,0,0,0, 
2025,21,PUNO,04,CHUCUITO,06,POMATA,38021,03,03,1,2,210441003,304.8838,1,,1,1,1,3,PAPA NATIVA,2615,1,0,200,0,1,1,1,0,0,0, 
2025,21,PUNO,04,CHUCUITO,06,POMATA,38021,03,03,1,2,210441003,304.8838,1,,1,1,1,4,ALFALFA,1401,3,0,300,0,1,0,1,0,0,0, 
2025,21,PUNO,04,CHUCUITO,06,POMATA,38021,04,04,1,2,210441003,175.7343,1,,1,1,6,1,CEBADA GRANO,2104,1,0,080,1,1,1,1,0,0,0, 
2025,21,PUNO,04,CHUCUITO,06,POMATA,38021,04,04,1,2,210441003,175.7343,1,,1,1,4,1,OCA,2608,1,0,050,0,1,1,1,0,0,0, 
2025,21,PUNO,04,CHUCUITO,06,POMATA,38021,04,04,1,2,210441003,175.7343,1,,1,1,7,1,PAPA NATIVA,2615,1,0,060,0,1,1,1,0,0,0, 
2025,21,PUNO,04,CHUCUITO,06,POMATA,38021,04,04,1,2,210441003,175.7343,1,,1,1,2,1,CAÑIHUA,2103,1,0,500,0,1,1,1,0,0,0, 
2025,21,PUNO,04,CHUCUITO,06,POMATA,38021,05,05,1,2,210441003,232.7045,1,,1,1,5,1,HABA,2942,1,0,280,0,1,1,1,0,0,0, 
2025,21,PUNO,04,CHUCUITO,06,POMATA,38021,05,05,1,2,210441003,232.7045,1,,1,1,3,1,ALFALFA,1401,3,0,500,0,1,1,1,0,0,0, 
2025,21,PUNO,04,CHUCUITO,06,POMATA,38021,05,05,1,2,210441003,232.7045,1,,1,1,16,1,PAPA NATIVA,2615,1,0,006,0,0,1,1,0,0,0, 
2025,21,PUNO,04,CHUCUITO,06,POMATA,38021,05,05,1,2,210441003,232.7045,1,,1,1,4,1,QUINUA,2111,1,0,300,0,1,1,1,0,0,0, 
2025,21,PUNO,04,CHUCUITO,06,POMATA,38021,05,05,1,2,210441003,232.7045,1,,1,1,15,1,PAPA NATIVA,2615,1,0,004,0,1,1,1,0,0,0, 
2025,21,PUNO,04,CHUCUITO,06,POMATA,38021,05,05,1,2,210441003,232.7045,1,,1,1,6,1,PAPA NATIVA,2615,1,0,500,0,1,1,1,0,0,0, 
2025,21,PUNO,04,CHUCUITO,06,POMATA,38021,05,05,1,2,210441003,232.7045,1,,1,1,2,1,CAÑIHUA,2103,1,0,500,0,1,1,1,0,0,0, 
2025,21,PUNO,04,CHUCUITO,06,POMATA,38021,05,05,1,2,210441003,232.7045,1,,1,1,14,1,PAPA NATIVA,2615,1,0,004,0,1,1,1,0,0,0, 
2025,21,PUNO,04,CHUCUITO,06,POMATA,38021,05,05,1,2,210441003,232.7045,1,,1,1,19,1,OCA,2608,1,0,005,0,1,1,1,0,0,0, 
2025,21,PUNO,04,CHUCUITO,06,POMATA,38021,05,05,1,2,210441003,232.7045,1,,1,1,2,2,PAPA AMARGA,2610,1,0,500,0,1,1,1,0,0,0, 
2025,21,PUNO,04,CHUCUITO,06,POMATA,38021,05,05,1,2,210441003,232.7045,1,,1,1,3,2,PAPA NATIVA,2615,1,0,400,0,1,1,1,0,0,0, 
2025,21,PUNO,04,CHUCUITO,06,POMATA,38021,06,06,1,2,210441003,10.7805,1,,1,1,7,1,PAPA NATIVA,2615,1,0,005,0,1,1,1,0,0,0, 
2025,21,PUNO,04,CHUCUITO,06,POMATA,38021,06,06,1,2,210441003,10.7805,1,,1,1,2,1,PAPA AMARGA,2610,1,0,250,0,1,1,0,0,0,0, 
2025,21,PUNO,04,CHUCUITO,06,POMATA,38021,06,06,1,2,210441003,10.7805,1,,1,1,3,1,CAÑIHUA,2103,1,0,250,0,1,1,1,0,0,0, 
2025,21,PUNO,04,CHUCUITO,06,POMATA,38021,06,06,1,2,210441003,10.7805,1,,1,1,6,1,PAPA NATIVA,2615,1,0,008,0,1,1,1,0,0,0, 
2025,21,PUNO,04,CHUCUITO,06,POMATA,38021,06,06,1,2,210441003,10.7805,1,,1,1,5,1,PAPA NATIVA,2615,1,0,010,0,1,1,1,0,0,0, 
2025,21,PUNO,04,CHUCUITO,07,ZEPITA,38022,01,01,1,2,210441003,211.5121,1,,1,1,5,1,PAPA NATIVA,2615,1,0,020,0,1,1,1,1,0,0, 
2025,21,PUNO,04,CHUCUITO,07,ZEPITA,38022,03,03,1,2,210441003,101.3651,1,,1,1,6,1,AVENA FORRAJERA,2701,1,0,160,0,1,0,1,0,0,0, 
2025,21,PUNO,04,CHUCUITO,07,ZEPITA,38022,03,03,1,2,210441003,101.3651,1,,1,1,2,1,AVENA FORRAJERA,2701,1,0,450,0,1,0,1,0,0,0, 
2025,21,PUNO,04,CHUCUITO,07,ZEPITA,38022,04,04,1,2,210441003,88.15,1,,1,1,3,1,AVENA FORRAJERA,2701,1,0,200,0,1,0,1,1,1,0, 
2025,21,PUNO,04,CHUCUITO,07,ZEPITA,38022,04,04,1,2,210441003,88.15,1,,1,1,9,1,PAPA NATIVA,2615,1,0,010,0,1,1,1,1,1,0, 
2025,21,PUNO,04,CHUCUITO,07,ZEPITA,38022,04,04,1,2,210441003,88.15,1,,1,1,1,1,AVENA FORRAJERA,2701,1,0,083,0,1,0,1,1,1,0, 
2025,21,PUNO,04,CHUCUITO,07,ZEPITA,38022,04,04,1,2,210441003,88.15,1,,1,1,7,1,QUINUA,2111,1,0,020,0,1,1,1,1,1,0, 
2025,21,PUNO,04,CHUCUITO,07,ZEPITA,38022,04,04,1,2,210441003,88.15,1,,1,1,5,1,QUINUA,2111,1,0,030,0,1,1,1,1,1,0, 
2025,21,PUNO,04,CHUCUITO,07,ZEPITA,38022,05,05,1,2,210441003,90.20461,1,,1,1,7,1,QUINUA,2111,1,0,300,0,1,1,1,1,1,0, 
2025,21,PUNO,04,CHUCUITO,07,ZEPITA,38022,07,07,1,2,210441003,27.75386,1,,1,1,4,1,AVENA FORRAJERA,2701,1,0,160,0,1,0,1,1,1,0, 
2025,21,PUNO,04,CHUCUITO,07,ZEPITA,38025,01,01,1,2,210441003,35.17031,1,,1,1,3,1,PAPA NATIVA,2615,1,0,020,0,0,0,1,0,0,0, 
2025,21,PUNO,04,CHUCUITO,07,ZEPITA,38025,03,03,1,2,210441003,137.8304,1,,1,1,2,1,PAPA NATIVA,2615,1,0,050,0,0,1,1,1,0,0, 
2025,21,PUNO,04,CHUCUITO,07,ZEPITA,38025,05,05,1,2,210441003,98.52571,1,,1,1,2,1,PAPA NATIVA,2615,1,0,050,0,0,1,1,1,0,0, 
2025,21,PUNO,04,CHUCUITO,07,ZEPITA,38025,06,06,1,2,210441003,23.08639,1,,1,1,1,1,PAPA NATIVA,2615,1,0,024,0,1,1,1,0,0,0, 
2025,21,PUNO,04,CHUCUITO,07,ZEPITA,38026,01,01,1,2,210441003,22.92242,1,,1,1,2,1,PAPA NATIVA,2615,1,0,050,0,1,1,1,1,0,0, 
2025,21,PUNO,04,CHUCUITO,07,ZEPITA,38026,02,02,1,2,210441003,77.07297,1,,1,1,1,1,PAPA NATIVA,2615,1,0,050,0,1,0,1,1,0,0, 
2025,21,PUNO,04,CHUCUITO,07,ZEPITA,38026,02,02,1,2,210441003,77.07297,1,,1,1,3,1,PAPA NATIVA,2615,1,0,100,0,1,1,1,1,0,0, 
2025,21,PUNO,04,CHUCUITO,07,ZEPITA,38026,03,03,1,2,210441003,161.5318,1,,1,1,1,1,PAPA NATIVA,2615,1,0,200,0,1,1,1,1,0,0, 
2025,21,PUNO,04,CHUCUITO,07,ZEPITA,38026,04,04,1,2,210441003,82.20218,1,,1,1,1,1,PAPA NATIVA,2615,1,0,134,0,1,1,1,1,0,0, 
2025,21,PUNO,04,CHUCUITO,07,ZEPITA,38026,05,05,1,2,210441003,56.57721,1,,1,1,2,1,PAPA NATIVA,2615,1,0,050,0,1,1,1,1,0,0, 
2025,21,PUNO,04,CHUCUITO,07,ZEPITA,38027,01,01,1,2,210441002,70.01453,1,,1,1,3,1,PAPA NATIVA,2615,1,0,030,0,0,1,1,1,1,0, 
2025,21,PUNO,04,CHUCUITO,07,ZEPITA,38027,01,01,1,2,210441002,70.01453,1,,1,1,6,1,QUINUA,2111,1,0,020,0,1,0,1,1,0,0, 
2025,21,PUNO,04,CHUCUITO,07,ZEPITA,38027,01,01,1,2,210441002,70.01453,1,,1,1,5,1,PAPA NATIVA,2615,1,0,010,0,0,1,1,1,1,0, 
2025,21,PUNO,04,CHUCUITO,07,ZEPITA,38027,01,01,1,2,210441002,70.01453,1,,1,1,7,1,HABA,2942,1,0,020,0,1,0,1,1,0,0, 
2025,21,PUNO,04,CHUCUITO,07,ZEPITA,38027,01,01,1,2,210441002,70.01453,1,,1,1,4,1,PAPA NATIVA,2615,1,0,020,0,0,1,1,1,1,0, 
2025,21,PUNO,04,CHUCUITO,07,ZEPITA,38027,05,05,1,2,210441002,74.2075,1,,1,1,2,1,PAPA NATIVA,2615,1,0,500,0,0,0,1,1,1,0, 
2025,21,PUNO,04,CHUCUITO,07,ZEPITA,38029,08,08,1,2,210442003,26.81607,1,,1,1,4,1,HABA,2942,1,0,020,0,1,0,0,0,0,0, 
2025,21,PUNO,04,CHUCUITO,07,ZEPITA,38029,08,08,1,2,210442003,26.81607,1,,1,1,4,2,PAPA NATIVA,2615,1,0,020,0,1,0,0,0,0,0, 
2025,21,PUNO,04,CHUCUITO,07,ZEPITA,38029,09,09,1,2,210442003,65.68932,1,,1,1,4,1,PAPA NATIVA,2615,1,0,015,0,1,0,1,0,0,0, 
2025,21,PUNO,04,CHUCUITO,07,ZEPITA,38030,01,01,1,2,210441002,79.36301,1,,1,1,1,1,CEBADA FORRAJERA,2703,1,1,000,0,1,0,1,0,0,0, 
2025,21,PUNO,04,CHUCUITO,07,ZEPITA,38030,01,01,1,2,210441002,79.36301,1,,1,1,2,1,ALFALFA,1401,3,1,000,0,1,0,1,0,0,0, 
2025,21,PUNO,04,CHUCUITO,07,ZEPITA,38030,01,01,1,2,210441002,79.36301,1,,1,1,7,1,CEBADA FORRAJERA,2703,1,0,125,0,1,0,1,0,0,0, 
2025,21,PUNO,04,CHUCUITO,07,ZEPITA,38030,01,01,1,2,210441002,79.36301,1,,1,1,8,1,PAPA AMARGA,2610,1,0,025,0,1,0,1,0,0,0, 
2025,21,PUNO,04,CHUCUITO,07,ZEPITA,38030,01,01,1,2,210441002,79.36301,1,,1,1,2,2,HABA,2942,1,0,020,0,1,0,1,0,0,0, 
2025,21,PUNO,04,CHUCUITO,07,ZEPITA,38030,01,01,1,2,210441002,79.36301,1,,1,1,1,2,ALFALFA,1401,3,1,000,0,1,0,1,0,0,0, 
2025,21,PUNO,04,CHUCUITO,07,ZEPITA,38030,03,03,1,2,210441002,12.38089,1,,1,1,2,1,QUINUA,2111,1,0,150,0,1,0,1,0,0,0, 
2025,21,PUNO,04,CHUCUITO,07,ZEPITA,38030,04,04,1,2,210441002,.556689,1,,1,1,2,1,ALFALFA,1401,3,1,000,0,1,0,1,0,0,0, 
2025,21,PUNO,04,CHUCUITO,07,ZEPITA,38031,01,01,1,2,210441003,36.26513,1,,1,1,6,1,AVENA FORRAJERA,2701,1,1,000,0,1,0,1,1,0,0, 
2025,21,PUNO,04,CHUCUITO,07,ZEPITA,38031,01,01,1,2,210441003,36.26513,1,,1,1,3,1,AVENA FORRAJERA,2701,1,1,000,0,1,0,0,0,0,0, 
2025,21,PUNO,04,CHUCUITO,07,ZEPITA,38031,02,02,1,2,210441003,10.53556,1,,1,1,6,1,CEBADA FORRAJERA,2703,1,0,500,0,1,0,1,1,0,0, 
2025,21,PUNO,04,CHUCUITO,07,ZEPITA,38031,05,05,1,2,210441003,81.81625,1,,1,1,2,1,QUINUA,2111,1,0,030,0,0,0,1,1,1,0, 
2025,21,PUNO,04,CHUCUITO,07,ZEPITA,38031,05,05,1,2,210441003,81.81625,1,,1,1,3,1,PAPA NATIVA,2615,1,0,800,0,0,0,1,1,1,0, 
2025,21,PUNO,04,CHUCUITO,07,ZEPITA,38031,05,05,1,2,210441003,81.81625,1,,1,1,5,1,CAÑIHUA,2103,1,0,300,0,0,0,1,1,1,0, 
2025,21,PUNO,04,CHUCUITO,07,ZEPITA,38031,05,05,1,2,210441003,81.81625,1,,1,1,3,2,QUINUA,2111,1,0,500,0,0,0,1,1,1,0, 
2025,21,PUNO,04,CHUCUITO,07,ZEPITA,38031,08,08,1,2,210441003,145.653,1,,1,1,7,1,QUINUA,2111,1,0,080,0,0,0,1,1,1,0, 
2025,21,PUNO,04,CHUCUITO,07,ZEPITA,38031,08,08,1,2,210441003,145.653,1,,1,1,5,1,CEBADA FORRAJERA,2703,1,0,250,0,1,0,1,1,0,0, 
2025,21,PUNO,04,CHUCUITO,07,ZEPITA,38033,07,07,1,2,210441003,115.1775,1,,1,1,4,1,QUINUA,2111,1,0,100,0,0,1,1,0,0,0, 
2025,21,PUNO,04,CHUCUITO,07,ZEPITA,38034,07,07,1,2,210442002,133.1972,1,,1,1,12,1,HABA,2942,1,0,050,0,0,0,1,0,0,0, 
2025,21,PUNO,04,CHUCUITO,07,ZEPITA,38035,07,07,1,2,210441003,30.05496,1,,1,1,3,1,HABA,2942,1,0,002,0,1,0,0,0,0,0, 
2025,21,PUNO,04,CHUCUITO,07,ZEPITA,38035,07,07,1,2,210441003,30.05496,1,,1,1,3,2,PAPA NATIVA,2615,1,0,120,0,1,0,0,0,0,0, 
2025,21,PUNO,04,CHUCUITO,07,ZEPITA,38036,01,01,1,2,210441003,12.47034,1,,1,1,3,1,QUINUA,2111,1,290,000,0,1,1,1,0,0,0, 
2025,21,PUNO,04,CHUCUITO,07,ZEPITA,38036,01,01,1,2,210441003,12.47034,1,,1,1,5,1,QUINUA,2111,1,550,000,0,1,0,1,1,0,0, 
2025,21,PUNO,04,CHUCUITO,07,ZEPITA,38036,01,01,1,2,210441003,12.47034,1,,1,1,7,1,PAPA NATIVA,2615,1,300,000,0,1,0,1,1,0,0, 
2025,21,PUNO,04,CHUCUITO,07,ZEPITA,38036,01,01,1,2,210441003,12.47034,1,,1,1,7,2,QUINUA,2111,1,200,000,0,1,1,1,1,0,0, 
2025,21,PUNO,04,CHUCUITO,07,ZEPITA,38036,02,02,1,2,210441003,1.213399,1,,1,0,3,1,PAPA NATIVA,2615,1,150,000,0,1,1,1,1,0,0, 
2025,21,PUNO,04,CHUCUITO,07,ZEPITA,38036,02,02,1,2,210441003,1.213399,1,,1,0,7,1,CAÑIHUA,2103,1,200,000,0,1,0,1,1,0,0, 
2025,21,PUNO,04,CHUCUITO,07,ZEPITA,38036,02,02,1,2,210441003,1.213399,1,,1,0,4,1,PAPA NATIVA,2615,1,300,000,0,1,1,1,1,0,0, 
2025,21,PUNO,04,CHUCUITO,07,ZEPITA,38036,02,02,1,2,210441003,1.213399,1,,1,0,6,1,PAPA NATIVA,2615,1,200,000,0,1,1,1,1,0,0, 
2025,21,PUNO,04,CHUCUITO,07,ZEPITA,38036,04,04,1,2,210441003,6.028234,1,,1,1,9,1,QUINUA,2111,1,400,000,0,0,0,1,1,0,0, 
2025,21,PUNO,04,CHUCUITO,07,ZEPITA,38036,04,04,1,2,210441003,6.028234,1,,1,1,4,1,QUINUA,2111,1,350,000,0,1,0,0,1,0,0, 
2025,21,PUNO,04,CHUCUITO,07,ZEPITA,38036,04,04,1,2,210441003,6.028234,1,,1,1,6,1,AVENA GRANO,2102,1,200,000,0,1,0,1,1,0,0, 
2025,21,PUNO,04,CHUCUITO,07,ZEPITA,38036,04,04,1,2,210441003,6.028234,1,,1,1,8,1,CEBADA GRANO,2104,1,200,000,0,1,0,0,0,0,0, 
2025,21,PUNO,04,CHUCUITO,07,ZEPITA,38036,05,05,1,2,210441003,13.96722,1,,1,1,10,1,CAÑIHUA,2103,1,0,500,0,1,1,0,1,0,0, 
2025,21,PUNO,04,CHUCUITO,07,ZEPITA,38036,05,05,1,2,210441003,13.96722,1,,1,1,5,1,PAPA NATIVA,2615,1,0,030,0,0,0,1,0,0,0, 
2025,21,PUNO,04,CHUCUITO,07,ZEPITA,38036,06,06,1,2,210441003,16.13421,1,,1,1,2,1,QUINUA,2111,1,100,000,0,1,1,1,0,0,0, 
2025,21,PUNO,04,CHUCUITO,07,ZEPITA,38036,06,06,1,2,210441003,16.13421,1,,1,1,3,1,HABA,2942,1,200,000,0,1,0,1,1,0,0, 
2025,21,PUNO,04,CHUCUITO,07,ZEPITA,38036,06,06,1,2,210441003,16.13421,1,,1,1,3,2,QUINUA,2111,1,200,000,0,0,1,1,1,0,0, 
2025,21,PUNO,04,CHUCUITO,07,ZEPITA,38036,06,06,1,2,210441003,16.13421,1,,1,1,3,3,OCA,2608,1,100,000,0,0,1,1,1,0,0, 
2025,21,PUNO,04,CHUCUITO,07,ZEPITA,38036,07,07,1,2,210441003,31.85941,1,,1,1,2,1,QUINUA,2111,1,0,020,0,1,1,0,0,0,0, 
2025,21,PUNO,04,CHUCUITO,07,ZEPITA,38036,08,08,1,2,210441003,21.77914,1,,1,0,3,1,QUINUA,2111,1,250,000,0,1,0,0,1,0,0, 
2025,21,PUNO,04,CHUCUITO,07,ZEPITA,38036,09,09,1,2,210441003,33.59842,1,,1,1,4,1,PAPA NATIVA,2615,1,170,000,0,1,0,1,0,0,0, 
2025,21,PUNO,04,CHUCUITO,07,ZEPITA,38036,11,11,1,2,210441003,223.1977,1,,1,1,4,1,PAPA NATIVA,2615,1,50,000,0,0,0,1,1,0,0, 
2025,21,PUNO,04,CHUCUITO,07,ZEPITA,38036,12,12,1,2,210441003,2.441469,1,,1,1,11,1,AVENA FORRAJERA,2701,1,500,000,0,1,1,1,1,0,0, 
2025,21,PUNO,04,CHUCUITO,07,ZEPITA,38037,03,03,1,2,210441004,.4259796,1,,1,1,2,1,PAPA NATIVA,2615,1,0,108,1,0,0,0,0,0,0, 
2025,21,PUNO,04,CHUCUITO,07,ZEPITA,38037,06,06,1,2,210441004,55.60416,1,,1,1,3,1,CAÑIHUA,2103,1,0,100,0,0,0,1,0,0,0, 
2025,21,PUNO,04,CHUCUITO,07,ZEPITA,38037,06,06,1,2,210441004,55.60416,1,,1,1,1,1,CAÑIHUA,2103,1,0,100,0,1,0,1,0,0,0, 
2025,21,PUNO,04,CHUCUITO,07,ZEPITA,38037,06,06,1,2,210441004,55.60416,1,,1,1,2,1,CAÑIHUA,2103,1,0,012,0,0,0,1,0,0,0, 
2025,21,PUNO,05,EL COLLAO,01,ILAVE,38038,03,03,1,2,210551003,95.79045,1,,1,0,4,1,QUINUA,2111,1,0,010,0,0,1,0,0,0,0, 
2025,21,PUNO,05,EL COLLAO,01,ILAVE,38039,02,02,1,2,210541003,309.6766,1,,1,1,11,1,TARHUI,2947,1,0,200,0,0,0,1,0,1,0, 
2025,21,PUNO,05,EL COLLAO,01,ILAVE,38039,02,02,1,2,210541003,309.6766,1,,1,1,13,1,TARHUI,2947,1,0,100,0,1,0,1,0,0,0, 
2025,21,PUNO,05,EL COLLAO,01,ILAVE,38039,03,03,1,2,210541003,339.5926,1,,1,1,3,1,PAPA NATIVA,2615,1,0,030,0,1,0,1,0,0,0, 
2025,21,PUNO,05,EL COLLAO,01,ILAVE,38039,04,04,1,2,210541003,8.070483,1,,1,1,25,1,PAPA NATIVA,2615,1,0,005,0,1,0,1,0,0,0, 
2025,21,PUNO,05,EL COLLAO,01,ILAVE,38039,04,04,1,2,210541003,8.070483,1,,1,1,26,1,PAPA NATIVA,2615,1,0,018,0,1,0,1,0,0,0, 
2025,21,PUNO,05,EL COLLAO,01,ILAVE,38039,04,04,1,2,210541003,8.070483,1,,1,1,27,1,PAPA NATIVA,2615,1,0,003,0,1,0,1,0,0,0, 
2025,21,PUNO,05,EL COLLAO,01,ILAVE,38040,02,02,1,2,210543003,37.39242,1,,1,1,23,1,QUINUA,2111,1,0,100,0,0,1,0,0,1,0, 
2025,21,PUNO,05,EL COLLAO,01,ILAVE,38040,02,02,1,2,210543003,37.39242,1,,1,1,25,1,QUINUA,2111,1,0,100,0,0,1,0,0,1,0, 
2025,21,PUNO,05,EL COLLAO,01,ILAVE,38040,02,02,1,2,210543003,37.39242,1,,1,1,24,1,QUINUA,2111,1,0,100,0,0,1,0,0,1,0, 
2025,21,PUNO,05,EL COLLAO,01,ILAVE,38040,04,04,1,2,210543003,10.03474,1,,1,1,8,1,QUINUA,2111,1,0,250,0,0,1,0,0,1,0, 
2025,21,PUNO,05,EL COLLAO,01,ILAVE,38041,02,02,1,2,210541003,118.1579,1,,1,1,5,1,PAPA NATIVA,2615,1,0,010,0,0,1,1,0,0,0, 
2025,21,PUNO,05,EL COLLAO,01,ILAVE,38041,02,02,1,2,210541003,118.1579,1,,1,1,4,1,ALFALFA,1401,3,0,156,0,0,0,1,0,0,0, 
2025,21,PUNO,05,EL COLLAO,01,ILAVE,38041,02,02,1,2,210541003,118.1579,1,,1,1,2,1,ALFALFA,1401,3,0,116,0,0,0,1,0,0,0, 
2025,21,PUNO,05,EL COLLAO,01,ILAVE,38041,02,02,1,2,210541003,118.1579,1,,1,1,1,1,ALFALFA,1401,3,0,106,0,0,0,1,0,0,0, 
2025,21,PUNO,05,EL COLLAO,01,ILAVE,38041,02,02,1,2,210541003,118.1579,1,,1,1,3,1,ALFALFA,1401,3,0,185,0,0,0,1,0,0,0, 
2025,21,PUNO,05,EL COLLAO,01,ILAVE,38041,05,05,1,2,210541003,220.7111,1,,1,1,11,1,ALFALFA,1401,3,0,125,0,0,0,1,0,0,0, 
2025,21,PUNO,05,EL COLLAO,01,ILAVE,38041,05,05,1,2,210541003,220.7111,1,,1,1,12,1,ALFALFA,1401,3,0,125,0,0,0,1,0,0,0, 
2025,21,PUNO,05,EL COLLAO,01,ILAVE,38041,05,05,1,2,210541003,220.7111,1,,1,1,9,1,ALFALFA,1401,3,0,125,0,0,0,1,0,0,0, 
2025,21,PUNO,05,EL COLLAO,01,ILAVE,38041,05,05,1,2,210541003,220.7111,1,,1,1,10,1,ALFALFA,1401,3,0,125,0,0,0,1,0,0,0, 
2025,21,PUNO,05,EL COLLAO,01,ILAVE,38042,01,01,1,2,210542002,3.983032,1,,1,1,5,1,PAPA NATIVA,2615,1,500,000,0,1,0,1,1,0,0, 
2025,21,PUNO,05,EL COLLAO,01,ILAVE,38042,01,01,1,2,210542002,3.983032,1,,1,1,13,1,QUINUA,2111,1,250,000,0,0,1,1,0,0,0, 
2025,21,PUNO,05,EL COLLAO,01,ILAVE,38042,02,02,1,2,210542002,12.86801,1,,1,1,5,1,PAPA NATIVA,2615,1,300,000,0,1,0,1,0,0,0, 
2025,21,PUNO,05,EL COLLAO,01,ILAVE,38042,02,02,1,2,210542002,12.86801,1,,1,1,1,1,QUINUA,2111,1,350,000,0,1,1,0,0,0,0, 
2025,21,PUNO,05,EL COLLAO,01,ILAVE,38042,02,02,1,2,210542002,12.86801,1,,1,1,2,1,PAPA NATIVA,2615,1,200,000,0,1,0,1,0,0,0, 
2025,21,PUNO,05,EL COLLAO,01,ILAVE,38042,03,03,1,2,210542002,312.044,1,,1,1,1,1,HABA,2942,1,700,000,0,1,0,1,0,0,0, 
2025,21,PUNO,05,EL COLLAO,01,ILAVE,38042,03,03,1,2,210542002,312.044,1,,1,1,8,1,AVENA FORRAJERA,2701,1,250,000,0,1,0,1,0,0,0, 
2025,21,PUNO,05,EL COLLAO,01,ILAVE,38042,03,03,1,2,210542002,312.044,1,,1,1,11,1,PAPA NATIVA,2615,1,300,000,0,1,0,1,0,0,0, 
2025,21,PUNO,05,EL COLLAO,01,ILAVE,38042,03,03,1,2,210542002,312.044,1,,1,1,9,1,AVENA FORRAJERA,2701,1,300,000,0,1,0,1,0,0,0, 
2025,21,PUNO,05,EL COLLAO,01,ILAVE,38042,03,03,1,2,210542002,312.044,1,,1,1,1,2,PAPA NATIVA,2615,1,300,000,0,1,0,1,0,0,0, 
2025,21,PUNO,05,EL COLLAO,01,ILAVE,38042,04,04,1,2,210542002,19.4808,1,,1,1,20,1,AVENA FORRAJERA,2701,1,200,000,0,1,0,1,0,0,0, 
2025,21,PUNO,05,EL COLLAO,01,ILAVE,38042,04,04,1,2,210542002,19.4808,1,,1,1,18,1,ALFALFA,1401,3,350,000,0,1,0,1,0,0,0, 
2025,21,PUNO,05,EL COLLAO,01,ILAVE,38042,04,04,1,2,210542002,19.4808,1,,1,1,1,1,QUINUA,2111,1,200,000,0,0,1,1,0,0,0, 
2025,21,PUNO,05,EL COLLAO,01,ILAVE,38042,04,04,1,2,210542002,19.4808,1,,1,1,19,1,ALFALFA,1401,3,400,000,0,1,0,1,0,0,0, 
2025,21,PUNO,05,EL COLLAO,01,ILAVE,38042,04,04,1,2,210542002,19.4808,1,,1,1,2,1,QUINUA,2111,1,200,000,0,1,1,0,0,0,0, 
2025,21,PUNO,05,EL COLLAO,01,ILAVE,38042,04,04,1,2,210542002,19.4808,1,,1,1,21,1,CEBADA FORRAJERA,2703,1,300,000,0,1,0,1,0,0,0, 
2025,21,PUNO,05,EL COLLAO,01,ILAVE,38042,04,04,1,2,210542002,19.4808,1,,1,1,7,1,PAPA NATIVA,2615,1,350,000,0,1,0,1,0,0,0, 
2025,21,PUNO,05,EL COLLAO,01,ILAVE,38042,05,05,1,2,210542002,5.197398,1,,1,1,8,1,QUINUA,2111,1,300,000,0,0,1,1,0,0,0, 
2025,21,PUNO,05,EL COLLAO,01,ILAVE,38042,05,05,1,2,210542002,5.197398,1,,1,1,4,1,PAPA NATIVA,2615,1,400,000,0,1,0,1,0,0,0, 
2025,21,PUNO,05,EL COLLAO,01,ILAVE,38042,05,05,1,2,210542002,5.197398,1,,1,1,9,1,QUINUA,2111,1,250,000,0,0,1,1,0,0,0, 
2025,21,PUNO,05,EL COLLAO,01,ILAVE,38042,05,05,1,2,210542002,5.197398,1,,1,1,11,1,QUINUA,2111,1,400,000,0,0,1,1,0,0,0, 
2025,21,PUNO,05,EL COLLAO,01,ILAVE,38042,05,05,1,2,210542002,5.197398,1,,1,1,10,1,QUINUA,2111,1,200,000,0,0,1,1,0,0,0, 
2025,21,PUNO,05,EL COLLAO,01,ILAVE,38042,06,06,1,2,210542002,14.6135,1,,1,1,5,1,QUINUA,2111,1,400,000,0,1,1,1,0,0,0, 
2025,21,PUNO,05,EL COLLAO,01,ILAVE,38042,06,06,1,2,210542002,14.6135,1,,1,1,23,1,PAPA NATIVA,2615,1,500,000,0,1,1,1,0,0,0, 
2025,21,PUNO,05,EL COLLAO,01,ILAVE,38042,06,06,1,2,210542002,14.6135,1,,1,1,2,1,QUINUA,2111,1,500,000,0,1,1,1,0,0,0, 
2025,21,PUNO,05,EL COLLAO,01,ILAVE,38042,06,06,1,2,210542002,14.6135,1,,1,1,14,1,ARVEJA,2901,1,800,000,0,1,1,1,0,0,0, 
2025,21,PUNO,05,EL COLLAO,01,ILAVE,38042,06,06,1,2,210542002,14.6135,1,,1,1,10,1,QUINUA,2111,1,450,000,0,1,1,1,0,0,0, 
2025,21,PUNO,05,EL COLLAO,01,ILAVE,38042,06,06,1,2,210542002,14.6135,1,,1,1,12,1,QUINUA,2111,1,135,000,0,1,1,1,0,0,0, 
2025,21,PUNO,05,EL COLLAO,01,ILAVE,38042,06,06,1,2,210542002,14.6135,1,,1,1,22,1,PAPA NATIVA,2615,1,300,000,0,1,1,1,0,0,0, 
2025,21,PUNO,05,EL COLLAO,01,ILAVE,38042,06,06,1,2,210542002,14.6135,1,,1,1,13,1,ARVEJA,2901,1,1000,000,0,1,1,1,1,0,0, 
2025,21,PUNO,05,EL COLLAO,01,ILAVE,38042,06,06,1,2,210542002,14.6135,1,,1,1,9,1,QUINUA,2111,1,450,000,0,1,1,1,0,0,0, 
2025,21,PUNO,05,EL COLLAO,01,ILAVE,38042,06,06,1,2,210542002,14.6135,1,,1,1,7,1,QUINUA,2111,1,225,000,0,1,0,1,1,0,0, 
2025,21,PUNO,05,EL COLLAO,01,ILAVE,38042,06,06,1,2,210542002,14.6135,1,,1,1,11,1,QUINUA,2111,1,200,000,0,1,1,1,0,0,0, 
2025,21,PUNO,05,EL COLLAO,01,ILAVE,38042,06,06,1,2,210542002,14.6135,1,,1,1,8,1,QUINUA,2111,1,225,000,0,1,1,1,0,0,0, 
2025,21,PUNO,05,EL COLLAO,01,ILAVE,38042,06,06,1,2,210542002,14.6135,1,,1,1,15,1,ARVEJA,2901,1,500,000,0,1,1,1,0,0,0, 
2025,21,PUNO,05,EL COLLAO,01,ILAVE,38042,06,06,1,2,210542002,14.6135,1,,1,1,3,1,QUINUA,2111,1,1000,000,0,1,1,1,0,0,0, 
2025,21,PUNO,05,EL COLLAO,01,ILAVE,38042,06,06,1,2,210542002,14.6135,1,,1,1,24,1,PAPA NATIVA,2615,1,100,000,0,1,1,1,0,0,0, 
2025,21,PUNO,05,EL COLLAO,01,ILAVE,38042,06,06,1,2,210542002,14.6135,1,,1,1,4,1,QUINUA,2111,1,315,000,0,1,1,1,0,0,0, 
2025,21,PUNO,05,EL COLLAO,01,ILAVE,38042,07,07,1,2,210542002,1.564427,1,,1,1,5,1,QUINUA,2111,1,300,000,0,1,1,1,0,0,0, 
2025,21,PUNO,05,EL COLLAO,01,ILAVE,38042,07,07,1,2,210542002,1.564427,1,,1,1,10,1,AVENA FORRAJERA,2701,1,300,000,0,1,0,1,1,0,0, 
2025,21,PUNO,05,EL COLLAO,01,ILAVE,38042,07,07,1,2,210542002,1.564427,1,,1,1,9,1,QUINUA,2111,1,450,000,0,1,0,1,1,0,0, 
2025,21,PUNO,05,EL COLLAO,01,ILAVE,38042,07,07,1,2,210542002,1.564427,1,,1,1,3,1,QUINUA,2111,1,450,000,0,0,1,1,1,0,0, 
2025,21,PUNO,05,EL COLLAO,01,ILAVE,38042,07,07,1,2,210542002,1.564427,1,,1,1,8,1,QUINUA,2111,1,490,000,0,1,0,1,1,0,0, 
2025,21,PUNO,05,EL COLLAO,01,ILAVE,38044,01,01,1,2,210542003,96.96442,1,,1,1,2,1,QUINUA,2111,1,0,160,0,1,1,1,1,0,0, 
2025,21,PUNO,05,EL COLLAO,01,ILAVE,38044,01,01,1,2,210542003,96.96442,1,,1,1,8,1,CAÑIHUA,2103,1,0,160,0,1,1,1,1,0,0, 
2025,21,PUNO,05,EL COLLAO,01,ILAVE,38044,03,03,1,2,210542003,292.0846,1,,1,1,3,1,QUINUA,2111,1,0,040,0,0,1,1,1,0,0, 
2025,21,PUNO,05,EL COLLAO,01,ILAVE,38044,03,03,1,2,210542003,292.0846,1,,1,1,8,1,CAÑIHUA,2103,1,0,080,0,0,1,1,1,0,0, 
2025,21,PUNO,05,EL COLLAO,01,ILAVE,38044,03,03,1,2,210542003,292.0846,1,,1,1,7,1,PAPA NATIVA,2615,1,0,200,0,0,1,1,1,0,0, 
2025,21,PUNO,05,EL COLLAO,01,ILAVE,38044,03,03,1,2,210542003,292.0846,1,,1,1,1,1,QUINUA,2111,1,0,565,0,0,1,1,1,0,0, 
2025,21,PUNO,05,EL COLLAO,01,ILAVE,38045,01,01,1,2,210541003,42.19826,1,,1,1,7,1,PAPA NATIVA,2615,1,0,080,0,0,0,1,0,1,0, 
2025,21,PUNO,05,EL COLLAO,01,ILAVE,38045,01,01,1,2,210541003,42.19826,1,,1,1,9,1,PAPA NATIVA,2615,1,0,080,0,0,0,1,0,1,0, 
2025,21,PUNO,05,EL COLLAO,01,ILAVE,38045,01,01,1,2,210541003,42.19826,1,,1,1,23,1,AVENA FORRAJERA,2701,1,0,060,0,0,1,1,0,0,0, 
2025,21,PUNO,05,EL COLLAO,01,ILAVE,38045,01,01,1,2,210541003,42.19826,1,,1,1,20,1,PAPA NATIVA,2615,1,0,060,0,0,0,1,1,0,0, 
2025,21,PUNO,05,EL COLLAO,01,ILAVE,38045,01,01,1,2,210541003,42.19826,1,,1,1,6,1,QUINUA,2111,1,0,080,0,0,0,1,0,1,0, 
2025,21,PUNO,05,EL COLLAO,01,ILAVE,38045,01,01,1,2,210541003,42.19826,1,,1,1,17,1,QUINUA,2111,1,0,060,0,1,0,0,0,0,0, 
2025,21,PUNO,05,EL COLLAO,01,ILAVE,38045,02,02,1,2,210541003,34.72911,1,,1,1,29,1,AVENA FORRAJERA,2701,1,0,060,0,0,0,1,1,0,0, 
2025,21,PUNO,05,EL COLLAO,01,ILAVE,38045,02,02,1,2,210541003,34.72911,1,,1,1,5,1,QUINUA,2111,1,0,090,0,0,0,1,1,0,0, 
2025,21,PUNO,05,EL COLLAO,01,ILAVE,38045,02,02,1,2,210541003,34.72911,1,,1,1,28,1,AVENA FORRAJERA,2701,1,0,060,0,0,0,1,1,0,0, 
2025,21,PUNO,05,EL COLLAO,01,ILAVE,38045,02,02,1,2,210541003,34.72911,1,,1,1,8,1,QUINUA,2111,1,0,090,0,0,0,1,0,0,0, 
2025,21,PUNO,05,EL COLLAO,01,ILAVE,38045,02,02,1,2,210541003,34.72911,1,,1,1,19,1,PAPA NATIVA,2615,1,0,080,0,0,0,1,0,0,0, 
2025,21,PUNO,05,EL COLLAO,01,ILAVE,38045,05,05,1,2,210541003,305.2766,1,,1,1,21,1,QUINUA,2111,1,0,080,0,0,0,1,0,0,0, 
2025,21,PUNO,05,EL COLLAO,01,ILAVE,38045,05,05,1,2,210541003,305.2766,1,,1,1,19,1,QUINUA,2111,1,0,080,0,0,0,1,0,0,0, 
2025,21,PUNO,05,EL COLLAO,01,ILAVE,38045,05,05,1,2,210541003,305.2766,1,,1,1,4,1,QUINUA,2111,1,0,090,0,0,0,1,0,1,0, 
2025,21,PUNO,05,EL COLLAO,01,ILAVE,38045,05,05,1,2,210541003,305.2766,1,,1,1,18,1,AVENA FORRAJERA,2701,1,0,080,0,0,0,1,0,0,0, 
2025,21,PUNO,05,EL COLLAO,01,ILAVE,38045,05,05,1,2,210541003,305.2766,1,,1,1,12,1,QUINUA,2111,1,0,080,0,0,0,1,0,1,0, 
2025,21,PUNO,05,EL COLLAO,01,ILAVE,38045,05,05,1,2,210541003,305.2766,1,,1,1,13,1,AVENA FORRAJERA,2701,1,0,080,0,0,0,1,0,1,0, 
2025,21,PUNO,05,EL COLLAO,01,ILAVE,38045,06,06,1,2,210541003,46.18036,1,,1,1,4,1,QUINUA,2111,1,320,000,0,1,1,1,1,0,0, 
2025,21,PUNO,05,EL COLLAO,01,ILAVE,38047,01,01,1,2,210541003,2.058024,1,,1,1,6,1,PAPA NATIVA,2615,1,0,050,0,1,0,1,0,0,0, 
2025,21,PUNO,05,EL COLLAO,01,ILAVE,38047,01,01,1,2,210541003,2.058024,1,,1,1,9,1,CAÑIHUA,2103,1,0,050,0,0,0,1,1,0,0, 
2025,21,PUNO,05,EL COLLAO,01,ILAVE,38047,01,01,1,2,210541003,2.058024,1,,1,1,5,1,HABA,2942,1,0,030,0,0,1,1,1,0,0, 
2025,21,PUNO,05,EL COLLAO,01,ILAVE,38047,03,03,1,2,210541003,125.243,1,,1,1,20,1,QUINUA,2111,1,0,015,0,0,1,1,1,0,0, 
2025,21,PUNO,05,EL COLLAO,01,ILAVE,38047,04,04,1,2,210541003,63.30002,1,,1,1,9,1,QUINUA,2111,1,0,010,0,0,1,1,0,1,0, 
2025,21,PUNO,05,EL COLLAO,01,ILAVE,38047,04,04,1,2,210541003,63.30002,1,,1,1,10,1,QUINUA,2111,1,0,008,0,0,1,1,0,1,0, 
2025,21,PUNO,05,EL COLLAO,01,ILAVE,38047,04,04,1,2,210541003,63.30002,1,,1,1,13,1,QUINUA,2111,1,0,040,0,0,1,1,0,1,0, 
2025,21,PUNO,05,EL COLLAO,01,ILAVE,38047,04,04,1,2,210541003,63.30002,1,,1,1,11,1,QUINUA,2111,1,0,020,0,0,1,1,0,1,0, 
2025,21,PUNO,05,EL COLLAO,01,ILAVE,38047,04,04,1,2,210541003,63.30002,1,,1,1,12,1,QUINUA,2111,1,0,030,0,0,1,1,0,1,0, 
2025,21,PUNO,05,EL COLLAO,01,ILAVE,38047,04,04,1,2,210541003,63.30002,1,,1,1,2,1,CAÑIHUA,2103,1,0,250,0,1,1,1,0,0,0, 
2025,21,PUNO,05,EL COLLAO,01,ILAVE,38047,10,10,1,2,210541003,34.03224,1,,1,1,8,1,QUINUA,2111,1,0,010,0,0,1,1,0,0,0, 
2025,21,PUNO,05,EL COLLAO,01,ILAVE,38047,10,10,1,2,210541003,34.03224,1,,1,1,9,1,QUINUA,2111,1,0,020,0,0,1,1,0,0,1, 
2025,21,PUNO,05,EL COLLAO,01,ILAVE,38047,10,10,1,2,210541003,34.03224,1,,1,1,10,1,QUINUA,2111,1,0,030,0,0,1,1,0,0,1, 
2025,21,PUNO,05,EL COLLAO,01,ILAVE,38047,11,11,1,2,210541003,88.06944,1,,1,1,22,1,QUINUA,2111,1,0,063,0,1,1,1,0,0,0, 
2025,21,PUNO,05,EL COLLAO,01,ILAVE,38047,11,11,1,2,210541003,88.06944,1,,1,1,26,1,QUINUA,2111,1,0,072,0,1,1,1,1,0,0, 
2025,21,PUNO,05,EL COLLAO,01,ILAVE,38047,11,11,1,2,210541003,88.06944,1,,1,1,21,1,QUINUA,2111,1,0,066,0,1,1,1,0,0,0, 
2025,21,PUNO,05,EL COLLAO,01,ILAVE,38047,11,11,1,2,210541003,88.06944,1,,1,1,25,1,QUINUA,2111,1,0,020,0,1,1,1,1,0,0, 
2025,21,PUNO,05,EL COLLAO,01,ILAVE,38047,11,11,1,2,210541003,88.06944,1,,1,1,24,1,QUINUA,2111,1,0,036,0,1,1,1,0,0,0, 
2025,21,PUNO,05,EL COLLAO,01,ILAVE,38047,11,11,1,2,210541003,88.06944,1,,1,1,23,1,QUINUA,2111,1,0,028,0,1,1,1,0,0,0, 
2025,21,PUNO,05,EL COLLAO,01,ILAVE,38047,11,11,1,2,210541003,88.06944,1,,1,1,20,1,QUINUA,2111,1,0,500,0,1,1,1,1,0,0, 
2025,21,PUNO,05,EL COLLAO,01,ILAVE,38049,03,03,1,2,210541003,96.58108,1,,1,1,3,1,PAPA NATIVA,2615,1,200,000,0,1,0,0,0,0,0, 
2025,21,PUNO,05,EL COLLAO,01,ILAVE,38049,04,04,1,2,210541003,38.56561,1,,1,1,1,1,PAPA NATIVA,2615,1,0,250,0,1,0,0,1,0,0, 
2025,21,PUNO,05,EL COLLAO,01,ILAVE,38051,02,02,1,2,210541003,1.902838,1,,1,1,22,1,PAPA NATIVA,2615,1,0,020,0,1,0,0,0,0,0, 
2025,21,PUNO,05,EL COLLAO,01,ILAVE,38051,02,02,1,2,210541003,1.902838,1,,1,1,14,1,PAPA NATIVA,2615,1,0,020,0,1,0,0,0,0,0, 
2025,21,PUNO,05,EL COLLAO,01,ILAVE,38051,02,02,1,2,210541003,1.902838,1,,1,1,13,1,PAPA NATIVA,2615,1,0,020,0,1,0,0,0,0,0, 
2025,21,PUNO,05,EL COLLAO,01,ILAVE,38051,03,03,1,2,210541003,254.8148,1,,1,1,1,1,AVENA FORRAJERA,2701,1,0,070,0,1,0,1,0,0,0, 
2025,21,PUNO,05,EL COLLAO,01,ILAVE,38051,03,03,1,2,210541003,254.8148,1,,1,1,20,1,QUINUA,2111,1,0,025,0,1,0,1,0,0,0, 
2025,21,PUNO,05,EL COLLAO,01,ILAVE,38051,03,03,1,2,210541003,254.8148,1,,1,1,4,1,CEBADA GRANO,2104,1,0,040,0,1,0,1,0,0,0, 
2025,21,PUNO,05,EL COLLAO,01,ILAVE,38051,04,04,1,2,210541003,558.1834,1,,1,1,6,1,QUINUA,2111,1,0,030,0,1,1,1,0,0,0, 
2025,21,PUNO,05,EL COLLAO,01,ILAVE,38051,04,04,1,2,210541003,558.1834,1,,1,1,4,1,AVENA FORRAJERA,2701,1,0,040,0,1,0,1,0,0,0, 
2025,21,PUNO,05,EL COLLAO,01,ILAVE,38051,05,05,1,2,210541003,146.6415,1,,1,0,12,1,QUINUA,2111,1,0,025,0,1,0,1,0,0,0, 
2025,21,PUNO,05,EL COLLAO,01,ILAVE,38051,05,05,1,2,210541003,146.6415,1,,1,0,11,1,QUINUA,2111,1,0,020,0,1,0,1,0,0,0, 
2025,21,PUNO,05,EL COLLAO,01,ILAVE,38051,06,06,1,2,210541003,10.61979,1,,1,1,1,1,QUINUA,2111,1,0,060,0,1,0,1,0,0,0, 
2025,21,PUNO,05,EL COLLAO,01,ILAVE,38051,06,06,1,2,210541003,10.61979,1,,1,1,2,1,QUINUA,2111,1,0,020,0,1,0,1,0,0,0, 
2025,21,PUNO,05,EL COLLAO,01,ILAVE,38052,01,01,1,2,210541003,45.54542,1,,1,1,26,1,AVENA FORRAJERA,2701,1,0,030,0,1,0,1,0,0,0, 
2025,21,PUNO,05,EL COLLAO,01,ILAVE,38052,01,01,1,2,210541003,45.54542,1,,1,1,27,1,AVENA FORRAJERA,2701,1,0,050,0,1,0,0,1,0,0, 
2025,21,PUNO,05,EL COLLAO,01,ILAVE,38052,02,02,1,2,210541003,75.72059,1,,1,1,12,1,AVENA FORRAJERA,2701,1,0,225,0,1,0,0,0,0,0, 
2025,21,PUNO,05,EL COLLAO,01,ILAVE,38052,02,02,1,2,210541003,75.72059,1,,1,1,13,1,AVENA FORRAJERA,2701,1,0,200,0,1,0,0,0,0,0, 
2025,21,PUNO,05,EL COLLAO,01,ILAVE,38052,02,02,1,2,210541003,75.72059,1,,1,1,24,1,QUINUA,2111,1,0,060,0,0,0,1,1,0,0, 
2025,21,PUNO,05,EL COLLAO,01,ILAVE,38052,02,02,1,2,210541003,75.72059,1,,1,1,26,1,QUINUA,2111,1,0,050,0,0,0,1,1,0,0, 
2025,21,PUNO,05,EL COLLAO,01,ILAVE,38052,02,02,1,2,210541003,75.72059,1,,1,1,11,1,AVENA FORRAJERA,2701,1,0,225,0,1,0,0,0,0,0, 
2025,21,PUNO,05,EL COLLAO,01,ILAVE,38052,02,02,1,2,210541003,75.72059,1,,1,1,27,1,QUINUA,2111,1,0,070,0,0,0,1,1,0,0, 
2025,21,PUNO,05,EL COLLAO,01,ILAVE,38052,02,02,1,2,210541003,75.72059,1,,1,1,25,1,QUINUA,2111,1,0,060,0,0,0,1,1,0,0, 
2025,21,PUNO,05,EL COLLAO,01,ILAVE,38052,02,02,1,2,210541003,75.72059,1,,1,1,28,1,QUINUA,2111,1,0,060,0,0,0,1,1,0,0, 
2025,21,PUNO,05,EL COLLAO,01,ILAVE,38052,05,05,1,2,210541003,58.30981,1,,1,1,6,1,QUINUA,2111,1,0,050,0,0,0,1,1,0,0, 
2025,21,PUNO,05,EL COLLAO,01,ILAVE,38052,05,05,1,2,210541003,58.30981,1,,1,1,7,1,QUINUA,2111,1,0,050,0,0,0,1,1,0,0, 
2025,21,PUNO,05,EL COLLAO,01,ILAVE,38052,05,05,1,2,210541003,58.30981,1,,1,1,9,1,CAÑIHUA,2103,1,0,050,0,0,0,1,1,0,0, 
2025,21,PUNO,05,EL COLLAO,01,ILAVE,38052,05,05,1,2,210541003,58.30981,1,,1,1,10,1,CAÑIHUA,2103,1,0,050,0,0,0,1,1,0,0, 
2025,21,PUNO,05,EL COLLAO,01,ILAVE,38052,07,07,1,2,210541003,2.18052,1,,1,1,9,1,QUINUA,2111,1,0,200,0,0,0,1,1,1,0, 
2025,21,PUNO,05,EL COLLAO,01,ILAVE,38052,08,08,1,2,210541003,1.181146,1,,1,1,11,1,QUINUA,2111,1,0,300,0,0,0,1,1,0,0, 
2025,21,PUNO,05,EL COLLAO,01,ILAVE,38052,10,10,1,2,210541003,10.07392,1,,1,1,7,1,QUINUA,2111,1,0,040,0,0,0,1,0,0,0, 
2025,21,PUNO,05,EL COLLAO,01,ILAVE,38052,10,10,1,2,210541003,10.07392,1,,1,1,6,1,QUINUA,2111,1,0,060,0,0,0,1,0,0,0, 
2025,21,PUNO,05,EL COLLAO,01,ILAVE,38052,11,11,1,2,210541003,20.90486,1,,1,1,8,1,QUINUA,2111,1,0,100,0,0,0,1,1,1,0, 
2025,21,PUNO,05,EL COLLAO,01,ILAVE,38053,01,01,1,2,210542003,9.588488,1,,1,1,7,1,PAPA NATIVA,2615,1,0,250,0,1,0,1,1,0,0, 
2025,21,PUNO,05,EL COLLAO,01,ILAVE,38053,02,02,1,2,210542003,55.25804,1,,1,0,9,1,QUINUA,2111,1,0,020,0,1,0,1,1,0,0, 
2025,21,PUNO,05,EL COLLAO,01,ILAVE,38053,02,02,1,2,210542003,55.25804,1,,1,0,8,1,PAPA NATIVA,2615,1,0,020,0,1,0,1,1,0,0, 
2025,21,PUNO,05,EL COLLAO,01,ILAVE,38053,02,02,1,2,210542003,55.25804,1,,1,0,6,1,QUINUA,2111,1,0,030,0,1,0,1,1,0,0, 
2025,21,PUNO,05,EL COLLAO,01,ILAVE,38053,02,02,1,2,210542003,55.25804,1,,1,0,5,1,PAPA NATIVA,2615,1,0,020,0,1,0,1,1,0,0, 
2025,21,PUNO,05,EL COLLAO,01,ILAVE,38053,02,02,1,2,210542003,55.25804,1,,1,0,10,1,QUINUA,2111,1,0,020,0,1,0,1,1,0,0, 
2025,21,PUNO,05,EL COLLAO,01,ILAVE,38053,02,02,1,2,210542003,55.25804,1,,1,0,7,1,PAPA NATIVA,2615,1,0,020,0,1,0,1,1,0,0, 
2025,21,PUNO,05,EL COLLAO,01,ILAVE,38053,03,03,1,2,210542003,217.3232,1,,1,1,4,1,QUINUA,2111,1,0,020,0,1,0,1,1,0,0, 
2025,21,PUNO,05,EL COLLAO,01,ILAVE,38053,03,03,1,2,210542003,217.3232,1,,1,1,6,1,PAPA NATIVA,2615,1,0,020,0,1,0,1,1,0,0, 
2025,21,PUNO,05,EL COLLAO,01,ILAVE,38053,03,03,1,2,210542003,217.3232,1,,1,1,7,1,PAPA NATIVA,2615,1,0,020,0,1,0,1,1,0,0, 
2025,21,PUNO,05,EL COLLAO,01,ILAVE,38053,03,03,1,2,210542003,217.3232,1,,1,1,5,1,QUINUA,2111,1,0,020,0,1,0,1,1,0,0, 
2025,21,PUNO,05,EL COLLAO,01,ILAVE,38053,04,04,1,2,210542003,142.1004,1,,1,1,4,1,AVENA FORRAJERA,2701,1,0,020,0,1,0,1,1,0,0, 
2025,21,PUNO,05,EL COLLAO,01,ILAVE,38053,04,04,1,2,210542003,142.1004,1,,1,1,5,1,PAPA NATIVA,2615,1,0,020,0,1,0,1,1,0,0, 
2025,21,PUNO,05,EL COLLAO,01,ILAVE,38053,04,04,1,2,210542003,142.1004,1,,1,1,12,1,AVENA FORRAJERA,2701,1,0,020,0,1,0,1,1,0,0, 
2025,21,PUNO,05,EL COLLAO,01,ILAVE,38053,04,04,1,2,210542003,142.1004,1,,1,1,8,1,AVENA FORRAJERA,2701,1,0,020,0,1,0,1,1,0,0, 
2025,21,PUNO,05,EL COLLAO,01,ILAVE,38053,04,04,1,2,210542003,142.1004,1,,1,1,11,1,AVENA FORRAJERA,2701,1,0,020,0,1,0,1,1,0,0, 
2025,21,PUNO,05,EL COLLAO,01,ILAVE,38053,04,04,1,2,210542003,142.1004,1,,1,1,9,1,AVENA FORRAJERA,2701,1,0,020,0,1,0,1,1,0,0, 
2025,21,PUNO,05,EL COLLAO,01,ILAVE,38053,04,04,1,2,210542003,142.1004,1,,1,1,10,1,AVENA FORRAJERA,2701,1,0,020,0,1,0,1,1,0,0, 
2025,21,PUNO,05,EL COLLAO,01,ILAVE,38053,05,05,1,2,210542003,147.814,1,,1,0,6,1,PAPA NATIVA,2615,1,0,020,0,1,0,1,1,0,0, 
2025,21,PUNO,05,EL COLLAO,01,ILAVE,38053,05,05,1,2,210542003,147.814,1,,1,0,4,1,PAPA NATIVA,2615,1,0,020,0,1,0,1,1,0,0, 
2025,21,PUNO,05,EL COLLAO,01,ILAVE,38053,05,05,1,2,210542003,147.814,1,,1,0,5,1,PAPA NATIVA,2615,1,0,020,0,1,0,1,1,0,0, 
2025,21,PUNO,05,EL COLLAO,01,ILAVE,38053,06,06,1,2,210542003,98.67766,1,,1,0,1,1,PAPA NATIVA,2615,1,0,040,0,1,0,1,1,0,0, 
2025,21,PUNO,05,EL COLLAO,01,ILAVE,38053,06,06,1,2,210542003,98.67766,1,,1,0,5,1,PAPA NATIVA,2615,1,0,020,0,1,0,1,1,0,0, 
2025,21,PUNO,05,EL COLLAO,01,ILAVE,38053,06,06,1,2,210542003,98.67766,1,,1,0,2,1,PAPA NATIVA,2615,1,0,060,0,1,0,1,1,0,0, 
2025,21,PUNO,05,EL COLLAO,01,ILAVE,38053,06,06,1,2,210542003,98.67766,1,,1,0,4,1,PAPA NATIVA,2615,1,0,020,0,1,0,1,1,0,0, 
2025,21,PUNO,05,EL COLLAO,01,ILAVE,38053,06,06,1,2,210542003,98.67766,1,,1,0,1,2,QUINUA,2111,1,0,040,0,1,0,1,1,0,0, 
2025,21,PUNO,05,EL COLLAO,01,ILAVE,38053,06,06,1,2,210542003,98.67766,1,,1,0,2,2,AVENA FORRAJERA,2701,1,0,040,0,1,0,1,1,0,0, 
2025,21,PUNO,05,EL COLLAO,01,ILAVE,38053,07,07,1,2,210542003,31.27318,1,,1,1,5,1,PAPA NATIVA,2615,1,0,020,0,1,0,1,1,0,0, 
2025,21,PUNO,05,EL COLLAO,01,ILAVE,38053,07,07,1,2,210542003,31.27318,1,,1,1,8,1,CEBADA FORRAJERA,2703,1,0,020,0,1,0,1,1,0,0, 
2025,21,PUNO,05,EL COLLAO,01,ILAVE,38053,07,07,1,2,210542003,31.27318,1,,1,1,4,1,PAPA NATIVA,2615,1,0,020,0,1,0,1,1,0,0, 
2025,21,PUNO,05,EL COLLAO,01,ILAVE,38053,07,07,1,2,210542003,31.27318,1,,1,1,6,1,PAPA NATIVA,2615,1,0,020,0,1,0,1,1,0,0, 
2025,21,PUNO,05,EL COLLAO,01,ILAVE,38053,07,07,1,2,210542003,31.27318,1,,1,1,7,1,CEBADA FORRAJERA,2703,1,0,020,0,1,0,1,1,0,0, 
2025,21,PUNO,05,EL COLLAO,01,ILAVE,38054,01,01,1,2,210552003,154.0012,1,,1,1,1,1,QUINUA,2111,1,0,170,0,0,1,1,1,0,0, 
2025,21,PUNO,05,EL COLLAO,01,ILAVE,38054,02,02,1,2,210552003,8.653378,1,,1,0,18,1,CAÑIHUA,2103,1,0,100,0,0,1,1,1,0,0, 
2025,21,PUNO,05,EL COLLAO,01,ILAVE,38054,02,02,1,2,210552003,8.653378,1,,1,0,19,1,CAÑIHUA,2103,1,0,100,0,0,1,1,1,0,0, 
2025,21,PUNO,05,EL COLLAO,01,ILAVE,38054,03,03,1,2,210552003,13.71959,1,,1,1,6,1,QUINUA,2111,1,0,050,0,0,1,1,1,0,1, 
2025,21,PUNO,05,EL COLLAO,01,ILAVE,38054,03,03,1,2,210552003,13.71959,1,,1,1,5,1,PAPA AMARGA,2610,1,0,050,0,0,0,1,1,0,1, 
2025,21,PUNO,05,EL COLLAO,01,ILAVE,38054,04,04,1,2,210552003,72.37627,1,,1,1,6,1,QUINUA,2111,1,0,050,0,0,0,1,1,0,1, 
2025,21,PUNO,05,EL COLLAO,01,ILAVE,38054,05,05,1,2,210552003,78.38142,1,,1,1,3,1,QUINUA,2111,1,0,050,0,0,1,1,1,0,1, 
2025,21,PUNO,05,EL COLLAO,01,ILAVE,38054,05,05,1,2,210552003,78.38142,1,,1,1,6,1,PAPA AMARGA,2610,1,0,050,0,0,0,1,1,0,1, 
2025,21,PUNO,05,EL COLLAO,01,ILAVE,38055,04,04,1,2,210541003,147.0988,1,,1,1,1,1,QUINUA,2111,1,0,120,0,1,1,1,1,0,0, 
2025,21,PUNO,05,EL COLLAO,01,ILAVE,38055,04,04,1,2,210541003,147.0988,1,,1,1,4,1,AVENA FORRAJERA,2701,1,0,500,0,1,0,1,1,0,0, 
2025,21,PUNO,05,EL COLLAO,01,ILAVE,38055,04,04,1,2,210541003,147.0988,1,,1,1,2,1,QUINUA,2111,1,0,750,0,1,1,1,1,0,0, 
2025,21,PUNO,05,EL COLLAO,01,ILAVE,38055,05,05,1,2,210541003,15.80456,1,,1,1,8,1,AVENA FORRAJERA,2701,1,0,125,0,1,0,1,1,0,0, 
2025,21,PUNO,05,EL COLLAO,01,ILAVE,38055,05,05,1,2,210541003,15.80456,1,,1,1,5,1,QUINUA,2111,1,0,225,0,1,1,1,1,0,0, 
2025,21,PUNO,05,EL COLLAO,01,ILAVE,38055,05,05,1,2,210541003,15.80456,1,,1,1,3,1,PAPA NATIVA,2615,1,0,250,0,1,0,1,1,0,0, 
2025,21,PUNO,05,EL COLLAO,01,ILAVE,38055,05,05,1,2,210541003,15.80456,1,,1,1,6,1,QUINUA,2111,1,0,025,0,1,1,1,1,0,0, 
2025,21,PUNO,05,EL COLLAO,01,ILAVE,38055,05,05,1,2,210541003,15.80456,1,,1,1,4,1,HABA,2942,1,0,250,0,1,0,1,1,0,0, 
2025,21,PUNO,05,EL COLLAO,01,ILAVE,38055,05,05,1,2,210541003,15.80456,1,,1,1,7,1,QUINUA,2111,1,0,125,0,1,1,1,1,0,0, 
2025,21,PUNO,05,EL COLLAO,01,ILAVE,38055,05,05,1,2,210541003,15.80456,1,,1,1,2,1,HABA,2942,1,0,050,0,1,0,1,0,0,0, 
2025,21,PUNO,05,EL COLLAO,01,ILAVE,38055,05,05,1,2,210541003,15.80456,1,,1,1,2,2,CEBADA FORRAJERA,2703,1,0,080,0,1,0,1,0,0,0, 
2025,21,PUNO,05,EL COLLAO,01,ILAVE,38055,05,05,1,2,210541003,15.80456,1,,1,1,2,3,PAPA NATIVA,2615,1,0,060,0,1,0,1,0,0,0, 
2025,21,PUNO,05,EL COLLAO,01,ILAVE,38055,06,06,1,2,210541003,12.9503,1,,1,1,2,1,QUINUA,2111,1,0,050,0,1,0,0,0,0,0, 
2025,21,PUNO,05,EL COLLAO,01,ILAVE,38056,01,01,1,2,210551001,1.230134,1,,1,1,5,1,QUINUA,2111,1,0,125,0,0,1,1,0,0,0, 
2025,21,PUNO,05,EL COLLAO,01,ILAVE,38057,01,01,1,2,210541003,18.32016,1,,1,1,17,1,CAÑIHUA,2103,1,0,075,0,1,1,1,0,1,0, 
2025,21,PUNO,05,EL COLLAO,01,ILAVE,38057,01,01,1,2,210541003,18.32016,1,,1,1,15,1,QUINUA,2111,1,0,090,0,1,1,1,0,1,0, 
2025,21,PUNO,05,EL COLLAO,01,ILAVE,38057,01,01,1,2,210541003,18.32016,1,,1,1,14,1,QUINUA,2111,1,0,040,0,1,1,1,0,0,0, 
2025,21,PUNO,05,EL COLLAO,01,ILAVE,38057,01,01,1,2,210541003,18.32016,1,,1,1,10,1,QUINUA,2111,1,0,012,0,1,1,1,0,1,0, 
2025,21,PUNO,05,EL COLLAO,01,ILAVE,38057,01,01,1,2,210541003,18.32016,1,,1,1,12,1,QUINUA,2111,1,0,010,0,1,1,1,0,1,0, 
2025,21,PUNO,05,EL COLLAO,01,ILAVE,38057,01,01,1,2,210541003,18.32016,1,,1,1,16,1,CAÑIHUA,2103,1,0,027,0,1,1,1,0,0,0, 
2025,21,PUNO,05,EL COLLAO,01,ILAVE,38057,01,01,1,2,210541003,18.32016,1,,1,1,11,1,QUINUA,2111,1,0,022,0,1,1,1,0,1,0, 
2025,21,PUNO,05,EL COLLAO,01,ILAVE,38057,01,01,1,2,210541003,18.32016,1,,1,1,13,1,QUINUA,2111,1,0,007,0,1,1,1,0,0,0, 
2025,21,PUNO,05,EL COLLAO,01,ILAVE,38057,03,03,1,2,210541003,96.76954,1,,1,1,14,1,QUINUA,2111,1,0,015,0,1,1,1,0,0,0, 
2025,21,PUNO,05,EL COLLAO,01,ILAVE,38057,03,03,1,2,210541003,96.76954,1,,1,1,8,1,QUINUA,2111,1,0,008,0,1,1,1,0,0,0, 
2025,21,PUNO,05,EL COLLAO,01,ILAVE,38057,03,03,1,2,210541003,96.76954,1,,1,1,11,1,QUINUA,2111,1,0,006,0,1,1,1,0,0,0, 
2025,21,PUNO,05,EL COLLAO,01,ILAVE,38057,03,03,1,2,210541003,96.76954,1,,1,1,9,1,QUINUA,2111,1,0,010,0,1,1,1,0,0,0, 
2025,21,PUNO,05,EL COLLAO,01,ILAVE,38057,03,03,1,2,210541003,96.76954,1,,1,1,13,1,QUINUA,2111,1,0,008,0,1,1,1,0,0,0, 
2025,21,PUNO,05,EL COLLAO,01,ILAVE,38057,04,04,1,2,210541003,1076.913,1,,1,1,5,1,QUINUA,2111,1,0,006,0,1,1,1,0,0,0, 
2025,21,PUNO,05,EL COLLAO,01,ILAVE,38057,04,04,1,2,210541003,1076.913,1,,1,1,6,1,QUINUA,2111,1,0,007,0,1,1,1,0,0,0, 
2025,21,PUNO,05,EL COLLAO,01,ILAVE,38057,04,04,1,2,210541003,1076.913,1,,1,1,4,1,QUINUA,2111,1,0,008,0,1,1,1,0,0,0, 
2025,21,PUNO,05,EL COLLAO,01,ILAVE,38058,03,03,1,2,210541003,.1284302,1,,1,1,6,1,QUINUA,2111,1,0,005,0,0,0,1,1,0,0, 
2025,21,PUNO,05,EL COLLAO,01,ILAVE,38060,01,01,1,2,210541003,62.94357,1,,1,1,8,1,PAPA AMARGA,2610,1,0,100,0,0,0,1,1,0,1, 
2025,21,PUNO,05,EL COLLAO,01,ILAVE,38060,01,01,1,2,210541003,62.94357,1,,1,1,9,1,QUINUA,2111,1,0,100,0,0,0,1,1,0,1, 
2025,21,PUNO,05,EL COLLAO,01,ILAVE,38060,01,01,1,2,210541003,62.94357,1,,1,1,7,1,PAPA AMARGA,2610,1,0,100,0,0,0,1,1,0,1, 
2025,21,PUNO,05,EL COLLAO,01,ILAVE,38060,01,01,1,2,210541003,62.94357,1,,1,1,10,1,QUINUA,2111,1,0,100,0,0,0,1,1,0,1, 
2025,21,PUNO,05,EL COLLAO,01,ILAVE,38060,01,01,1,2,210541003,62.94357,1,,1,1,11,1,QUINUA,2111,1,0,100,0,0,0,1,1,0,1, 
2025,21,PUNO,05,EL COLLAO,01,ILAVE,38060,02,02,1,2,210541003,43.23413,1,,1,0,13,1,CAÑIHUA,2103,1,0,100,0,0,1,1,1,0,1, 
2025,21,PUNO,05,EL COLLAO,01,ILAVE,38060,02,02,1,2,210541003,43.23413,1,,1,0,15,1,CAÑIHUA,2103,1,0,100,0,0,1,1,1,0,1, 
2025,21,PUNO,05,EL COLLAO,01,ILAVE,38060,02,02,1,2,210541003,43.23413,1,,1,0,18,1,QUINUA,2111,1,0,100,0,0,1,1,1,0,1, 
2025,21,PUNO,05,EL COLLAO,01,ILAVE,38060,02,02,1,2,210541003,43.23413,1,,1,0,17,1,QUINUA,2111,1,0,100,0,0,1,1,1,0,1, 
2025,21,PUNO,05,EL COLLAO,01,ILAVE,38060,02,02,1,2,210541003,43.23413,1,,1,0,12,1,CAÑIHUA,2103,1,0,100,0,0,1,1,1,0,1, 
2025,21,PUNO,05,EL COLLAO,01,ILAVE,38060,02,02,1,2,210541003,43.23413,1,,1,0,16,1,CAÑIHUA,2103,1,0,100,0,0,1,1,1,0,1, 
2025,21,PUNO,05,EL COLLAO,01,ILAVE,38060,02,02,1,2,210541003,43.23413,1,,1,0,14,1,CAÑIHUA,2103,1,0,100,0,0,1,1,1,0,1, 
2025,21,PUNO,05,EL COLLAO,01,ILAVE,38060,03,03,1,2,210541003,77.03863,1,,1,1,6,1,QUINUA,2111,1,0,050,0,0,1,1,1,0,1, 
2025,21,PUNO,05,EL COLLAO,01,ILAVE,38060,03,03,1,2,210541003,77.03863,1,,1,1,3,1,PAPA AMARGA,2610,1,0,050,0,0,0,1,1,0,1, 
2025,21,PUNO,05,EL COLLAO,01,ILAVE,38060,03,03,1,2,210541003,77.03863,1,,1,1,5,1,PAPA AMARGA,2610,1,0,050,0,0,0,1,1,0,1, 
2025,21,PUNO,05,EL COLLAO,01,ILAVE,38060,04,04,1,2,210541003,157.0136,1,,1,1,11,1,QUINUA,2111,1,0,100,0,0,0,1,1,0,1, 
2025,21,PUNO,05,EL COLLAO,01,ILAVE,38060,04,04,1,2,210541003,157.0136,1,,1,1,10,1,QUINUA,2111,1,0,100,0,0,0,1,1,0,1, 
2025,21,PUNO,05,EL COLLAO,01,ILAVE,38060,04,04,1,2,210541003,157.0136,1,,1,1,9,1,PAPA AMARGA,2610,1,0,100,0,0,0,1,1,0,1, 
2025,21,PUNO,05,EL COLLAO,01,ILAVE,38060,05,05,1,2,210541003,77.51541,1,,1,1,7,1,PAPA AMARGA,2610,1,0,020,0,0,0,1,1,0,1, 
2025,21,PUNO,05,EL COLLAO,01,ILAVE,38060,05,05,1,2,210541003,77.51541,1,,1,1,12,1,CAÑIHUA,2103,1,0,050,0,0,0,1,1,0,1, 
2025,21,PUNO,05,EL COLLAO,01,ILAVE,38060,05,05,1,2,210541003,77.51541,1,,1,1,11,1,QUINUA,2111,1,0,050,0,0,0,1,1,0,1, 
2025,21,PUNO,05,EL COLLAO,01,ILAVE,38060,05,05,1,2,210541003,77.51541,1,,1,1,6,1,PAPA AMARGA,2610,1,0,020,0,0,0,1,1,0,1, 
2025,21,PUNO,05,EL COLLAO,01,ILAVE,38060,05,05,1,2,210541003,77.51541,1,,1,1,5,1,PAPA AMARGA,2610,1,0,020,0,0,0,1,1,0,1, 
2025,21,PUNO,05,EL COLLAO,01,ILAVE,38060,05,05,1,2,210541003,77.51541,1,,1,1,4,1,PAPA AMARGA,2610,1,0,050,0,0,0,1,1,0,1, 
2025,21,PUNO,05,EL COLLAO,01,ILAVE,38060,05,05,1,2,210541003,77.51541,1,,1,1,10,1,QUINUA,2111,1,0,050,0,0,0,1,1,0,1, 
2025,21,PUNO,05,EL COLLAO,01,ILAVE,38060,06,06,1,2,210541003,204.2739,1,,1,1,4,1,CAÑIHUA,2103,1,0,050,0,0,0,1,1,0,1, 
2025,21,PUNO,05,EL COLLAO,01,ILAVE,38060,06,06,1,2,210541003,204.2739,1,,1,1,3,1,PAPA AMARGA,2610,1,0,050,0,0,0,1,1,0,1, 
2025,21,PUNO,05,EL COLLAO,01,ILAVE,38060,06,06,1,2,210541003,204.2739,1,,1,1,8,1,QUINUA,2111,1,0,050,0,0,1,1,1,0,1, 
2025,21,PUNO,05,EL COLLAO,01,ILAVE,38060,07,07,1,2,210541003,460.0614,1,,1,1,12,1,QUINUA,2111,1,0,050,0,0,1,1,1,0,1, 
2025,21,PUNO,05,EL COLLAO,01,ILAVE,38060,07,07,1,2,210541003,460.0614,1,,1,1,10,1,PAPA NATIVA,2615,1,0,150,0,0,0,1,1,0,1, 
2025,21,PUNO,05,EL COLLAO,01,ILAVE,38060,07,07,1,2,210541003,460.0614,1,,1,1,13,1,QUINUA,2111,1,0,050,0,0,1,1,1,0,1, 
2025,21,PUNO,05,EL COLLAO,01,ILAVE,38060,07,07,1,2,210541003,460.0614,1,,1,1,20,1,CAÑIHUA,2103,1,0,050,0,0,1,1,1,0,1, 
2025,21,PUNO,05,EL COLLAO,01,ILAVE,38060,07,07,1,2,210541003,460.0614,1,,1,1,3,1,PAPA NATIVA,2615,1,0,300,0,0,0,1,1,0,1, 
2025,21,PUNO,05,EL COLLAO,01,ILAVE,38060,07,07,1,2,210541003,460.0614,1,,1,1,11,1,QUINUA,2111,1,0,050,0,0,1,1,1,0,1, 
2025,21,PUNO,05,EL COLLAO,01,ILAVE,38060,07,07,1,2,210541003,460.0614,1,,1,1,14,1,QUINUA,2111,1,0,050,0,0,1,1,1,0,1, 
2025,21,PUNO,05,EL COLLAO,01,ILAVE,38060,07,07,1,2,210541003,460.0614,1,,1,1,15,1,QUINUA,2111,1,0,050,0,0,1,1,1,0,1, 
2025,21,PUNO,05,EL COLLAO,01,ILAVE,38060,07,07,1,2,210541003,460.0614,1,,1,1,4,1,PAPA NATIVA,2615,1,0,300,0,0,0,1,1,0,1, 
2025,21,PUNO,05,EL COLLAO,01,ILAVE,38060,07,07,1,2,210541003,460.0614,1,,1,1,19,1,QUINUA,2111,1,0,050,0,0,1,1,1,0,1, 
2025,21,PUNO,05,EL COLLAO,01,ILAVE,38060,07,07,1,2,210541003,460.0614,1,,1,1,16,1,QUINUA,2111,1,0,050,0,0,1,1,1,0,1, 
2025,21,PUNO,05,EL COLLAO,01,ILAVE,38060,07,07,1,2,210541003,460.0614,1,,1,1,5,1,PAPA NATIVA,2615,1,0,300,0,0,0,1,1,0,1, 
2025,21,PUNO,05,EL COLLAO,01,ILAVE,38061,02,02,1,2,210541003,219.7249,1,,1,1,4,1,QUINUA,2111,1,0,100,0,1,1,1,1,0,0, 
2025,21,PUNO,05,EL COLLAO,01,ILAVE,38061,02,02,1,2,210541003,219.7249,1,,1,1,5,1,PAPA NATIVA,2615,1,0,100,0,1,0,1,1,0,0, 
2025,21,PUNO,05,EL COLLAO,01,ILAVE,38061,03,03,1,2,210541003,82.13889,1,,1,1,8,1,PAPA NATIVA,2615,1,0,070,0,1,0,1,1,0,0, 
2025,21,PUNO,05,EL COLLAO,01,ILAVE,38061,03,03,1,2,210541003,82.13889,1,,1,1,6,1,PAPA NATIVA,2615,1,0,030,0,1,0,1,1,0,0, 
2025,21,PUNO,05,EL COLLAO,01,ILAVE,38061,03,03,1,2,210541003,82.13889,1,,1,1,7,1,PAPA NATIVA,2615,1,0,030,0,1,0,1,1,0,0, 
2025,21,PUNO,05,EL COLLAO,01,ILAVE,38061,03,03,1,2,210541003,82.13889,1,,1,1,11,1,HABA,2942,1,0,100,0,0,0,1,1,0,0, 
2025,21,PUNO,05,EL COLLAO,01,ILAVE,38061,04,04,1,2,210541003,66.59024,1,,1,1,2,1,QUINUA,2111,1,0,060,0,0,1,1,1,0,0, 
2025,21,PUNO,05,EL COLLAO,01,ILAVE,38061,04,04,1,2,210541003,66.59024,1,,1,1,3,1,PAPA NATIVA,2615,1,0,060,0,1,0,1,1,0,0, 
2025,21,PUNO,05,EL COLLAO,01,ILAVE,38061,04,04,1,2,210541003,66.59024,1,,1,1,4,1,PAPA NATIVA,2615,1,0,060,0,1,0,1,1,0,0, 
2025,21,PUNO,05,EL COLLAO,01,ILAVE,38061,04,04,1,2,210541003,66.59024,1,,1,1,8,1,PAPA NATIVA,2615,1,0,060,0,1,0,1,1,0,0, 
2025,21,PUNO,05,EL COLLAO,01,ILAVE,38061,04,04,1,2,210541003,66.59024,1,,1,1,9,1,QUINUA,2111,1,0,040,0,1,0,1,1,0,0, 
2025,21,PUNO,05,EL COLLAO,01,ILAVE,38061,04,04,1,2,210541003,66.59024,1,,1,1,11,1,QUINUA,2111,1,0,040,0,1,0,1,1,0,0, 
2025,21,PUNO,05,EL COLLAO,01,ILAVE,38061,04,04,1,2,210541003,66.59024,1,,1,1,10,1,QUINUA,2111,1,0,040,0,1,0,1,1,0,0, 
2025,21,PUNO,05,EL COLLAO,01,ILAVE,38061,04,04,1,2,210541003,66.59024,1,,1,1,13,1,QUINUA,2111,1,0,040,0,1,0,1,1,0,0, 
2025,21,PUNO,05,EL COLLAO,01,ILAVE,38061,04,04,1,2,210541003,66.59024,1,,1,1,5,1,PAPA NATIVA,2615,1,0,060,0,1,0,1,1,0,0, 
2025,21,PUNO,05,EL COLLAO,01,ILAVE,38061,04,04,1,2,210541003,66.59024,1,,1,1,12,1,QUINUA,2111,1,0,040,0,1,0,1,1,0,0, 
2025,21,PUNO,05,EL COLLAO,01,ILAVE,38061,04,04,1,2,210541003,66.59024,1,,1,1,6,1,PAPA NATIVA,2615,1,0,060,0,1,0,1,1,0,0, 
2025,21,PUNO,05,EL COLLAO,01,ILAVE,38061,04,04,1,2,210541003,66.59024,1,,1,1,7,1,PAPA NATIVA,2615,1,0,060,0,1,0,1,1,0,0, 
2025,21,PUNO,05,EL COLLAO,01,ILAVE,38061,05,05,1,2,210541003,493.7301,1,,1,1,4,1,PAPA NATIVA,2615,1,0,080,0,1,0,1,1,0,0, 
2025,21,PUNO,05,EL COLLAO,01,ILAVE,38063,02,02,1,2,210541003,717.9563,1,,1,1,35,1,QUINUA,2111,1,0,150,0,1,1,1,0,0,0, 
2025,21,PUNO,05,EL COLLAO,01,ILAVE,38063,02,02,1,2,210541003,717.9563,1,,1,1,37,1,QUINUA,2111,1,0,140,0,1,1,1,0,0,0, 
2025,21,PUNO,05,EL COLLAO,01,ILAVE,38063,02,02,1,2,210541003,717.9563,1,,1,1,33,1,QUINUA,2111,1,0,150,0,1,1,1,0,0,0, 
2025,21,PUNO,05,EL COLLAO,01,ILAVE,38063,02,02,1,2,210541003,717.9563,1,,1,1,34,1,QUINUA,2111,1,0,150,0,1,1,1,0,0,0, 
2025,21,PUNO,05,EL COLLAO,01,ILAVE,38063,03,03,1,2,210541003,20.16584,1,,1,1,4,1,QUINUA,2111,1,0,050,0,1,1,1,1,0,0, 
2025,21,PUNO,05,EL COLLAO,01,ILAVE,38064,01,01,1,2,210541001,261.5916,1,,1,1,3,1,QUINUA,2111,1,0,018,0,1,0,1,1,0,0, 
2025,21,PUNO,05,EL COLLAO,01,ILAVE,38064,01,01,1,2,210541001,261.5916,1,,1,1,9,1,AVENA FORRAJERA,2701,1,0,018,0,1,0,0,0,0,0, 
2025,21,PUNO,05,EL COLLAO,01,ILAVE,38064,01,01,1,2,210541001,261.5916,1,,1,1,8,1,AVENA FORRAJERA,2701,1,0,018,0,1,0,1,0,0,0, 
2025,21,PUNO,05,EL COLLAO,01,ILAVE,38064,01,01,1,2,210541001,261.5916,1,,1,1,10,1,AVENA FORRAJERA,2701,1,0,018,0,1,0,0,0,0,0, 
2025,21,PUNO,05,EL COLLAO,01,ILAVE,38064,02,02,1,2,210541001,193.341,1,,1,1,6,1,PAPA NATIVA,2615,1,0,018,0,1,0,1,0,0,0, 
2025,21,PUNO,05,EL COLLAO,01,ILAVE,38064,02,02,1,2,210541001,193.341,1,,1,1,30,1,QUINUA,2111,1,0,015,0,1,0,1,0,0,0, 
2025,21,PUNO,05,EL COLLAO,01,ILAVE,38064,02,02,1,2,210541001,193.341,1,,1,1,31,1,QUINUA,2111,1,0,015,0,0,0,1,1,0,0, 
2025,21,PUNO,05,EL COLLAO,01,ILAVE,38064,02,02,1,2,210541001,193.341,1,,1,1,29,1,QUINUA,2111,1,0,015,0,1,0,1,0,0,0, 
2025,21,PUNO,05,EL COLLAO,01,ILAVE,38064,02,02,1,2,210541001,193.341,1,,1,1,36,1,QUINUA,2111,1,0,012,0,1,0,1,0,0,0, 
2025,21,PUNO,05,EL COLLAO,01,ILAVE,38064,02,02,1,2,210541001,193.341,1,,1,1,4,1,PAPA NATIVA,2615,1,0,015,0,1,0,1,0,0,0, 
2025,21,PUNO,05,EL COLLAO,01,ILAVE,38064,02,02,1,2,210541001,193.341,1,,1,1,5,1,PAPA NATIVA,2615,1,0,020,0,1,0,1,0,0,0, 
2025,21,PUNO,05,EL COLLAO,01,ILAVE,38064,02,02,1,2,210541001,193.341,1,,1,1,35,1,QUINUA,2111,1,0,012,0,1,0,1,0,0,0, 
2025,21,PUNO,05,EL COLLAO,01,ILAVE,38064,03,03,1,2,210541001,143.3936,1,,1,1,23,1,QUINUA,2111,1,0,060,0,1,0,1,0,0,0, 
2025,21,PUNO,05,EL COLLAO,01,ILAVE,38064,03,03,1,2,210541001,143.3936,1,,1,1,22,1,QUINUA,2111,1,0,040,0,1,0,1,0,0,0, 
2025,21,PUNO,05,EL COLLAO,01,ILAVE,38064,03,03,1,2,210541001,143.3936,1,,1,1,19,1,QUINUA,2111,1,0,150,0,1,0,1,1,0,0, 
2025,21,PUNO,05,EL COLLAO,01,ILAVE,38064,03,03,1,2,210541001,143.3936,1,,1,1,21,1,QUINUA,2111,1,0,135,0,1,0,1,0,0,0, 
2025,21,PUNO,05,EL COLLAO,01,ILAVE,38064,03,03,1,2,210541001,143.3936,1,,1,1,20,1,QUINUA,2111,1,0,270,0,1,0,1,0,0,0, 
2025,21,PUNO,05,EL COLLAO,01,ILAVE,38064,03,03,1,2,210541001,143.3936,1,,1,1,15,1,QUINUA,2111,1,0,030,0,1,0,1,0,0,0, 
2025,21,PUNO,05,EL COLLAO,01,ILAVE,38064,03,03,1,2,210541001,143.3936,1,,1,1,17,1,QUINUA,2111,1,0,030,0,1,0,1,0,0,0, 
2025,21,PUNO,05,EL COLLAO,01,ILAVE,38064,03,03,1,2,210541001,143.3936,1,,1,1,18,1,QUINUA,2111,1,0,030,0,1,0,1,0,0,0, 
2025,21,PUNO,05,EL COLLAO,01,ILAVE,38064,03,03,1,2,210541001,143.3936,1,,1,1,16,1,QUINUA,2111,1,0,030,0,1,0,1,0,0,0, 
2025,21,PUNO,05,EL COLLAO,01,ILAVE,38064,03,03,1,2,210541001,143.3936,1,,1,1,14,1,QUINUA,2111,1,0,030,0,1,0,1,0,0,0, 
2025,21,PUNO,05,EL COLLAO,01,ILAVE,38064,03,03,1,2,210541001,143.3936,1,,1,1,6,1,PAPA NATIVA,2615,1,0,100,0,1,0,0,0,0,0, 
2025,21,PUNO,05,EL COLLAO,01,ILAVE,38064,03,03,1,2,210541001,143.3936,1,,1,1,24,1,QUINUA,2111,1,0,060,0,1,0,1,0,0,0, 
2025,21,PUNO,05,EL COLLAO,01,ILAVE,38065,02,02,1,2,210541004,2.491863,1,,1,1,4,1,QUINUA,2111,1,700,000,0,1,0,1,0,0,0, 
2025,21,PUNO,05,EL COLLAO,01,ILAVE,38065,02,02,1,2,210541004,2.491863,1,,1,1,7,1,QUINUA,2111,1,900,000,0,1,0,1,0,0,0, 
2025,21,PUNO,05,EL COLLAO,01,ILAVE,38065,02,02,1,2,210541004,2.491863,1,,1,1,6,1,QUINUA,2111,1,1000,000,0,1,0,1,0,0,0, 
2025,21,PUNO,05,EL COLLAO,01,ILAVE,38065,02,02,1,2,210541004,2.491863,1,,1,1,3,1,QUINUA,2111,1,800,000,0,1,0,1,0,0,0, 
2025,21,PUNO,05,EL COLLAO,01,ILAVE,38065,02,02,1,2,210541004,2.491863,1,,1,1,5,1,QUINUA,2111,1,600,000,0,1,0,1,0,0,0, 
2025,21,PUNO,05,EL COLLAO,01,ILAVE,38066,01,01,1,2,210541003,42.52636,1,,1,1,14,1,QUINUA,2111,1,0,020,0,1,0,1,1,0,0, 
2025,21,PUNO,05,EL COLLAO,01,ILAVE,38066,01,01,1,2,210541003,42.52636,1,,1,1,7,1,PAPA NATIVA,2615,1,0,020,0,1,0,1,1,0,0, 
2025,21,PUNO,05,EL COLLAO,01,ILAVE,38066,01,01,1,2,210541003,42.52636,1,,1,1,8,1,PAPA NATIVA,2615,1,0,020,0,1,0,1,1,0,0, 
2025,21,PUNO,05,EL COLLAO,01,ILAVE,38066,01,01,1,2,210541003,42.52636,1,,1,1,9,1,PAPA NATIVA,2615,1,0,020,0,1,0,1,1,0,0, 
2025,21,PUNO,05,EL COLLAO,01,ILAVE,38066,01,01,1,2,210541003,42.52636,1,,1,1,13,1,QUINUA,2111,1,0,020,0,1,0,1,1,0,0, 
2025,21,PUNO,05,EL COLLAO,01,ILAVE,38066,01,01,1,2,210541003,42.52636,1,,1,1,12,1,QUINUA,2111,1,0,020,0,1,0,1,1,0,0, 
2025,21,PUNO,05,EL COLLAO,01,ILAVE,38066,02,02,1,2,210541003,83.41195,1,,1,1,9,1,QUINUA,2111,1,0,020,0,1,0,1,1,0,0, 
2025,21,PUNO,05,EL COLLAO,01,ILAVE,38066,02,02,1,2,210541003,83.41195,1,,1,1,3,1,QUINUA,2111,1,0,030,0,1,0,1,1,0,0, 
2025,21,PUNO,05,EL COLLAO,01,ILAVE,38066,02,02,1,2,210541003,83.41195,1,,1,1,8,1,QUINUA,2111,1,0,020,0,1,0,1,1,0,0, 
2025,21,PUNO,05,EL COLLAO,01,ILAVE,38066,03,03,1,2,210541003,95.75571,1,,1,1,3,1,PAPA NATIVA,2615,1,0,020,0,1,0,1,1,0,0, 
2025,21,PUNO,05,EL COLLAO,01,ILAVE,38066,03,03,1,2,210541003,95.75571,1,,1,1,7,1,QUINUA,2111,1,0,020,0,1,0,1,1,0,0, 
2025,21,PUNO,05,EL COLLAO,01,ILAVE,38066,03,03,1,2,210541003,95.75571,1,,1,1,4,1,PAPA NATIVA,2615,1,0,020,0,1,0,1,1,0,0, 
2025,21,PUNO,05,EL COLLAO,01,ILAVE,38066,03,03,1,2,210541003,95.75571,1,,1,1,5,1,PAPA NATIVA,2615,1,0,020,0,1,0,1,1,0,0, 
2025,21,PUNO,05,EL COLLAO,01,ILAVE,38066,04,04,1,2,210541003,1.876803,1,,1,1,4,1,PAPA NATIVA,2615,1,0,020,0,1,0,1,1,0,0, 
2025,21,PUNO,05,EL COLLAO,01,ILAVE,38066,04,04,1,2,210541003,1.876803,1,,1,1,5,1,PAPA NATIVA,2615,1,0,020,0,1,0,1,1,0,0, 
2025,21,PUNO,05,EL COLLAO,01,ILAVE,38066,04,04,1,2,210541003,1.876803,1,,1,1,7,1,QUINUA,2111,1,0,020,0,1,0,1,1,0,0, 
2025,21,PUNO,05,EL COLLAO,01,ILAVE,38066,04,04,1,2,210541003,1.876803,1,,1,1,6,1,QUINUA,2111,1,0,020,0,1,0,1,1,0,0, 
2025,21,PUNO,05,EL COLLAO,01,ILAVE,38066,04,04,1,2,210541003,1.876803,1,,1,1,8,1,CEBADA GRANO,2104,1,0,020,0,1,0,1,1,0,0, 
2025,21,PUNO,05,EL COLLAO,01,ILAVE,38066,05,05,1,2,210541003,31.6912,1,,1,1,9,1,QUINUA,2111,1,0,020,0,1,1,1,1,0,0, 
2025,21,PUNO,05,EL COLLAO,01,ILAVE,38066,05,05,1,2,210541003,31.6912,1,,1,1,10,1,AVENA FORRAJERA,2701,1,0,020,0,1,0,1,1,0,0, 
2025,21,PUNO,05,EL COLLAO,01,ILAVE,38066,05,05,1,2,210541003,31.6912,1,,1,1,7,1,PAPA NATIVA,2615,1,0,020,0,1,0,1,1,0,0, 
2025,21,PUNO,05,EL COLLAO,01,ILAVE,38066,05,05,1,2,210541003,31.6912,1,,1,1,8,1,PAPA NATIVA,2615,1,0,020,0,1,0,1,1,0,0, 
2025,21,PUNO,05,EL COLLAO,01,ILAVE,38066,06,06,1,2,210541003,1.622376,1,,1,1,7,1,PAPA NATIVA,2615,1,0,020,0,1,0,1,1,0,0, 
2025,21,PUNO,05,EL COLLAO,01,ILAVE,38066,06,06,1,2,210541003,1.622376,1,,1,1,10,1,PAPA NATIVA,2615,1,0,020,0,1,0,1,1,0,0, 
2025,21,PUNO,05,EL COLLAO,01,ILAVE,38066,06,06,1,2,210541003,1.622376,1,,1,1,19,1,QUINUA,2111,1,0,020,0,1,0,1,1,0,0, 
2025,21,PUNO,05,EL COLLAO,01,ILAVE,38066,06,06,1,2,210541003,1.622376,1,,1,1,11,1,PAPA NATIVA,2615,1,0,020,0,1,0,1,1,0,0, 
2025,21,PUNO,05,EL COLLAO,01,ILAVE,38066,06,06,1,2,210541003,1.622376,1,,1,1,18,1,QUINUA,2111,1,0,020,0,1,0,1,1,0,0, 
2025,21,PUNO,05,EL COLLAO,01,ILAVE,38066,06,06,1,2,210541003,1.622376,1,,1,1,8,1,PAPA NATIVA,2615,1,0,020,0,1,0,1,1,0,0, 
2025,21,PUNO,05,EL COLLAO,01,ILAVE,38066,06,06,1,2,210541003,1.622376,1,,1,1,16,1,QUINUA,2111,1,0,020,0,1,0,1,1,0,0, 
2025,21,PUNO,05,EL COLLAO,01,ILAVE,38066,06,06,1,2,210541003,1.622376,1,,1,1,6,1,PAPA NATIVA,2615,1,0,020,0,1,0,1,1,0,0, 
2025,21,PUNO,05,EL COLLAO,01,ILAVE,38066,06,06,1,2,210541003,1.622376,1,,1,1,28,1,CEBADA FORRAJERA,2703,1,0,020,0,1,0,1,1,0,0, 
2025,21,PUNO,05,EL COLLAO,01,ILAVE,38066,06,06,1,2,210541003,1.622376,1,,1,1,26,1,AVENA FORRAJERA,2701,1,0,020,0,1,0,1,1,0,0, 
2025,21,PUNO,05,EL COLLAO,01,ILAVE,38066,06,06,1,2,210541003,1.622376,1,,1,1,13,1,QUINUA,2111,1,0,020,0,1,0,1,1,0,0, 
2025,21,PUNO,05,EL COLLAO,01,ILAVE,38066,06,06,1,2,210541003,1.622376,1,,1,1,9,1,PAPA NATIVA,2615,1,0,020,0,1,0,1,1,0,0, 
2025,21,PUNO,05,EL COLLAO,01,ILAVE,38066,06,06,1,2,210541003,1.622376,1,,1,1,12,1,QUINUA,2111,1,0,020,0,1,0,1,1,0,0, 
2025,21,PUNO,05,EL COLLAO,01,ILAVE,38066,06,06,1,2,210541003,1.622376,1,,1,1,27,1,CEBADA FORRAJERA,2703,1,0,020,0,1,0,1,1,0,0, 
2025,21,PUNO,05,EL COLLAO,01,ILAVE,38066,06,06,1,2,210541003,1.622376,1,,1,1,15,1,QUINUA,2111,1,0,020,0,1,0,1,1,0,0, 
2025,21,PUNO,05,EL COLLAO,01,ILAVE,38066,06,06,1,2,210541003,1.622376,1,,1,1,17,1,QUINUA,2111,1,0,020,0,1,0,1,1,0,0, 
2025,21,PUNO,05,EL COLLAO,01,ILAVE,38066,06,06,1,2,210541003,1.622376,1,,1,1,14,1,QUINUA,2111,1,0,020,0,1,0,1,1,0,0, 
2025,21,PUNO,05,EL COLLAO,01,ILAVE,38066,08,08,1,2,210541003,116.1826,1,,1,1,7,1,QUINUA,2111,1,0,020,0,1,0,1,1,0,0, 
2025,21,PUNO,05,EL COLLAO,01,ILAVE,38066,08,08,1,2,210541003,116.1826,1,,1,1,10,1,CEBADA GRANO,2104,1,0,020,0,1,0,1,1,0,0, 
2025,21,PUNO,05,EL COLLAO,01,ILAVE,38066,08,08,1,2,210541003,116.1826,1,,1,1,8,1,QUINUA,2111,1,0,020,0,1,0,1,1,0,0, 
2025,21,PUNO,05,EL COLLAO,01,ILAVE,38066,08,08,1,2,210541003,116.1826,1,,1,1,6,1,QUINUA,2111,1,0,020,0,1,0,1,1,0,0, 
2025,21,PUNO,05,EL COLLAO,01,ILAVE,38066,08,08,1,2,210541003,116.1826,1,,1,1,4,1,PAPA NATIVA,2615,1,0,020,0,1,0,1,1,0,0, 
2025,21,PUNO,05,EL COLLAO,01,ILAVE,38066,08,08,1,2,210541003,116.1826,1,,1,1,5,1,PAPA NATIVA,2615,1,0,020,0,1,0,1,1,0,0, 
2025,21,PUNO,05,EL COLLAO,01,ILAVE,38066,08,08,1,2,210541003,116.1826,1,,1,1,3,1,PAPA NATIVA,2615,1,0,020,0,1,0,1,1,0,0, 
2025,21,PUNO,05,EL COLLAO,01,ILAVE,38066,09,09,1,2,210541003,44.79995,1,,1,1,7,1,CEBADA GRANO,2104,1,0,020,0,1,0,1,1,0,0, 
2025,21,PUNO,05,EL COLLAO,01,ILAVE,38066,09,09,1,2,210541003,44.79995,1,,1,1,5,1,PAPA NATIVA,2615,1,0,020,0,1,0,1,1,0,0, 
2025,21,PUNO,05,EL COLLAO,01,ILAVE,38066,09,09,1,2,210541003,44.79995,1,,1,1,9,1,QUINUA,2111,1,0,020,0,1,0,1,1,0,0, 
2025,21,PUNO,05,EL COLLAO,01,ILAVE,38066,09,09,1,2,210541003,44.79995,1,,1,1,6,1,PAPA NATIVA,2615,1,0,020,0,1,0,1,1,0,0, 
2025,21,PUNO,05,EL COLLAO,01,ILAVE,38066,09,09,1,2,210541003,44.79995,1,,1,1,10,1,QUINUA,2111,1,0,020,0,1,0,1,1,0,0, 
2025,21,PUNO,05,EL COLLAO,01,ILAVE,38066,10,10,1,2,210541003,99.94401,1,,1,0,4,1,PAPA NATIVA,2615,1,0,020,0,1,0,1,1,0,0, 
2025,21,PUNO,05,EL COLLAO,01,ILAVE,38066,10,10,1,2,210541003,99.94401,1,,1,0,14,1,QUINUA,2111,1,0,020,0,1,0,1,1,0,0, 
2025,21,PUNO,05,EL COLLAO,01,ILAVE,38066,10,10,1,2,210541003,99.94401,1,,1,0,11,1,CEBADA GRANO,2104,1,0,020,0,1,0,1,1,0,0, 
2025,21,PUNO,05,EL COLLAO,01,ILAVE,38066,10,10,1,2,210541003,99.94401,1,,1,0,5,1,PAPA NATIVA,2615,1,0,020,0,1,0,1,1,0,0, 
2025,21,PUNO,05,EL COLLAO,01,ILAVE,38066,10,10,1,2,210541003,99.94401,1,,1,0,12,1,QUINUA,2111,1,0,020,0,1,0,1,1,0,0, 
2025,21,PUNO,05,EL COLLAO,01,ILAVE,38066,10,10,1,2,210541003,99.94401,1,,1,0,15,1,QUINUA,2111,1,0,020,0,1,0,1,1,0,0, 
2025,21,PUNO,05,EL COLLAO,01,ILAVE,38066,10,10,1,2,210541003,99.94401,1,,1,0,7,1,PAPA NATIVA,2615,1,0,020,0,1,0,1,1,0,0, 
2025,21,PUNO,05,EL COLLAO,01,ILAVE,38066,10,10,1,2,210541003,99.94401,1,,1,0,13,1,QUINUA,2111,1,0,020,0,1,0,1,1,0,0, 
2025,21,PUNO,05,EL COLLAO,01,ILAVE,38066,10,10,1,2,210541003,99.94401,1,,1,0,9,1,CEBADA GRANO,2104,1,0,020,0,1,0,1,1,0,0, 
2025,21,PUNO,05,EL COLLAO,01,ILAVE,38066,11,11,1,2,210541003,292.3584,1,,1,1,5,1,QUINUA,2111,1,0,020,0,1,0,1,1,0,0, 
2025,21,PUNO,05,EL COLLAO,01,ILAVE,38066,11,11,1,2,210541003,292.3584,1,,1,1,6,1,QUINUA,2111,1,0,020,0,1,0,1,1,0,0, 
2025,21,PUNO,05,EL COLLAO,01,ILAVE,38066,11,11,1,2,210541003,292.3584,1,,1,1,3,1,PAPA NATIVA,2615,1,0,020,0,1,0,1,1,0,0, 
2025,21,PUNO,05,EL COLLAO,01,ILAVE,38066,11,11,1,2,210541003,292.3584,1,,1,1,4,1,PAPA NATIVA,2615,1,0,020,0,1,0,1,1,0,0, 
2025,21,PUNO,05,EL COLLAO,01,ILAVE,38067,01,01,1,2,210541003,153.3861,1,,1,1,9,1,PAPA NATIVA,2615,1,100,000,0,1,0,1,1,0,0, 
2025,21,PUNO,05,EL COLLAO,01,ILAVE,38067,01,01,1,2,210541003,153.3861,1,,1,1,23,1,ARVEJA,2901,1,50,000,0,1,0,1,1,0,0, 
2025,21,PUNO,05,EL COLLAO,01,ILAVE,38067,01,01,1,2,210541003,153.3861,1,,1,1,7,1,PAPA AMARILLA,2611,1,200,000,0,1,1,1,0,0,0, 
2025,21,PUNO,05,EL COLLAO,01,ILAVE,38067,01,01,1,2,210541003,153.3861,1,,1,1,17,1,QUINUA,2111,1,200,000,0,1,1,1,1,0,0, 
2025,21,PUNO,05,EL COLLAO,01,ILAVE,38067,01,01,1,2,210541003,153.3861,1,,1,1,21,1,ARVEJA,2901,1,200,000,0,1,0,1,1,0,0, 
2025,21,PUNO,05,EL COLLAO,01,ILAVE,38067,01,01,1,2,210541003,153.3861,1,,1,1,13,1,QUINUA,2111,1,300,000,0,1,1,1,0,0,0, 
2025,21,PUNO,05,EL COLLAO,01,ILAVE,38067,01,01,1,2,210541003,153.3861,1,,1,1,60,1,ALFALFA,1401,3,100,000,0,1,0,0,0,0,0, 
2025,21,PUNO,05,EL COLLAO,01,ILAVE,38067,01,01,1,2,210541003,153.3861,1,,1,1,59,1,ALFALFA,1401,3,100,000,0,1,0,0,0,0,0, 
2025,21,PUNO,05,EL COLLAO,01,ILAVE,38067,01,01,1,2,210541003,153.3861,1,,1,1,22,1,ARVEJA,2901,1,50,000,0,1,0,1,1,0,0, 
2025,21,PUNO,05,EL COLLAO,01,ILAVE,38067,01,01,1,2,210541003,153.3861,1,,1,1,2,1,HABA,2942,1,200,000,0,1,1,1,0,0,0, 
2025,21,PUNO,05,EL COLLAO,01,ILAVE,38067,01,01,1,2,210541003,153.3861,1,,1,1,20,1,ARVEJA,2901,1,200,000,0,1,0,1,0,0,0, 
2025,21,PUNO,05,EL COLLAO,01,ILAVE,38067,01,01,1,2,210541003,153.3861,1,,1,1,14,1,QUINUA,2111,1,300,000,0,1,1,1,0,0,0, 
2025,21,PUNO,05,EL COLLAO,01,ILAVE,38067,01,01,1,2,210541003,153.3861,1,,1,1,19,1,QUINUA,2111,1,100,000,0,1,1,1,1,0,0, 
2025,21,PUNO,05,EL COLLAO,01,ILAVE,38067,01,01,1,2,210541003,153.3861,1,,1,1,15,1,QUINUA,2111,1,400,000,0,1,1,1,0,0,0, 
2025,21,PUNO,05,EL COLLAO,01,ILAVE,38067,01,01,1,2,210541003,153.3861,1,,1,1,18,1,QUINUA,2111,1,100,000,0,1,1,1,0,0,0, 
2025,21,PUNO,05,EL COLLAO,01,ILAVE,38067,01,01,1,2,210541003,153.3861,1,,1,1,6,1,PAPA BLANCA,2612,1,350,000,0,1,0,1,1,0,0, 
2025,21,PUNO,05,EL COLLAO,01,ILAVE,38067,01,01,1,2,210541003,153.3861,1,,1,1,8,1,PAPA NATIVA,2615,1,100,000,0,1,0,1,1,0,0, 
2025,21,PUNO,05,EL COLLAO,01,ILAVE,38067,01,01,1,2,210541003,153.3861,1,,1,1,16,1,QUINUA,2111,1,200,000,0,1,1,1,0,0,0, 
2025,21,PUNO,05,EL COLLAO,01,ILAVE,38067,01,01,1,2,210541003,153.3861,1,,1,1,61,1,ALFALFA,1401,3,50,000,0,1,0,0,0,0,0, 
2025,21,PUNO,05,EL COLLAO,01,ILAVE,38067,01,01,1,2,210541003,153.3861,1,,1,1,5,1,PAPA NATIVA,2615,1,300,000,0,1,0,1,1,0,0, 
2025,21,PUNO,05,EL COLLAO,01,ILAVE,38067,01,01,1,2,210541003,153.3861,1,,1,1,62,1,ALFALFA,1401,3,50,000,0,1,0,0,0,0,0, 
2025,21,PUNO,05,EL COLLAO,01,ILAVE,38067,01,01,1,2,210541003,153.3861,1,,1,1,7,2,PAPA NATIVA,2615,1,100,000,0,1,0,1,1,0,0, 
2025,21,PUNO,05,EL COLLAO,01,ILAVE,38067,01,01,1,2,210541003,153.3861,1,,1,1,7,3,PAPA BLANCA,2612,1,100,000,0,1,1,1,0,0,0, 
2025,21,PUNO,05,EL COLLAO,01,ILAVE,38067,02,02,1,2,210541003,421.4584,1,,1,1,9,1,QUINUA,2111,1,500,000,0,1,1,1,0,0,0, 
2025,21,PUNO,05,EL COLLAO,01,ILAVE,38067,02,02,1,2,210541003,421.4584,1,,1,1,10,1,QUINUA,2111,1,400,000,0,1,1,1,0,0,0, 
2025,21,PUNO,05,EL COLLAO,01,ILAVE,38067,03,03,1,2,210541003,708.8932,1,,1,1,15,1,OCA,2608,1,200,000,0,1,0,1,0,0,0, 
2025,21,PUNO,05,EL COLLAO,01,ILAVE,38067,03,03,1,2,210541003,708.8932,1,,1,1,14,1,OCA,2608,1,100,000,0,1,0,1,0,0,0, 
2025,21,PUNO,05,EL COLLAO,01,ILAVE,38067,03,03,1,2,210541003,708.8932,1,,1,1,12,1,QUINUA,2111,1,400,000,0,1,1,1,0,0,0, 
2025,21,PUNO,05,EL COLLAO,01,ILAVE,38067,03,03,1,2,210541003,708.8932,1,,1,1,6,1,PAPA BLANCA,2612,1,600,000,0,1,0,1,0,0,0, 
2025,21,PUNO,05,EL COLLAO,01,ILAVE,38067,03,03,1,2,210541003,708.8932,1,,1,1,13,1,QUINUA,2111,1,800,000,0,1,1,1,0,0,0, 
2025,21,PUNO,05,EL COLLAO,01,ILAVE,38067,03,03,1,2,210541003,708.8932,1,,1,1,8,1,PAPA NATIVA,2615,1,400,000,0,1,0,1,0,0,0, 
2025,21,PUNO,05,EL COLLAO,01,ILAVE,38067,03,03,1,2,210541003,708.8932,1,,1,1,4,1,PAPA NATIVA,2615,1,500,000,0,1,0,1,0,0,0, 
2025,21,PUNO,05,EL COLLAO,01,ILAVE,38067,03,03,1,2,210541003,708.8932,1,,1,1,3,1,PAPA NATIVA,2615,1,300,000,0,1,0,1,0,0,0, 
2025,21,PUNO,05,EL COLLAO,01,ILAVE,38067,03,03,1,2,210541003,708.8932,1,,1,1,11,1,QUINUA,2111,1,700,000,0,1,1,1,0,0,0, 
2025,21,PUNO,05,EL COLLAO,01,ILAVE,38067,03,03,1,2,210541003,708.8932,1,,1,1,8,2,QUINUA,2111,1,400,000,0,1,0,1,0,0,0, 
2025,21,PUNO,05,EL COLLAO,01,ILAVE,38067,04,04,1,2,210541003,262.5249,1,,1,1,5,1,QUINUA,2111,1,200,000,0,1,1,1,0,0,0, 
2025,21,PUNO,05,EL COLLAO,01,ILAVE,38067,04,04,1,2,210541003,262.5249,1,,1,1,3,1,QUINUA,2111,1,400,000,0,1,1,1,0,0,0, 
2025,21,PUNO,05,EL COLLAO,01,ILAVE,38067,04,04,1,2,210541003,262.5249,1,,1,1,4,1,QUINUA,2111,1,400,000,0,1,1,0,0,0,0, 
2025,21,PUNO,05,EL COLLAO,01,ILAVE,38067,04,04,1,2,210541003,262.5249,1,,1,1,9,1,AVENA FORRAJERA,2701,1,400,000,0,1,1,1,0,0,0, 
2025,21,PUNO,05,EL COLLAO,01,ILAVE,38067,04,04,1,2,210541003,262.5249,1,,1,1,6,1,QUINUA,2111,1,200,000,0,1,1,1,0,0,0, 
2025,21,PUNO,05,EL COLLAO,01,ILAVE,38067,04,04,1,2,210541003,262.5249,1,,1,1,10,1,AVENA FORRAJERA,2701,1,400,000,0,1,0,1,1,0,0, 
2025,21,PUNO,05,EL COLLAO,01,ILAVE,38067,05,05,1,2,210541003,12.45939,1,,1,1,27,1,ALFALFA,1401,3,200,000,0,1,0,1,0,0,0, 
2025,21,PUNO,05,EL COLLAO,01,ILAVE,38067,05,05,1,2,210541003,12.45939,1,,1,1,13,1,QUINUA,2111,1,500,000,0,1,0,1,1,0,0, 
2025,21,PUNO,05,EL COLLAO,01,ILAVE,38067,05,05,1,2,210541003,12.45939,1,,1,1,7,1,AVENA FORRAJERA,2701,1,200,000,0,1,0,1,1,0,0, 
2025,21,PUNO,05,EL COLLAO,01,ILAVE,38067,05,05,1,2,210541003,12.45939,1,,1,1,17,1,QUINUA,2111,1,300,000,0,1,0,1,1,0,0, 
2025,21,PUNO,05,EL COLLAO,01,ILAVE,38067,05,05,1,2,210541003,12.45939,1,,1,1,16,1,QUINUA,2111,1,200,000,0,1,0,1,1,0,0, 
2025,21,PUNO,05,EL COLLAO,01,ILAVE,38067,05,05,1,2,210541003,12.45939,1,,1,1,15,1,QUINUA,2111,1,300,000,0,1,0,1,1,0,0, 
2025,21,PUNO,05,EL COLLAO,01,ILAVE,38067,05,05,1,2,210541003,12.45939,1,,1,1,18,1,AVENA FORRAJERA,2701,1,300,000,0,1,0,1,1,0,0, 
2025,21,PUNO,05,EL COLLAO,01,ILAVE,38067,05,05,1,2,210541003,12.45939,1,,1,1,14,1,QUINUA,2111,1,400,000,0,1,0,1,1,0,0, 
2025,21,PUNO,05,EL COLLAO,01,ILAVE,38067,05,05,1,2,210541003,12.45939,1,,1,1,26,1,ALFALFA,1401,3,300,000,0,1,0,1,0,0,0, 
2025,21,PUNO,05,EL COLLAO,01,ILAVE,38067,05,05,1,2,210541003,12.45939,1,,1,1,6,1,AVENA FORRAJERA,2701,1,400,000,0,1,0,1,1,0,0, 
2025,21,PUNO,05,EL COLLAO,01,ILAVE,38067,05,05,1,2,210541003,12.45939,1,,1,1,8,1,PAPA NATIVA,2615,1,500,000,0,1,0,1,1,0,0, 
2025,21,PUNO,05,EL COLLAO,01,ILAVE,38067,06,06,1,2,210541003,25.47937,1,,1,1,10,1,CEBADA FORRAJERA,2703,1,400,000,0,1,1,0,1,0,0, 
2025,21,PUNO,05,EL COLLAO,01,ILAVE,38067,06,06,1,2,210541003,25.47937,1,,1,1,5,1,PAPA NATIVA,2615,1,200,000,0,1,0,1,1,0,0, 
2025,21,PUNO,05,EL COLLAO,01,ILAVE,38067,06,06,1,2,210541003,25.47937,1,,1,1,8,1,QUINUA,2111,1,500,000,0,1,0,1,1,0,0, 
2025,21,PUNO,05,EL COLLAO,01,ILAVE,38067,06,06,1,2,210541003,25.47937,1,,1,1,10,2,AVENA FORRAJERA,2701,1,400,000,0,1,0,1,0,0,0, 
2025,21,PUNO,05,EL COLLAO,01,ILAVE,38069,04,04,1,2,210543002,10.26115,1,,1,1,11,1,QUINUA,2111,1,0,100,0,0,1,0,0,1,0, 
2025,21,PUNO,05,EL COLLAO,01,ILAVE,38069,06,06,1,2,210543002,30.14402,1,,1,1,10,1,QUINUA,2111,1,0,200,0,0,1,0,0,1,0, 
2025,21,PUNO,05,EL COLLAO,01,ILAVE,38072,01,01,1,2,210541003,68.34785,1,,1,1,19,1,QUINUA,2111,1,0,150,0,1,1,1,0,0,0, 
2025,21,PUNO,05,EL COLLAO,01,ILAVE,38072,01,01,1,2,210541003,68.34785,1,,1,1,16,1,QUINUA,2111,1,0,100,0,1,1,1,0,0,0, 
2025,21,PUNO,05,EL COLLAO,01,ILAVE,38072,01,01,1,2,210541003,68.34785,1,,1,1,18,1,QUINUA,2111,1,0,250,0,1,1,1,0,0,0, 
2025,21,PUNO,05,EL COLLAO,01,ILAVE,38072,01,01,1,2,210541003,68.34785,1,,1,1,17,1,QUINUA,2111,1,0,250,0,1,1,1,0,0,0, 
2025,21,PUNO,05,EL COLLAO,01,ILAVE,38072,04,04,1,2,210541003,250.8032,1,,1,1,2,1,PAPA NATIVA,2615,1,0,200,0,1,1,1,1,0,0, 
2025,21,PUNO,05,EL COLLAO,01,ILAVE,38072,04,04,1,2,210541003,250.8032,1,,1,1,3,1,QUINUA,2111,1,0,200,0,1,1,1,0,0,0, 
2025,21,PUNO,05,EL COLLAO,01,ILAVE,38072,05,05,1,2,210541003,9.26589,1,,1,1,8,1,QUINUA,2111,1,0,500,0,1,1,1,1,0,0, 
2025,21,PUNO,05,EL COLLAO,01,ILAVE,38072,05,05,1,2,210541003,9.26589,1,,1,1,6,1,AVENA FORRAJERA,2701,1,0,050,0,1,0,1,1,0,0, 
2025,21,PUNO,05,EL COLLAO,01,ILAVE,38072,05,05,1,2,210541003,9.26589,1,,1,1,3,1,PAPA NATIVA,2615,1,0,500,0,1,1,1,1,0,0, 
2025,21,PUNO,05,EL COLLAO,01,ILAVE,38072,05,05,1,2,210541003,9.26589,1,,1,1,6,2,CEBADA FORRAJERA,2703,1,0,050,0,1,0,1,1,0,0, 
2025,21,PUNO,05,EL COLLAO,03,PILCUYO,38073,01,01,1,2,210541003,914.2122,1,,1,1,2,1,PAPA NATIVA,2615,1,0,100,0,1,1,1,1,0,0, 
2025,21,PUNO,05,EL COLLAO,03,PILCUYO,38073,02,02,1,2,210541003,235.3012,1,,1,1,5,1,QUINUA,2111,1,0,100,0,1,1,1,1,0,0, 
2025,21,PUNO,05,EL COLLAO,03,PILCUYO,38073,02,02,1,2,210541003,235.3012,1,,1,1,2,1,PAPA NATIVA,2615,1,0,100,0,1,1,1,1,0,0, 
2025,21,PUNO,05,EL COLLAO,03,PILCUYO,38073,02,02,1,2,210541003,235.3012,1,,1,1,3,1,AVENA GRANO,2102,1,0,500,0,1,1,1,1,0,0, 
2025,21,PUNO,05,EL COLLAO,03,PILCUYO,38073,03,03,1,2,210541003,117.8251,1,,1,1,8,1,QUINUA,2111,1,0,150,0,1,1,1,1,0,0, 
2025,21,PUNO,05,EL COLLAO,03,PILCUYO,38073,03,03,1,2,210541003,117.8251,1,,1,1,7,1,QUINUA,2111,1,0,150,0,1,1,1,1,0,0, 
2025,21,PUNO,05,EL COLLAO,03,PILCUYO,38073,04,04,1,2,210541003,33.18862,1,,1,1,8,1,PAPA NATIVA,2615,1,0,100,0,1,1,1,1,0,0, 
2025,21,PUNO,05,EL COLLAO,03,PILCUYO,38073,04,04,1,2,210541003,33.18862,1,,1,1,4,1,QUINUA,2111,1,0,200,0,1,1,1,1,0,0, 
2025,21,PUNO,05,EL COLLAO,03,PILCUYO,38073,04,04,1,2,210541003,33.18862,1,,1,1,5,1,PAPA NATIVA,2615,1,0,060,0,1,1,1,1,0,0, 
2025,21,PUNO,05,EL COLLAO,03,PILCUYO,38073,04,04,1,2,210541003,33.18862,1,,1,1,3,1,QUINUA,2111,1,0,060,0,1,1,1,1,0,0, 
2025,21,PUNO,05,EL COLLAO,03,PILCUYO,38073,05,05,1,2,210541003,159.5613,1,,1,1,4,1,QUINUA,2111,1,0,050,0,1,1,1,1,0,0, 
2025,21,PUNO,05,EL COLLAO,03,PILCUYO,38073,06,06,1,2,210541003,1918.529,1,,1,1,2,1,QUINUA,2111,1,0,050,0,1,1,1,0,0,0, 
2025,21,PUNO,05,EL COLLAO,03,PILCUYO,38075,01,01,1,2,210541002,6.8007,1,,1,1,23,1,QUINUA,2111,1,500,000,0,1,1,0,0,0,0, 
2025,21,PUNO,05,EL COLLAO,03,PILCUYO,38075,01,01,1,2,210541002,6.8007,1,,1,1,10,1,AVENA FORRAJERA,2701,1,1750,000,0,1,0,0,0,0,0, 
2025,21,PUNO,05,EL COLLAO,03,PILCUYO,38075,01,01,1,2,210541002,6.8007,1,,1,1,31,1,AVENA FORRAJERA,2701,1,200,000,0,1,0,0,0,0,0, 
2025,21,PUNO,05,EL COLLAO,03,PILCUYO,38075,01,01,1,2,210541002,6.8007,1,,1,1,5,1,AVENA FORRAJERA,2701,1,1000,000,0,1,0,0,0,0,0, 
2025,21,PUNO,05,EL COLLAO,03,PILCUYO,38075,01,01,1,2,210541002,6.8007,1,,1,1,11,1,CEBADA FORRAJERA,2703,1,280,000,0,1,0,0,0,0,0, 
2025,21,PUNO,05,EL COLLAO,03,PILCUYO,38075,01,01,1,2,210541002,6.8007,1,,1,1,38,1,QUINUA,2111,1,150,000,0,1,0,1,0,0,0, 
2025,21,PUNO,05,EL COLLAO,03,PILCUYO,38075,03,03,1,2,210541002,130.829,1,,1,1,20,1,QUINUA,2111,1,100,000,0,0,1,1,1,0,0, 
2025,21,PUNO,05,EL COLLAO,03,PILCUYO,38075,03,03,1,2,210541002,130.829,1,,1,1,24,1,QUINUA,2111,1,200,000,0,1,1,1,0,0,0, 
2025,21,PUNO,05,EL COLLAO,03,PILCUYO,38075,03,03,1,2,210541002,130.829,1,,1,1,8,1,PAPA NATIVA,2615,1,120,000,0,1,0,1,1,0,0, 
2025,21,PUNO,05,EL COLLAO,03,PILCUYO,38075,03,03,1,2,210541002,130.829,1,,1,1,12,1,QUINUA,2111,1,200,000,0,1,0,1,1,0,0, 
2025,21,PUNO,05,EL COLLAO,03,PILCUYO,38075,04,04,1,2,210541002,228.494,1,,1,1,18,1,AVENA FORRAJERA,2701,1,300,000,0,1,0,0,0,0,0, 
2025,21,PUNO,05,EL COLLAO,03,PILCUYO,38075,04,04,1,2,210541002,228.494,1,,1,1,17,1,AVENA FORRAJERA,2701,1,720,000,0,1,0,0,0,0,0, 
2025,21,PUNO,05,EL COLLAO,03,PILCUYO,38075,04,04,1,2,210541002,228.494,1,,1,1,8,1,QUINUA,2111,1,300,000,0,1,0,1,1,0,0, 
2025,21,PUNO,05,EL COLLAO,03,PILCUYO,38075,05,05,1,2,210541002,442.4333,1,,1,1,31,1,AVENA FORRAJERA,2701,1,135,000,0,1,0,0,0,0,0, 
2025,21,PUNO,05,EL COLLAO,03,PILCUYO,38075,05,05,1,2,210541002,442.4333,1,,1,1,13,1,AVENA FORRAJERA,2701,1,910,000,0,1,0,1,0,0,0, 
2025,21,PUNO,05,EL COLLAO,03,PILCUYO,38075,05,05,1,2,210541002,442.4333,1,,1,1,22,1,QUINUA,2111,1,360,000,0,1,1,1,0,0,0, 
2025,21,PUNO,05,EL COLLAO,03,PILCUYO,38075,05,05,1,2,210541002,442.4333,1,,1,1,46,1,QUINUA,2111,1,1000,000,0,1,0,0,0,0,0, 
2025,21,PUNO,05,EL COLLAO,03,PILCUYO,38075,05,05,1,2,210541002,442.4333,1,,1,1,19,1,PAPA NATIVA,2615,1,150,000,0,1,0,0,0,0,0, 
2025,21,PUNO,05,EL COLLAO,03,PILCUYO,38075,05,05,1,2,210541002,442.4333,1,,1,1,49,1,PAPA NATIVA,2615,1,200,000,0,1,0,0,0,0,0, 
2025,21,PUNO,05,EL COLLAO,03,PILCUYO,38075,06,06,1,2,210541002,462.007,1,,1,1,4,1,PAPA NATIVA,2615,1,400,000,0,1,0,0,0,0,0, 
2025,21,PUNO,05,EL COLLAO,03,PILCUYO,38076,01,01,1,2,210541003,55.79312,1,,1,1,6,1,AVENA FORRAJERA,2701,1,1200,000,0,1,0,0,0,0,0, 
2025,21,PUNO,05,EL COLLAO,03,PILCUYO,38076,01,01,1,2,210541003,55.79312,1,,1,1,4,1,AVENA FORRAJERA,2701,1,600,000,0,1,0,0,0,0,0, 
2025,21,PUNO,05,EL COLLAO,03,PILCUYO,38076,01,01,1,2,210541003,55.79312,1,,1,1,5,1,QUINUA,2111,1,500,000,0,1,0,1,0,0,0, 
2025,21,PUNO,05,EL COLLAO,03,PILCUYO,38076,02,02,1,2,210541003,249.6934,1,,1,0,2,1,AVENA FORRAJERA,2701,1,370,000,0,1,0,0,0,0,0, 
2025,21,PUNO,05,EL COLLAO,03,PILCUYO,38076,02,02,1,2,210541003,249.6934,1,,1,0,3,1,HABA,2942,1,200,000,0,0,0,1,1,0,0, 
2025,21,PUNO,05,EL COLLAO,03,PILCUYO,38076,02,02,1,2,210541003,249.6934,1,,1,0,5,1,PAPA NATIVA,2615,1,100,000,0,0,0,1,1,0,0, 
2025,21,PUNO,05,EL COLLAO,03,PILCUYO,38076,03,03,1,2,210541003,182.7368,1,,1,1,7,1,AVENA FORRAJERA,2701,1,1500,000,0,1,0,0,0,0,0, 
2025,21,PUNO,05,EL COLLAO,03,PILCUYO,38076,03,03,1,2,210541003,182.7368,1,,1,1,10,1,AVENA FORRAJERA,2701,1,1000,000,0,1,0,1,1,0,0, 
2025,21,PUNO,05,EL COLLAO,03,PILCUYO,38076,04,04,1,2,210541003,1643.767,1,,1,1,1,1,HABA,2942,1,100,000,0,0,0,1,1,0,0, 
2025,21,PUNO,05,EL COLLAO,03,PILCUYO,38076,06,06,1,2,210541003,647.8368,1,,1,1,2,1,AVENA FORRAJERA,2701,1,300,000,0,1,0,0,0,0,0, 
2025,21,PUNO,05,EL COLLAO,03,PILCUYO,38076,06,06,1,2,210541003,647.8368,1,,1,1,11,1,AVENA FORRAJERA,2701,1,270,000,0,1,0,1,1,0,0, 
2025,21,PUNO,05,EL COLLAO,05,CONDURIRI,38078,01,01,1,2,210543004,2.564618,1,,1,1,1,1,CAÑIHUA,2103,1,0,050,0,1,0,0,1,0,0, 
2025,21,PUNO,05,EL COLLAO,05,CONDURIRI,38078,02,02,1,2,210543004,2.20873,1,,1,1,1,1,PAPA AMARGA,2610,1,0,080,0,1,0,1,1,0,0, 
2025,21,PUNO,05,EL COLLAO,05,CONDURIRI,38079,01,01,1,2,210553004,2.497419,1,,1,1,1,1,AVENA FORRAJERA,2701,1,0,040,0,1,0,1,1,0,0, 
2025,21,PUNO,05,EL COLLAO,05,CONDURIRI,38079,02,02,1,2,210553004,.8066571,1,,1,1,2,1,CAÑIHUA,2103,1,0,090,0,0,0,1,1,0,0, 
2025,21,PUNO,06,HUANCANE,01,HUANCANE,38080,03,03,1,2,210641002,341.8654,1,,1,0,1,1,HABA,2942,1,0,180,0,0,1,1,1,1,0, 
2025,21,PUNO,06,HUANCANE,01,HUANCANE,38080,03,03,1,2,210641002,341.8654,1,,1,0,1,2,PAPA NATIVA,2615,1,0,010,0,0,1,1,1,1,0, 
2025,21,PUNO,06,HUANCANE,01,HUANCANE,38080,04,04,1,2,210641002,453.7859,1,,1,1,5,1,PAPA NATIVA,2615,1,0,030,0,0,0,0,1,1,0, 
2025,21,PUNO,06,HUANCANE,01,HUANCANE,38080,05,05,1,2,210641002,1107.483,1,,1,1,4,1,PAPA NATIVA,2615,1,0,020,0,0,0,0,1,0,0, 
2025,21,PUNO,06,HUANCANE,01,HUANCANE,38080,05,05,1,2,210641002,1107.483,1,,1,1,2,1,PAPA NATIVA,2615,1,0,040,0,1,0,0,1,0,0, 
2025,21,PUNO,06,HUANCANE,01,HUANCANE,38080,05,05,1,2,210641002,1107.483,1,,1,1,2,2,HABA,2942,1,0,030,0,1,0,0,1,0,0, 
2025,21,PUNO,06,HUANCANE,01,HUANCANE,38080,05,05,1,2,210641002,1107.483,1,,1,1,2,3,QUINUA,2111,1,0,020,0,1,0,0,1,0,0, 
2025,21,PUNO,06,HUANCANE,01,HUANCANE,38080,06,06,1,2,210641002,179.1819,1,,1,1,3,1,PAPA NATIVA,2615,1,0,030,0,1,0,0,0,0,0, 
2025,21,PUNO,06,HUANCANE,01,HUANCANE,38081,02,02,1,2,210651002,31.10594,1,,1,0,3,1,PAPA NATIVA,2615,1,0,030,0,1,0,1,0,1,0, 
2025,21,PUNO,06,HUANCANE,01,HUANCANE,38083,01,01,1,2,210641003,1360.797,1,,1,1,11,1,QUINUA,2111,1,0,350,0,1,1,0,0,0,0, 
2025,21,PUNO,06,HUANCANE,01,HUANCANE,38083,03,03,1,2,210641003,509.8093,1,,1,1,9,1,PAPA NATIVA,2615,1,0,150,0,1,0,0,0,0,0, 
2025,21,PUNO,06,HUANCANE,01,HUANCANE,38083,03,03,1,2,210641003,509.8093,1,,1,1,8,1,AVENA FORRAJERA,2701,1,0,500,0,1,0,0,0,0,0, 
2025,21,PUNO,06,HUANCANE,01,HUANCANE,38083,03,03,1,2,210641003,509.8093,1,,1,1,3,1,OCA,2608,1,0,300,0,1,0,0,0,0,0, 
2025,21,PUNO,06,HUANCANE,01,HUANCANE,38084,01,01,1,2,210643001,29.43298,1,,1,1,9,1,ARVEJA,2901,1,0,050,0,0,0,1,0,1,0, 
2025,21,PUNO,06,HUANCANE,01,HUANCANE,38084,01,01,1,2,210643001,29.43298,1,,1,1,5,1,QUINUA,2111,1,0,150,0,0,1,1,0,0,0, 
2025,21,PUNO,06,HUANCANE,01,HUANCANE,38084,01,01,1,2,210643001,29.43298,1,,1,1,6,1,AVENA GRANO,2102,1,0,140,0,0,1,1,1,0,0, 
2025,21,PUNO,06,HUANCANE,01,HUANCANE,38084,02,02,1,2,210643001,8.728798,1,,1,1,7,1,ARVEJA,2901,1,0,050,0,1,0,0,0,0,0, 
2025,21,PUNO,06,HUANCANE,01,HUANCANE,38085,06,06,1,2,210641002,746.7031,1,,1,0,1,1,QUINUA,2111,1,0,124,0,1,0,1,0,1,0, 
2025,21,PUNO,06,HUANCANE,01,HUANCANE,38085,07,07,1,2,210641002,786.4832,1,,1,1,1,1,HABA,2942,1,0,070,0,1,0,1,0,1,1, 
2025,21,PUNO,06,HUANCANE,01,HUANCANE,38086,03,03,1,2,210641003,48.48561,1,,1,1,2,1,HABA,2942,1,0,100,0,1,0,0,0,0,0, 
2025,21,PUNO,06,HUANCANE,01,HUANCANE,38086,03,03,1,2,210641003,48.48561,1,,1,1,2,2,OCA,2608,1,0,005,0,1,0,0,0,0,0, 
2025,21,PUNO,06,HUANCANE,01,HUANCANE,38086,03,03,1,2,210641003,48.48561,1,,1,1,2,3,MASHUA,2606,1,0,005,0,1,0,0,0,0,0, 
2025,21,PUNO,06,HUANCANE,01,HUANCANE,38086,03,03,1,2,210641003,48.48561,1,,1,1,2,4,OLLUCO,2609,1,0,005,0,1,0,0,0,0,0, 
2025,21,PUNO,06,HUANCANE,01,HUANCANE,38086,04,04,1,2,210641003,41.0349,1,,1,1,3,1,HABA,2942,1,0,005,0,1,0,0,0,0,0, 
2025,21,PUNO,06,HUANCANE,01,HUANCANE,38086,04,04,1,2,210641003,41.0349,1,,1,1,3,2,OCA,2608,1,0,010,0,1,0,0,0,0,0, 
2025,21,PUNO,06,HUANCANE,01,HUANCANE,38086,04,04,1,2,210641003,41.0349,1,,1,1,3,3,OLLUCO,2609,1,0,005,0,1,0,0,0,0,0, 
2025,21,PUNO,06,HUANCANE,03,HUATASANI,38087,02,02,1,2,210642003,12.74991,1,,1,1,1,1,QUINUA,2111,1,0,090,0,0,0,1,0,1,1, 
2025,21,PUNO,06,HUANCANE,03,HUATASANI,38088,02,02,1,2,210642003,56.75482,1,,1,1,1,1,QUINUA,2111,1,0,151,0,1,1,1,0,0,0, 
2025,21,PUNO,06,HUANCANE,03,HUATASANI,38088,03,03,1,2,210642003,35.11742,1,,1,1,1,1,MASHUA,2606,1,0,005,0,1,1,0,0,0,0, 
2025,21,PUNO,06,HUANCANE,03,HUATASANI,38088,03,03,1,2,210642003,35.11742,1,,1,1,3,1,CAÑIHUA,2103,1,0,100,0,1,1,0,0,0,0, 
2025,21,PUNO,06,HUANCANE,03,HUATASANI,38088,04,04,1,2,210642003,62.33249,1,,1,1,6,1,QUINUA,2111,1,0,120,0,1,0,0,0,0,0, 
2025,21,PUNO,06,HUANCANE,03,HUATASANI,38088,04,04,1,2,210642003,62.33249,1,,1,1,4,1,PAPA NATIVA,2615,1,0,200,0,1,0,0,0,0,0, 
2025,21,PUNO,06,HUANCANE,04,INCHUPALLA,38089,02,02,1,2,210643003,125.3258,1,,1,1,5,1,QUINUA,2111,1,0,150,0,1,0,1,1,1,1, 
2025,21,PUNO,06,HUANCANE,04,INCHUPALLA,38089,02,02,1,2,210643003,125.3258,1,,1,1,4,1,QUINUA,2111,1,0,030,0,1,0,1,1,1,0, 
2025,21,PUNO,06,HUANCANE,04,INCHUPALLA,38089,04,04,1,2,210643003,186.7241,1,,1,1,2,1,QUINUA,2111,1,0,030,0,1,0,1,1,1,1, 
2025,21,PUNO,06,HUANCANE,04,INCHUPALLA,38090,01,01,1,2,210653003,115.372,1,,1,1,3,1,QUINUA,2111,1,0,030,0,0,0,1,1,0,1, 
2025,21,PUNO,06,HUANCANE,04,INCHUPALLA,38090,04,04,1,2,210653003,30.84271,1,,1,1,2,1,QUINUA,2111,1,0,030,0,1,0,1,1,1,0, 
2025,21,PUNO,06,HUANCANE,04,INCHUPALLA,38091,02,02,1,2,210643003,7.659337,1,,1,1,3,1,QUINUA,2111,1,0,300,0,0,0,1,0,0,0, 
2025,21,PUNO,06,HUANCANE,04,INCHUPALLA,38092,02,02,1,2,210643002,279.5777,1,,1,1,3,1,QUINUA,2111,1,0,045,0,0,0,1,0,1,1, 
2025,21,PUNO,06,HUANCANE,04,INCHUPALLA,38092,03,03,1,2,210643002,1.616683,1,,1,1,5,1,QUINUA,2111,1,0,065,0,1,0,1,0,1,0, 
2025,21,PUNO,06,HUANCANE,04,INCHUPALLA,38092,04,04,1,2,210643002,239.3924,1,,1,1,2,1,PAPA NATIVA,2615,1,0,030,0,1,0,1,0,1,0, 
2025,21,PUNO,06,HUANCANE,05,PUSI,38096,01,01,1,2,210643003,71.73985,1,,1,1,5,1,HABA,2942,1,0,010,0,1,0,0,1,0,0, 
2025,21,PUNO,06,HUANCANE,05,PUSI,38096,01,01,1,2,210643003,71.73985,1,,1,1,6,1,PAPA NATIVA,2615,1,0,020,0,1,1,1,0,0,0, 
2025,21,PUNO,06,HUANCANE,05,PUSI,38096,03,03,1,2,210643003,111.0151,1,,1,1,1,1,TRIGO,2113,1,0,016,0,0,1,0,1,0,0, 
2025,21,PUNO,06,HUANCANE,06,ROSASPATA,38098,01,01,1,2,210642004,6.022653,1,,1,1,1,1,AVENA FORRAJERA,2701,1,0,500,0,1,0,0,0,0,0, 
2025,21,PUNO,06,HUANCANE,06,ROSASPATA,38099,01,01,1,2,210652001,5.15424,1,,1,1,13,1,AVENA FORRAJERA,2701,1,0,050,0,1,0,0,0,0,0, 
2025,21,PUNO,06,HUANCANE,06,ROSASPATA,38099,01,01,1,2,210652001,5.15424,1,,1,1,8,1,HABA,2942,1,0,010,0,0,1,1,0,0,0, 
2025,21,PUNO,06,HUANCANE,06,ROSASPATA,38099,01,01,1,2,210652001,5.15424,1,,1,1,17,1,CEBADA GRANO,2104,1,0,012,0,0,1,1,0,0,1, 
2025,21,PUNO,06,HUANCANE,06,ROSASPATA,38099,02,02,1,2,210652001,.7449311,1,,1,1,2,1,HABA,2942,1,0,150,0,0,0,1,0,0,0, 
2025,21,PUNO,06,HUANCANE,06,ROSASPATA,38099,06,06,1,2,210652001,2.078367,1,,1,1,10,1,HABA,2942,1,0,010,0,1,1,1,0,0,0, 
2025,21,PUNO,06,HUANCANE,06,ROSASPATA,38101,01,01,1,2,210652003,109.0383,1,,1,1,8,1,QUINUA,2111,1,0,050,0,1,1,0,0,0,0, 
2025,21,PUNO,06,HUANCANE,06,ROSASPATA,38101,01,01,1,2,210652003,109.0383,1,,1,1,1,1,CEBADA FORRAJERA,2703,1,0,100,0,1,0,1,1,0,0, 
2025,21,PUNO,06,HUANCANE,06,ROSASPATA,38101,01,01,1,2,210652003,109.0383,1,,1,1,8,2,CAÑIHUA,2103,1,0,050,0,1,1,0,0,0,0, 
2025,21,PUNO,06,HUANCANE,06,ROSASPATA,38101,02,02,1,2,210652003,86.30132,1,,1,1,2,1,CEBADA GRANO,2104,1,0,020,0,0,1,1,1,0,0, 
2025,21,PUNO,06,HUANCANE,06,ROSASPATA,38101,02,02,1,2,210652003,86.30132,1,,1,1,4,1,QUINUA,2111,1,0,020,0,1,1,0,1,0,0, 
2025,21,PUNO,06,HUANCANE,06,ROSASPATA,38101,02,02,1,2,210652003,86.30132,1,,1,1,4,2,HABA,2942,1,0,030,0,0,1,0,1,0,0, 
2025,21,PUNO,06,HUANCANE,06,ROSASPATA,38101,04,04,1,2,210652003,192.3111,1,,1,1,8,1,CEBADA FORRAJERA,2703,1,0,150,0,1,0,0,1,0,0, 
2025,21,PUNO,06,HUANCANE,06,ROSASPATA,38101,05,05,1,2,210652003,99.95975,1,,1,1,5,1,QUINUA,2111,1,0,020,0,1,1,1,1,0,0, 
2025,21,PUNO,06,HUANCANE,06,ROSASPATA,38101,06,06,1,2,210652003,3.563132,1,,1,1,5,1,QUINUA,2111,1,0,100,0,1,1,1,1,0,0, 
2025,21,PUNO,06,HUANCANE,06,ROSASPATA,38102,02,02,1,2,210642002,10.25344,1,,1,1,6,1,ALFALFA,1401,3,500,000,0,1,0,0,0,0,0, 
2025,21,PUNO,06,HUANCANE,06,ROSASPATA,38102,02,02,1,2,210642002,10.25344,1,,1,1,7,1,ALFALFA,1401,3,500,000,0,1,0,0,0,0,0, 
2025,21,PUNO,06,HUANCANE,06,ROSASPATA,38102,03,03,1,2,210642002,75.50375,1,,1,1,7,1,AVENA FORRAJERA,2701,1,4000,000,0,1,0,0,0,0,0, 
2025,21,PUNO,06,HUANCANE,06,ROSASPATA,38102,04,04,1,2,210642002,2.902722,1,,1,1,6,1,ALFALFA,1401,3,1350,000,0,1,0,0,0,0,0, 
2025,21,PUNO,06,HUANCANE,06,ROSASPATA,38102,04,04,1,2,210642002,2.902722,1,,1,1,5,1,ALFALFA,1401,3,1200,000,0,1,0,0,0,0,0, 
2025,21,PUNO,06,HUANCANE,06,ROSASPATA,38102,04,04,1,2,210642002,2.902722,1,,1,1,4,1,ALFALFA,1401,3,1600,000,0,1,0,0,0,0,0, 
2025,21,PUNO,06,HUANCANE,06,ROSASPATA,38102,04,04,1,2,210642002,2.902722,1,,1,1,11,1,QUINUA,2111,1,800,000,0,1,0,1,0,0,0, 
2025,21,PUNO,06,HUANCANE,06,ROSASPATA,38102,04,04,1,2,210642002,2.902722,1,,1,1,11,2,HABA,2942,1,150,000,0,1,0,1,0,0,0, 
2025,21,PUNO,06,HUANCANE,06,ROSASPATA,38102,05,05,1,2,210642002,3.203456,1,,1,1,6,1,CEBADA GRANO,2104,1,300,000,0,0,0,1,1,0,0, 
2025,21,PUNO,06,HUANCANE,06,ROSASPATA,38102,05,05,1,2,210642002,3.203456,1,,1,1,2,1,HABA,2942,1,300,000,0,0,0,1,0,0,0, 
2025,21,PUNO,06,HUANCANE,06,ROSASPATA,38103,01,01,1,2,210653001,.2709678,1,,1,1,3,1,HABA,2942,1,0,030,0,0,0,0,1,0,0, 
2025,21,PUNO,06,HUANCANE,06,ROSASPATA,38103,01,01,1,2,210653001,.2709678,1,,1,1,13,1,CEBADA GRANO,2104,1,0,005,0,0,0,0,1,0,0, 
2025,21,PUNO,06,HUANCANE,06,ROSASPATA,38103,02,02,1,2,210653001,.8966644,1,,1,1,2,1,HABA,2942,1,0,005,0,0,0,0,1,0,0, 
2025,21,PUNO,06,HUANCANE,06,ROSASPATA,38103,02,02,1,2,210653001,.8966644,1,,1,1,4,1,OCA,2608,1,0,010,0,1,0,0,0,0,0, 
2025,21,PUNO,06,HUANCANE,06,ROSASPATA,38103,06,06,1,2,210653001,.0458056,1,,1,1,5,1,PAPA NATIVA,2615,1,0,250,0,0,1,1,0,0,0, 
2025,21,PUNO,06,HUANCANE,06,ROSASPATA,38103,06,06,1,2,210653001,.0458056,1,,1,1,2,1,CEBADA GRANO,2104,1,0,050,0,0,0,1,1,0,0, 
2025,21,PUNO,06,HUANCANE,06,ROSASPATA,38103,06,06,1,2,210653001,.0458056,1,,1,1,2,2,HABA,2942,1,0,050,0,1,0,1,0,0,0, 
2025,21,PUNO,06,HUANCANE,06,ROSASPATA,38103,07,07,1,2,210653001,.573783,1,,1,1,5,1,HABA,2942,1,0,005,0,0,1,1,0,0,0, 
2025,21,PUNO,06,HUANCANE,06,ROSASPATA,38103,11,11,1,2,210653001,.6661689,1,,1,1,12,1,HABA,2942,1,0,005,0,0,0,1,0,0,0, 
2025,21,PUNO,06,HUANCANE,06,ROSASPATA,38104,03,03,1,2,210642002,175.0717,1,,1,1,9,1,AVENA FORRAJERA,2701,1,0,250,0,1,0,0,0,0,0, 
2025,21,PUNO,06,HUANCANE,06,ROSASPATA,38104,03,03,1,2,210642002,175.0717,1,,1,1,8,1,QUINUA,2111,1,0,125,0,1,1,0,0,0,0, 
2025,21,PUNO,06,HUANCANE,06,ROSASPATA,38104,04,04,1,2,210642002,10.86847,1,,1,1,2,1,HABA,2942,1,0,010,0,0,0,1,0,0,0, 
2025,21,PUNO,06,HUANCANE,06,ROSASPATA,38104,05,05,1,2,210642002,6.602094,1,,1,1,7,1,AVENA FORRAJERA,2701,1,0,300,0,1,0,0,0,0,0, 
2025,21,PUNO,06,HUANCANE,06,ROSASPATA,38104,05,05,1,2,210642002,6.602094,1,,1,1,8,1,AVENA FORRAJERA,2701,1,0,150,0,1,0,0,0,0,0, 
2025,21,PUNO,06,HUANCANE,06,ROSASPATA,38105,01,01,1,2,210642003,5.639136,1,,1,1,2,1,AVENA FORRAJERA,2701,1,0,500,0,1,0,0,0,0,0, 
2025,21,PUNO,06,HUANCANE,06,ROSASPATA,38105,01,01,1,2,210642003,5.639136,1,,1,1,2,2,ALFALFA,1401,3,0,500,0,1,0,0,0,0,0, 
2025,21,PUNO,06,HUANCANE,06,ROSASPATA,38105,02,02,1,2,210642003,33.97595,1,,1,1,2,1,QUINUA,2111,1,0,210,0,1,0,1,1,0,0, 
2025,21,PUNO,06,HUANCANE,06,ROSASPATA,38105,03,03,1,2,210642003,.4147704,1,,1,1,2,1,AVENA FORRAJERA,2701,1,4,000,0,1,0,1,1,0,0, 
2025,21,PUNO,06,HUANCANE,06,ROSASPATA,38105,03,03,1,2,210642003,.4147704,1,,1,1,8,1,QUINUA,2111,1,0,050,0,0,1,1,1,0,0, 
2025,21,PUNO,06,HUANCANE,06,ROSASPATA,38105,03,03,1,2,210642003,.4147704,1,,1,1,2,2,HABA,2942,1,0,250,0,1,0,1,1,0,0, 
2025,21,PUNO,06,HUANCANE,06,ROSASPATA,38105,04,04,1,2,210642003,2.805313,1,,1,1,2,1,AVENA FORRAJERA,2701,1,1,000,0,1,0,1,1,0,0, 
2025,21,PUNO,06,HUANCANE,06,ROSASPATA,38105,04,04,1,2,210642003,2.805313,1,,1,1,2,2,PAPA NATIVA,2615,1,0,100,0,1,0,1,0,0,0, 
2025,21,PUNO,06,HUANCANE,06,ROSASPATA,38105,04,04,1,2,210642003,2.805313,1,,1,1,2,3,QUINUA,2111,1,0,610,0,1,0,1,1,0,0, 
2025,21,PUNO,06,HUANCANE,06,ROSASPATA,38105,05,05,1,2,210642003,86.68491,1,,1,1,2,1,AVENA FORRAJERA,2701,1,3,040,0,1,0,0,0,0,0, 
2025,21,PUNO,06,HUANCANE,06,ROSASPATA,38105,06,06,1,2,210642003,22.05252,1,,1,1,2,1,AVENA FORRAJERA,2701,1,0,500,0,1,0,1,0,0,0, 
2025,21,PUNO,06,HUANCANE,06,ROSASPATA,38105,07,07,1,2,210642003,15.3013,1,,1,1,4,1,CEBADA FORRAJERA,2703,1,0,020,0,1,0,1,1,0,0, 
2025,21,PUNO,06,HUANCANE,06,ROSASPATA,38105,07,07,1,2,210642003,15.3013,1,,1,1,2,1,ALFALFA,1401,3,0,500,0,1,0,0,0,0,0, 
2025,21,PUNO,06,HUANCANE,06,ROSASPATA,38105,07,07,1,2,210642003,15.3013,1,,1,1,4,2,QUINUA,2111,1,0,020,0,1,0,1,1,0,0, 
2025,21,PUNO,06,HUANCANE,06,ROSASPATA,38105,07,07,1,2,210642003,15.3013,1,,1,1,2,2,RYE GRASS,1476,3,0,500,0,1,0,0,0,0,0, 
2025,21,PUNO,06,HUANCANE,06,ROSASPATA,38105,07,07,1,2,210642003,15.3013,1,,1,1,2,3,AVENA FORRAJERA,2701,1,1,500,0,1,0,0,0,0,0, 
2025,21,PUNO,06,HUANCANE,06,ROSASPATA,38105,07,07,1,2,210642003,15.3013,1,,1,1,2,4,PAPA NATIVA,2615,1,0,420,0,1,0,0,0,0,0, 
2025,21,PUNO,06,HUANCANE,06,ROSASPATA,38105,07,07,1,2,210642003,15.3013,1,,1,1,2,5,QUINUA,2111,1,0,050,0,1,0,0,0,0,0, 
2025,21,PUNO,06,HUANCANE,06,ROSASPATA,38105,08,08,1,2,210642003,14.76143,1,,1,1,2,1,ALFALFA,1401,3,1,500,0,1,0,0,0,0,0, 
2025,21,PUNO,06,HUANCANE,06,ROSASPATA,38105,08,08,1,2,210642003,14.76143,1,,1,1,2,2,AVENA FORRAJERA,2701,1,1,500,0,1,0,1,0,0,0, 
2025,21,PUNO,06,HUANCANE,06,ROSASPATA,38105,09,09,1,2,210642003,94.26365,1,,1,1,4,1,QUINUA,2111,1,0,020,0,0,1,1,1,0,0, 
2025,21,PUNO,06,HUANCANE,06,ROSASPATA,38105,09,09,1,2,210642003,94.26365,1,,1,1,2,1,AVENA FORRAJERA,2701,1,0,500,0,1,0,1,0,0,0, 
2025,21,PUNO,06,HUANCANE,06,ROSASPATA,38105,09,09,1,2,210642003,94.26365,1,,1,1,2,2,HABA,2942,1,0,060,0,1,1,1,0,0,0, 
2025,21,PUNO,06,HUANCANE,06,ROSASPATA,38105,10,10,1,2,210642003,8.384087,1,,1,1,3,1,QUINUA,2111,1,0,030,0,0,1,1,1,0,0, 
2025,21,PUNO,06,HUANCANE,06,ROSASPATA,38105,10,10,1,2,210642003,8.384087,1,,1,1,2,1,AVENA FORRAJERA,2701,1,0,500,0,1,0,1,1,0,0, 
2025,21,PUNO,06,HUANCANE,06,ROSASPATA,38105,10,10,1,2,210642003,8.384087,1,,1,1,2,2,PAPA NATIVA,2615,1,0,250,0,1,0,1,1,0,0, 
2025,21,PUNO,06,HUANCANE,06,ROSASPATA,38105,11,11,1,2,210642003,20.05662,1,,1,1,2,1,QUINUA,2111,1,0,200,0,1,0,0,0,0,0, 
2025,21,PUNO,06,HUANCANE,06,ROSASPATA,38105,12,12,1,2,210642003,17.47397,1,,1,1,3,1,QUINUA,2111,1,0,020,0,0,1,1,1,0,0, 
2025,21,PUNO,06,HUANCANE,06,ROSASPATA,38105,12,12,1,2,210642003,17.47397,1,,1,1,8,1,HABA,2942,1,0,010,0,0,1,1,1,0,0, 
2025,21,PUNO,06,HUANCANE,06,ROSASPATA,38105,12,12,1,2,210642003,17.47397,1,,1,1,3,2,CEBADA GRANO,2104,1,0,020,0,0,1,1,1,0,0, 
2025,21,PUNO,06,HUANCANE,06,ROSASPATA,38105,13,13,1,2,210642003,1.652813,1,,1,1,2,1,ALFALFA,1401,3,0,500,0,1,0,1,1,0,0, 
2025,21,PUNO,06,HUANCANE,06,ROSASPATA,38106,01,01,1,2,210642003,90.80276,1,,1,1,2,1,CAÑIHUA,2103,1,0,050,0,1,0,0,0,0,0, 
2025,21,PUNO,06,HUANCANE,06,ROSASPATA,38106,01,01,1,2,210642003,90.80276,1,,1,1,1,1,RYE GRASS,1476,3,0,030,0,1,0,1,0,0,0, 
2025,21,PUNO,06,HUANCANE,06,ROSASPATA,38106,01,01,1,2,210642003,90.80276,1,,1,1,1,2,PASTO DACTYLIS,1422,3,0,030,0,1,0,1,0,0,0, 
2025,21,PUNO,06,HUANCANE,06,ROSASPATA,38106,01,01,1,2,210642003,90.80276,1,,1,1,1,3,TREBOL,1477,3,0,040,0,1,0,1,0,0,0, 
2025,21,PUNO,06,HUANCANE,06,ROSASPATA,38106,01,01,1,2,210642003,90.80276,1,,1,1,1,4,AVENA FORRAJERA,2701,1,0,700,0,1,0,1,0,0,0, 
2025,21,PUNO,06,HUANCANE,06,ROSASPATA,38106,01,01,1,2,210642003,90.80276,1,,1,1,1,5,CAÑIHUA,2103,1,0,040,0,1,0,1,0,0,0, 
2025,21,PUNO,06,HUANCANE,06,ROSASPATA,38107,05,05,1,2,210653004,20.75014,1,,1,1,8,1,QUINUA,2111,1,0,020,0,0,1,1,1,0,0, 
2025,21,PUNO,06,HUANCANE,06,ROSASPATA,38107,05,05,1,2,210653004,20.75014,1,,1,1,6,1,CAÑIHUA,2103,1,0,020,0,0,1,1,1,0,0, 
2025,21,PUNO,06,HUANCANE,06,ROSASPATA,38108,01,01,1,2,210643003,13.11162,1,,1,1,5,1,PAPA NATIVA,2615,1,0,025,0,1,0,0,0,0,0, 
2025,21,PUNO,06,HUANCANE,06,ROSASPATA,38108,02,02,1,2,210643003,1.348229,1,,1,1,10,1,CEBADA GRANO,2104,1,0,100,0,0,1,1,1,0,0, 
2025,21,PUNO,06,HUANCANE,06,ROSASPATA,38108,03,03,1,2,210643003,27.69617,1,,1,1,6,1,QUINUA,2111,1,0,020,0,1,0,0,0,0,0, 
2025,21,PUNO,06,HUANCANE,06,ROSASPATA,38108,03,03,1,2,210643003,27.69617,1,,1,1,8,1,CAÑIHUA,2103,1,0,025,0,1,0,0,0,0,0, 
2025,21,PUNO,06,HUANCANE,06,ROSASPATA,38108,03,03,1,2,210643003,27.69617,1,,1,1,6,2,CAÑIHUA,2103,1,0,020,0,1,0,0,0,0,0, 
2025,21,PUNO,06,HUANCANE,06,ROSASPATA,38108,04,04,1,2,210643003,48.40718,1,,1,1,7,1,HABA,2942,1,0,500,0,0,0,1,1,0,0, 
2025,21,PUNO,06,HUANCANE,06,ROSASPATA,38108,04,04,1,2,210643003,48.40718,1,,1,1,6,1,HABA,2942,1,0,100,0,1,0,1,1,0,0, 
2025,21,PUNO,06,HUANCANE,06,ROSASPATA,38108,04,04,1,2,210643003,48.40718,1,,1,1,6,2,QUINUA,2111,1,0,100,0,1,0,1,1,0,0, 
2025,21,PUNO,06,HUANCANE,06,ROSASPATA,38108,05,05,1,2,210643003,11.73007,1,,1,1,14,1,QUINUA,2111,1,0,050,0,1,0,0,0,0,0, 
2025,21,PUNO,06,HUANCANE,06,ROSASPATA,38108,05,05,1,2,210643003,11.73007,1,,1,1,14,2,CAÑIHUA,2103,1,0,050,0,1,0,0,0,0,0, 
2025,21,PUNO,06,HUANCANE,06,ROSASPATA,38108,06,06,1,2,210643003,44.60686,1,,1,1,3,1,QUINUA,2111,1,0,020,0,0,1,0,0,0,0, 
2025,21,PUNO,06,HUANCANE,06,ROSASPATA,38108,06,06,1,2,210643003,44.60686,1,,1,1,3,2,CEBADA GRANO,2104,1,0,020,0,0,1,0,0,0,0, 
2025,21,PUNO,06,HUANCANE,06,ROSASPATA,38108,07,07,1,2,210643003,39.19046,1,,1,1,5,1,QUINUA,2111,1,0,100,0,0,1,0,1,0,0, 
2025,21,PUNO,06,HUANCANE,06,ROSASPATA,38109,02,02,1,2,210643004,.5040877,1,,1,1,2,1,QUINUA,2111,1,0,005,0,0,1,1,1,0,0, 
2025,21,PUNO,06,HUANCANE,06,ROSASPATA,38109,02,02,1,2,210643004,.5040877,1,,1,1,2,2,CAÑIHUA,2103,1,0,005,0,0,1,1,1,0,0, 
2025,21,PUNO,06,HUANCANE,06,ROSASPATA,38109,03,03,1,2,210643004,1.402153,1,,1,1,10,1,QUINUA,2111,1,0,020,0,0,1,1,1,0,0, 
2025,21,PUNO,06,HUANCANE,06,ROSASPATA,38109,03,03,1,2,210643004,1.402153,1,,1,1,6,1,AVENA GRANO,2102,1,0,020,0,1,0,1,1,0,0, 
2025,21,PUNO,06,HUANCANE,07,TARACO,38111,01,01,1,2,210641003,42.30447,1,,1,1,6,1,AVENA FORRAJERA,2701,1,0,100,0,1,0,1,0,0,0, 
2025,21,PUNO,06,HUANCANE,07,TARACO,38111,01,01,1,2,210641003,42.30447,1,,1,1,9,1,QUINUA,2111,1,0,050,0,0,1,1,0,0,0, 
2025,21,PUNO,06,HUANCANE,07,TARACO,38111,01,01,1,2,210641003,42.30447,1,,1,1,7,1,AVENA FORRAJERA,2701,1,0,100,0,1,0,1,0,0,0, 
2025,21,PUNO,06,HUANCANE,07,TARACO,38111,02,02,1,2,210641003,60.12423,1,,1,1,11,1,QUINUA,2111,1,0,300,0,0,1,1,0,0,0, 
2025,21,PUNO,06,HUANCANE,07,TARACO,38111,03,03,1,2,210641003,1.91581,1,,1,1,5,1,QUINUA,2111,1,0,100,0,0,1,1,0,0,0, 
2025,21,PUNO,06,HUANCANE,07,TARACO,38111,03,03,1,2,210641003,1.91581,1,,1,1,6,1,CAÑIHUA,2103,1,0,100,0,0,1,1,0,0,0, 
2025,21,PUNO,06,HUANCANE,07,TARACO,38111,04,04,1,2,210641003,61.50499,1,,1,1,8,1,HABA,2942,1,0,050,0,0,1,1,0,0,0, 
2025,21,PUNO,06,HUANCANE,07,TARACO,38111,04,04,1,2,210641003,61.50499,1,,1,1,1,1,HABA,2942,1,0,089,0,0,1,1,0,0,0, 
2025,21,PUNO,06,HUANCANE,07,TARACO,38111,05,05,1,2,210641003,90.56741,1,,1,1,3,1,QUINUA,2111,1,0,100,0,1,1,1,0,0,0, 
2025,21,PUNO,06,HUANCANE,07,TARACO,38111,05,05,1,2,210641003,90.56741,1,,1,1,8,1,QUINUA,2111,1,0,100,0,0,1,1,0,0,0, 
2025,21,PUNO,06,HUANCANE,07,TARACO,38111,05,05,1,2,210641003,90.56741,1,,1,1,4,1,QUINUA,2111,1,0,100,0,1,1,0,0,0,0, 
2025,21,PUNO,06,HUANCANE,07,TARACO,38111,05,05,1,2,210641003,90.56741,1,,1,1,2,1,CAÑIHUA,2103,1,0,050,0,1,0,1,0,0,0, 
2025,21,PUNO,06,HUANCANE,07,TARACO,38111,05,05,1,2,210641003,90.56741,1,,1,1,4,2,CAÑIHUA,2103,1,0,050,0,1,1,1,0,0,0, 
2025,21,PUNO,06,HUANCANE,07,TARACO,38112,01,01,1,2,210641001,61.44064,1,,1,1,1,1,HABA,2942,1,0,070,0,0,1,1,0,0,0, 
2025,21,PUNO,06,HUANCANE,07,TARACO,38112,03,03,1,2,210641001,38.09928,1,,1,1,1,1,QUINUA,2111,1,0,130,0,0,1,1,1,0,0, 
2025,21,PUNO,06,HUANCANE,07,TARACO,38112,05,05,1,2,210641001,282.1786,1,,1,1,1,1,QUINUA,2111,1,0,090,0,0,1,1,0,0,0, 
2025,21,PUNO,06,HUANCANE,07,TARACO,38114,01,01,1,2,210641003,5.228425,1,,1,1,4,1,QUINUA,2111,1,0,200,0,0,1,1,1,0,0, 
2025,21,PUNO,06,HUANCANE,07,TARACO,38114,01,01,1,2,210641003,5.228425,1,,1,1,5,1,QUINUA,2111,1,0,250,0,0,1,1,0,0,0, 
2025,21,PUNO,06,HUANCANE,07,TARACO,38114,01,01,1,2,210641003,5.228425,1,,1,1,3,1,QUINUA,2111,1,0,150,0,1,0,1,1,0,0, 
2025,21,PUNO,06,HUANCANE,07,TARACO,38114,01,01,1,2,210641003,5.228425,1,,1,1,5,2,HABA,2942,1,0,250,0,0,1,1,0,0,0, 
2025,21,PUNO,06,HUANCANE,07,TARACO,38114,01,01,1,2,210641003,5.228425,1,,1,1,4,2,HABA,2942,1,0,100,0,1,0,1,0,0,0, 
2025,21,PUNO,06,HUANCANE,07,TARACO,38114,01,01,1,2,210641003,5.228425,1,,1,1,3,2,HABA,2942,1,0,100,0,0,0,1,1,0,0, 
2025,21,PUNO,06,HUANCANE,07,TARACO,38114,03,03,1,2,210641003,28.97686,1,,1,1,2,1,QUINUA,2111,1,0,100,0,0,1,1,0,0,0, 
2025,21,PUNO,06,HUANCANE,07,TARACO,38114,04,04,1,2,210641003,24.83367,1,,1,1,7,1,QUINUA,2111,1,0,200,0,0,1,1,0,0,0, 
2025,21,PUNO,06,HUANCANE,07,TARACO,38114,04,04,1,2,210641003,24.83367,1,,1,1,8,1,QUINUA,2111,1,0,250,0,0,1,1,0,0,0, 
2025,21,PUNO,06,HUANCANE,07,TARACO,38114,04,04,1,2,210641003,24.83367,1,,1,1,9,1,QUINUA,2111,1,0,200,0,0,1,1,0,0,0, 
2025,21,PUNO,06,HUANCANE,07,TARACO,38114,05,05,1,2,210641003,13.75367,1,,1,1,22,1,AVENA FORRAJERA,2701,1,0,100,0,1,0,0,0,0,0, 
2025,21,PUNO,06,HUANCANE,07,TARACO,38114,05,05,1,2,210641003,13.75367,1,,1,1,23,1,AVENA FORRAJERA,2701,1,0,100,0,1,0,0,0,0,0, 
2025,21,PUNO,06,HUANCANE,07,TARACO,38114,05,05,1,2,210641003,13.75367,1,,1,1,21,1,AVENA FORRAJERA,2701,1,0,100,0,1,0,0,0,0,0, 
2025,21,PUNO,06,HUANCANE,07,TARACO,38115,01,01,1,2,210641004,50.6819,1,,1,1,4,1,QUINUA,2111,1,0,050,0,0,1,1,0,0,0, 
2025,21,PUNO,06,HUANCANE,07,TARACO,38115,03,03,1,2,210641004,20.54088,1,,1,1,6,1,QUINUA,2111,1,0,035,0,0,1,0,0,0,0, 
2025,21,PUNO,06,HUANCANE,07,TARACO,38115,04,04,1,2,210641004,29.32975,1,,1,1,8,1,AVENA FORRAJERA,2701,1,1,000,0,1,0,0,0,0,0, 
2025,21,PUNO,06,HUANCANE,07,TARACO,38115,04,04,1,2,210641004,29.32975,1,,1,1,7,1,AVENA FORRAJERA,2701,1,1,000,0,1,0,0,0,0,0, 
2025,21,PUNO,06,HUANCANE,07,TARACO,38116,01,01,1,2,210641003,18.04314,1,,1,1,2,1,QUINUA,2111,1,0,100,0,1,1,1,0,0,0, 
2025,21,PUNO,06,HUANCANE,07,TARACO,38116,01,01,1,2,210641003,18.04314,1,,1,1,3,1,HABA,2942,1,0,100,0,1,0,1,0,0,0, 
2025,21,PUNO,06,HUANCANE,07,TARACO,38116,03,03,1,2,210641003,106.2872,1,,1,1,6,1,HABA,2942,1,0,200,0,0,0,1,1,0,0, 
2025,21,PUNO,06,HUANCANE,07,TARACO,38116,04,04,1,2,210641003,2.995665,1,,1,1,10,1,QUINUA,2111,1,0,250,0,0,1,1,0,0,0, 
2025,21,PUNO,06,HUANCANE,07,TARACO,38116,04,04,1,2,210641003,2.995665,1,,1,1,9,1,QUINUA,2111,1,0,250,0,0,1,1,0,0,0, 
2025,21,PUNO,06,HUANCANE,07,TARACO,38116,05,05,1,2,210641003,26.4283,1,,1,1,8,1,AVENA FORRAJERA,2701,1,0,250,0,0,1,1,0,0,1, 
2025,21,PUNO,06,HUANCANE,07,TARACO,38116,06,06,1,2,210641003,55.88636,1,,1,1,8,1,QUINUA,2111,1,0,100,0,0,1,1,0,0,0, 
2025,21,PUNO,06,HUANCANE,07,TARACO,38118,01,01,1,2,210641002,20.3932,1,,1,1,2,1,QUINUA,2111,1,0,050,0,0,1,1,1,0,0, 
2025,21,PUNO,06,HUANCANE,07,TARACO,38119,02,02,1,2,210641003,40.77299,1,,1,1,3,1,QUINUA,2111,1,0,300,0,1,0,1,0,0,0, 
2025,21,PUNO,06,HUANCANE,07,TARACO,38119,03,03,1,2,210641003,128.9494,1,,1,1,4,1,QUINUA,2111,1,0,120,0,1,1,1,0,0,0, 
2025,21,PUNO,06,HUANCANE,07,TARACO,38120,01,01,1,2,210641003,13.62346,1,,1,0,1,1,PAPA NATIVA,2615,1,0,030,0,1,0,1,0,0,0, 
2025,21,PUNO,06,HUANCANE,07,TARACO,38120,01,01,1,2,210641003,13.62346,1,,1,0,2,1,AVENA FORRAJERA,2701,1,0,080,0,1,0,1,0,0,0, 
2025,21,PUNO,06,HUANCANE,07,TARACO,38120,01,01,1,2,210641003,13.62346,1,,1,0,6,1,HABA,2942,1,0,020,0,1,1,1,0,0,0, 
2025,21,PUNO,06,HUANCANE,07,TARACO,38120,01,01,1,2,210641003,13.62346,1,,1,0,6,2,PAPA NATIVA,2615,1,0,030,0,1,1,1,0,0,0, 
2025,21,PUNO,06,HUANCANE,07,TARACO,38120,02,02,1,2,210641003,35.8915,1,,1,1,6,1,HABA,2942,1,0,040,0,1,1,1,0,0,0, 
2025,21,PUNO,06,HUANCANE,07,TARACO,38120,02,02,1,2,210641003,35.8915,1,,1,1,2,1,QUINUA,2111,1,0,070,0,0,1,1,0,0,0, 
2025,21,PUNO,06,HUANCANE,07,TARACO,38120,02,02,1,2,210641003,35.8915,1,,1,1,3,1,PAPA NATIVA,2615,1,0,030,0,0,1,1,0,0,0, 
2025,21,PUNO,06,HUANCANE,07,TARACO,38120,02,02,1,2,210641003,35.8915,1,,1,1,1,1,QUINUA,2111,1,0,070,0,0,1,1,0,0,0, 
2025,21,PUNO,06,HUANCANE,07,TARACO,38120,02,02,1,2,210641003,35.8915,1,,1,1,5,1,PAPA NATIVA,2615,1,0,050,0,1,1,1,0,0,0, 
2025,21,PUNO,06,HUANCANE,07,TARACO,38120,02,02,1,2,210641003,35.8915,1,,1,1,7,1,QUINUA,2111,1,0,020,0,1,1,1,0,0,0, 
2025,21,PUNO,06,HUANCANE,07,TARACO,38120,04,04,1,2,210641003,9.535238,1,,1,1,1,1,PAPA NATIVA,2615,1,0,090,0,0,1,1,0,0,0, 
2025,21,PUNO,06,HUANCANE,07,TARACO,38120,06,06,1,2,210641003,62.12553,1,,1,1,1,1,QUINUA,2111,1,0,075,0,0,1,1,0,0,0, 
2025,21,PUNO,06,HUANCANE,07,TARACO,38120,06,06,1,2,210641003,62.12553,1,,1,1,2,1,ALFALFA,1401,3,0,060,0,0,1,1,0,0,0, 
2025,21,PUNO,06,HUANCANE,07,TARACO,38120,06,06,1,2,210641003,62.12553,1,,1,1,4,1,PAPA NATIVA,2615,1,0,050,0,0,1,1,0,0,0, 
2025,21,PUNO,06,HUANCANE,07,TARACO,38120,06,06,1,2,210641003,62.12553,1,,1,1,6,1,PAPA NATIVA,2615,1,0,050,0,0,1,1,0,0,0, 
2025,21,PUNO,06,HUANCANE,07,TARACO,38120,06,06,1,2,210641003,62.12553,1,,1,1,4,2,QUINUA,2111,1,0,070,0,0,1,1,0,0,0, 
2025,21,PUNO,06,HUANCANE,07,TARACO,38120,07,07,1,2,210641003,14.13326,1,,1,1,2,1,QUINUA,2111,1,0,840,0,1,1,1,0,0,0, 
2025,21,PUNO,06,HUANCANE,07,TARACO,38120,08,08,1,2,210641003,53.74083,1,,1,1,3,1,QUINUA,2111,1,0,500,0,1,1,1,0,0,0, 
2025,21,PUNO,06,HUANCANE,07,TARACO,38120,09,09,1,2,210641003,18.4513,1,,1,1,4,1,PAPA NATIVA,2615,1,0,060,0,1,1,1,0,0,0, 
2025,21,PUNO,06,HUANCANE,07,TARACO,38120,10,10,1,2,210641003,5.579743,1,,1,1,7,1,PAPA NATIVA,2615,1,0,020,0,0,0,1,0,0,0, 
2025,21,PUNO,06,HUANCANE,07,TARACO,38120,10,10,1,2,210641003,5.579743,1,,1,1,6,1,PAPA NATIVA,2615,1,0,030,0,0,0,1,0,0,0, 
2025,21,PUNO,06,HUANCANE,07,TARACO,38120,10,10,1,2,210641003,5.579743,1,,1,1,2,1,CEBADA GRANO,2104,1,0,050,0,0,0,1,0,0,0, 
2025,21,PUNO,06,HUANCANE,07,TARACO,38120,10,10,1,2,210641003,5.579743,1,,1,1,4,1,QUINUA,2111,1,0,100,0,1,0,1,0,0,0, 
2025,21,PUNO,06,HUANCANE,07,TARACO,38120,10,10,1,2,210641003,5.579743,1,,1,1,3,1,QUINUA,2111,1,0,050,0,1,1,1,0,0,0, 
2025,21,PUNO,06,HUANCANE,07,TARACO,38120,10,10,1,2,210641003,5.579743,1,,1,1,5,1,QUINUA,2111,1,0,050,0,1,0,1,1,0,0, 
2025,21,PUNO,06,HUANCANE,07,TARACO,38120,10,10,1,2,210641003,5.579743,1,,1,1,3,2,CEBADA GRANO,2104,1,0,040,0,1,0,1,0,0,0, 
2025,21,PUNO,06,HUANCANE,07,TARACO,38121,08,08,1,2,210641003,9.497868,1,,1,1,6,1,QUINUA,2111,1,0,017,0,1,0,0,0,0,0, 
2025,21,PUNO,06,HUANCANE,07,TARACO,38121,09,09,1,2,210641003,7.008402,1,,1,1,5,1,QUINUA,2111,1,0,020,0,0,0,1,0,0,0, 
2025,21,PUNO,06,HUANCANE,07,TARACO,38121,09,09,1,2,210641003,7.008402,1,,1,1,4,1,HABA,2942,1,0,030,0,1,0,0,0,0,0, 
2025,21,PUNO,06,HUANCANE,07,TARACO,38121,12,12,1,2,210641003,.912304,1,,1,1,6,1,QUINUA,2111,1,0,080,0,0,1,0,0,0,0, 
2025,21,PUNO,06,HUANCANE,07,TARACO,38121,12,12,1,2,210641003,.912304,1,,1,1,10,1,QUINUA,2111,1,0,030,0,0,1,0,0,0,0, 
2025,21,PUNO,06,HUANCANE,07,TARACO,38121,13,13,1,2,210641003,.0188272,1,,1,1,1,1,AVENA FORRAJERA,2701,1,0,050,0,0,1,1,0,0,0, 
2025,21,PUNO,06,HUANCANE,07,TARACO,38121,14,14,1,2,210641003,21.02726,1,,1,1,11,1,QUINUA,2111,1,0,200,0,1,0,0,0,0,0, 
2025,21,PUNO,06,HUANCANE,08,VILQUE CHICO,38122,02,02,1,2,210642003,15.51953,1,,1,1,2,1,QUINUA,2111,1,0,100,0,0,0,1,0,0,0, 
2025,21,PUNO,06,HUANCANE,08,VILQUE CHICO,38122,06,06,1,2,210642003,27.42904,1,,1,0,1,1,QUINUA,2111,1,0,170,0,1,0,1,0,0,0, 
2025,21,PUNO,06,HUANCANE,08,VILQUE CHICO,38122,10,10,1,2,210642003,12.31211,1,,1,0,1,1,AVENA FORRAJERA,2701,1,0,150,0,1,0,1,0,0,0, 
2025,21,PUNO,06,HUANCANE,08,VILQUE CHICO,38122,14,14,1,2,210642003,20.44414,1,,1,0,2,1,AVENA FORRAJERA,2701,1,0,050,0,1,0,0,0,0,0, 
2025,21,PUNO,06,HUANCANE,08,VILQUE CHICO,38123,01,01,1,2,210653002,27.46068,1,,1,1,4,1,QUINUA,2111,1,0,050,0,0,0,1,0,0,0, 
2025,21,PUNO,06,HUANCANE,08,VILQUE CHICO,38123,01,01,1,2,210653002,27.46068,1,,1,1,4,2,CAÑIHUA,2103,1,0,050,0,0,0,1,0,0,0, 
2025,21,PUNO,06,HUANCANE,08,VILQUE CHICO,38124,02,02,1,2,210642001,16.31512,1,,1,1,3,1,ARVEJA,2901,1,0,020,0,1,0,0,1,0,0, 
2025,21,PUNO,06,HUANCANE,08,VILQUE CHICO,38124,02,02,1,2,210642001,16.31512,1,,1,1,6,1,QUINUA,2111,1,0,020,0,1,0,0,1,0,0, 
2025,21,PUNO,06,HUANCANE,08,VILQUE CHICO,38124,04,04,1,2,210642001,524.4959,1,,1,1,4,1,AVENA FORRAJERA,2701,1,0,080,0,1,0,0,0,0,0, 
2025,21,PUNO,06,HUANCANE,08,VILQUE CHICO,38124,04,04,1,2,210642001,524.4959,1,,1,1,2,1,OCA,2608,1,0,020,0,1,0,0,0,0,0, 
2025,21,PUNO,06,HUANCANE,08,VILQUE CHICO,38125,01,01,1,2,210642003,1.603195,1,,1,1,7,1,ALFALFA,1401,3,2500,000,0,1,0,0,0,0,0, 
2025,21,PUNO,06,HUANCANE,08,VILQUE CHICO,38125,02,02,1,2,210642003,144.14,1,,1,1,2,1,ALFALFA,1401,3,400,000,0,1,0,0,0,0,0, 
2025,21,PUNO,06,HUANCANE,08,VILQUE CHICO,38125,02,02,1,2,210642003,144.14,1,,1,1,3,1,ALFALFA,1401,3,700,000,0,1,0,0,0,0,0, 
2025,21,PUNO,06,HUANCANE,08,VILQUE CHICO,38125,02,02,1,2,210642003,144.14,1,,1,1,2,2,QUINUA,2111,1,400,000,0,1,0,0,0,0,0, 
2025,21,PUNO,06,HUANCANE,08,VILQUE CHICO,38125,06,06,1,2,210642003,2.008027,1,,1,1,7,1,ALFALFA,1401,3,450,000,0,1,0,0,0,0,0, 
2025,21,PUNO,06,HUANCANE,08,VILQUE CHICO,38126,01,01,1,2,210652002,74.98653,1,,1,1,1,1,QUINUA,2111,1,0,100,0,0,0,1,0,0,0, 
2025,21,PUNO,06,HUANCANE,08,VILQUE CHICO,38127,03,03,1,2,210642003,105.6834,1,,1,1,3,1,PAPA NATIVA,2615,1,0,020,0,1,0,1,1,0,0, 
2025,21,PUNO,06,HUANCANE,08,VILQUE CHICO,38128,04,04,1,2,210641003,237.1214,1,,1,1,1,1,OCA,2608,1,0,003,0,0,0,1,0,0,0, 
2025,21,PUNO,07,LAMPA,01,LAMPA,38129,01,01,1,2,210742003,339.0176,1,,1,1,4,1,PAPA NATIVA,2615,1,0,400,0,0,0,1,0,0,0, 
2025,21,PUNO,07,LAMPA,01,LAMPA,38129,01,01,1,2,210742003,339.0176,1,,1,1,4,2,QUINUA,2111,1,0,060,0,0,1,1,0,0,0, 
2025,21,PUNO,07,LAMPA,01,LAMPA,38129,01,01,1,2,210742003,339.0176,1,,1,1,4,3,OCA,2608,1,0,025,0,0,0,1,0,0,0, 
2025,21,PUNO,07,LAMPA,01,LAMPA,38129,03,03,1,2,210742003,57.42404,1,,1,1,3,1,PAPA NATIVA,2615,1,0,100,0,1,0,1,1,0,0, 
2025,21,PUNO,07,LAMPA,01,LAMPA,38129,04,04,1,2,210742003,24.8498,1,,1,1,1,1,PAPA NATIVA,2615,1,0,180,0,0,0,1,0,0,0, 
2025,21,PUNO,07,LAMPA,01,LAMPA,38129,04,04,1,2,210742003,24.8498,1,,1,1,1,2,CAÑIHUA,2103,1,0,065,0,0,1,1,0,0,0, 
2025,21,PUNO,07,LAMPA,01,LAMPA,38130,01,01,1,2,210743003,1708.589,1,,1,1,1,1,PAPA NATIVA,2615,1,0,150,0,0,0,1,0,0,0, 
2025,21,PUNO,07,LAMPA,01,LAMPA,38131,01,01,1,2,210753002,215.4577,1,,1,1,4,1,PAPA NATIVA,2615,1,0,100,0,0,0,1,1,0,0, 
2025,21,PUNO,07,LAMPA,01,LAMPA,38131,01,01,1,2,210753002,215.4577,1,,1,1,4,2,QUINUA,2111,1,0,250,0,0,0,1,1,0,0, 
2025,21,PUNO,07,LAMPA,01,LAMPA,38131,01,01,1,2,210753002,215.4577,1,,1,1,4,3,HABA,2942,1,0,050,0,0,0,1,1,0,0, 
2025,21,PUNO,07,LAMPA,01,LAMPA,38131,01,01,1,2,210753002,215.4577,1,,1,1,4,4,CENTENO GRANO,2105,1,0,050,0,0,0,1,1,0,0, 
2025,21,PUNO,07,LAMPA,01,LAMPA,38131,02,02,1,2,210753002,3.300905,1,,1,1,1,1,QUINUA,2111,1,0,100,0,0,1,1,1,0,0, 
2025,21,PUNO,07,LAMPA,01,LAMPA,38133,01,01,1,2,210741001,2.332799,1,,1,1,4,1,PAPA NATIVA,2615,1,0,250,0,0,1,1,1,0,0, 
2025,21,PUNO,07,LAMPA,01,LAMPA,38134,01,01,1,2,210742003,123.0406,1,,1,1,1,1,QUINUA,2111,1,0,250,0,1,0,0,0,0,0, 
2025,21,PUNO,07,LAMPA,01,LAMPA,38134,02,02,1,2,210742003,277.4715,1,,1,1,4,1,PAPA NATIVA,2615,1,0,100,0,0,0,1,0,0,0, 
2025,21,PUNO,07,LAMPA,01,LAMPA,38135,01,01,1,2,210743004,35.60667,1,,1,1,2,1,PAPA NATIVA,2615,1,0,100,0,0,1,1,0,0,0, 
2025,21,PUNO,07,LAMPA,01,LAMPA,38135,01,01,1,2,210743004,35.60667,1,,1,1,1,1,QUINUA,2111,1,0,010,0,0,0,1,0,0,0, 
2025,21,PUNO,07,LAMPA,01,LAMPA,38135,01,01,1,2,210743004,35.60667,1,,1,1,1,2,CAÑIHUA,2103,1,0,010,0,0,0,1,0,0,0, 
2025,21,PUNO,07,LAMPA,01,LAMPA,38135,02,02,1,2,210743004,254.8741,1,,1,1,1,1,QUINUA,2111,1,0,010,0,0,0,1,0,0,0, 
2025,21,PUNO,07,LAMPA,01,LAMPA,38135,03,03,1,2,210743004,1.870623,1,,1,1,3,1,QUINUA,2111,1,0,025,0,0,0,1,1,0,0, 
2025,21,PUNO,07,LAMPA,01,LAMPA,38135,03,03,1,2,210743004,1.870623,1,,1,1,2,1,QUINUA,2111,1,0,010,0,0,0,1,1,0,0, 
2025,21,PUNO,07,LAMPA,01,LAMPA,38135,03,03,1,2,210743004,1.870623,1,,1,1,2,2,CAÑIHUA,2103,1,0,010,0,0,0,1,1,0,0, 
2025,21,PUNO,07,LAMPA,01,LAMPA,38135,03,03,1,2,210743004,1.870623,1,,1,1,3,2,CAÑIHUA,2103,1,0,025,0,0,0,1,1,0,0, 
2025,21,PUNO,07,LAMPA,01,LAMPA,38135,04,04,1,2,210743004,.557461,1,,1,1,2,1,CAÑIHUA,2103,1,0,010,0,0,1,0,0,0,0, 
2025,21,PUNO,07,LAMPA,01,LAMPA,38135,04,04,1,2,210743004,.557461,1,,1,1,2,2,QUINUA,2111,1,0,005,0,0,0,1,0,0,0, 
2025,21,PUNO,07,LAMPA,01,LAMPA,38135,06,06,1,2,210743004,9.595274,1,,1,1,3,1,PAPA NATIVA,2615,1,0,500,0,0,0,1,0,0,0, 
2025,21,PUNO,07,LAMPA,01,LAMPA,38135,07,07,1,2,210743004,29.04738,1,,1,1,2,1,PAPA NATIVA,2615,1,0,250,0,0,0,1,0,0,0, 
2025,21,PUNO,07,LAMPA,01,LAMPA,38135,07,07,1,2,210743004,29.04738,1,,1,1,3,1,PAPA NATIVA,2615,1,0,050,0,0,0,1,0,0,0, 
2025,21,PUNO,07,LAMPA,01,LAMPA,38136,01,01,1,2,210741003,12.50054,1,,1,1,5,1,PAPA NATIVA,2615,1,0,100,0,0,0,1,1,0,0, 
2025,21,PUNO,07,LAMPA,01,LAMPA,38136,01,01,1,2,210741003,12.50054,1,,1,1,3,1,ALFALFA,1401,3,0,500,0,1,0,0,1,0,0, 
2025,21,PUNO,07,LAMPA,01,LAMPA,38136,02,02,1,2,210741003,142.7767,1,,1,1,6,1,PAPA NATIVA,2615,1,0,250,0,0,1,1,1,0,0, 
2025,21,PUNO,07,LAMPA,01,LAMPA,38136,03,03,1,2,210741003,42.5799,1,,1,1,3,1,ALFALFA,1401,3,0,140,0,1,0,1,1,0,0, 
2025,21,PUNO,07,LAMPA,01,LAMPA,38136,03,03,1,2,210741003,42.5799,1,,1,1,2,1,AVENA FORRAJERA,2701,1,0,250,0,1,0,0,0,0,0, 
2025,21,PUNO,07,LAMPA,01,LAMPA,38136,03,03,1,2,210741003,42.5799,1,,1,1,5,1,PAPA NATIVA,2615,1,0,030,0,0,0,1,1,0,0, 
2025,21,PUNO,07,LAMPA,01,LAMPA,38136,03,03,1,2,210741003,42.5799,1,,1,1,5,2,PAPA AMARGA,2610,1,0,020,0,0,0,1,1,0,0, 
2025,21,PUNO,07,LAMPA,01,LAMPA,38136,04,04,1,2,210741003,110.341,1,,1,1,4,1,PAPA NATIVA,2615,1,0,500,0,1,0,0,0,0,0, 
2025,21,PUNO,07,LAMPA,01,LAMPA,38136,04,04,1,2,210741003,110.341,1,,1,1,2,1,ALFALFA,1401,3,0,300,0,1,0,0,0,0,0, 
2025,21,PUNO,07,LAMPA,01,LAMPA,38136,04,04,1,2,210741003,110.341,1,,1,1,1,1,ALFALFA,1401,3,0,250,0,1,0,0,0,0,0, 
2025,21,PUNO,07,LAMPA,01,LAMPA,38136,04,04,1,2,210741003,110.341,1,,1,1,4,2,QUINUA,2111,1,0,500,0,1,0,0,0,0,0, 
2025,21,PUNO,07,LAMPA,01,LAMPA,38137,01,01,1,2,210751003,100.368,1,,1,1,3,1,QUINUA,2111,1,0,100,0,0,0,1,0,0,0, 
2025,21,PUNO,07,LAMPA,01,LAMPA,38137,05,05,1,2,210751003,23.62644,1,,1,1,1,1,QUINUA,2111,1,0,015,0,0,0,1,0,0,0, 
2025,21,PUNO,07,LAMPA,02,CABANILLA,38139,01,01,1,2,210742003,99.20309,1,,1,1,2,1,PAPA NATIVA,2615,1,0,070,0,1,1,1,1,0,0, 
2025,21,PUNO,07,LAMPA,02,CABANILLA,38139,01,01,1,2,210742003,99.20309,1,,1,1,1,1,HABA,2942,1,0,080,0,1,1,1,1,0,0, 
2025,21,PUNO,07,LAMPA,02,CABANILLA,38139,01,01,1,2,210742003,99.20309,1,,1,1,1,2,PAPA NATIVA,2615,1,0,020,0,1,1,1,1,0,0, 
2025,21,PUNO,07,LAMPA,02,CABANILLA,38139,03,03,1,2,210742003,14.70858,1,,1,1,1,1,PAPA NATIVA,2615,1,0,077,0,1,1,1,1,0,0, 
2025,21,PUNO,07,LAMPA,02,CABANILLA,38140,01,01,1,2,210742004,2.068323,1,,1,1,2,1,CAÑIHUA,2103,1,0,500,0,1,0,1,1,0,0, 
2025,21,PUNO,07,LAMPA,02,CABANILLA,38140,01,01,1,2,210742004,2.068323,1,,1,1,1,1,CAÑIHUA,2103,1,0,500,0,1,0,1,1,0,0, 
2025,21,PUNO,07,LAMPA,02,CABANILLA,38140,01,01,1,2,210742004,2.068323,1,,1,1,3,1,PAPA NATIVA,2615,1,0,100,0,1,0,1,1,0,0, 
2025,21,PUNO,07,LAMPA,02,CABANILLA,38140,01,01,1,2,210742004,2.068323,1,,1,1,3,2,QUINUA,2111,1,0,200,0,1,0,1,1,0,0, 
2025,21,PUNO,07,LAMPA,02,CABANILLA,38140,01,01,1,2,210742004,2.068323,1,,1,1,1,2,PAPA NATIVA,2615,1,0,100,0,1,0,1,1,0,0, 
2025,21,PUNO,07,LAMPA,02,CABANILLA,38140,01,01,1,2,210742004,2.068323,1,,1,1,2,2,PAPA NATIVA,2615,1,0,500,0,1,0,1,0,0,0, 
2025,21,PUNO,07,LAMPA,02,CABANILLA,38140,02,02,1,2,210742004,53.12303,1,,1,1,1,1,QUINUA,2111,1,0,500,0,1,0,1,1,0,0, 
2025,21,PUNO,07,LAMPA,02,CABANILLA,38140,02,02,1,2,210742004,53.12303,1,,1,1,2,1,CAÑIHUA,2103,1,0,100,0,1,0,1,0,0,0, 
2025,21,PUNO,07,LAMPA,02,CABANILLA,38140,02,02,1,2,210742004,53.12303,1,,1,1,1,2,PAPA HUAYRO,2614,1,0,300,0,1,0,1,1,0,0, 
2025,21,PUNO,07,LAMPA,02,CABANILLA,38140,02,02,1,2,210742004,53.12303,1,,1,1,1,3,CAÑIHUA,2103,1,0,200,0,1,0,1,1,0,0, 
2025,21,PUNO,07,LAMPA,02,CABANILLA,38140,03,03,1,2,210742004,62.73591,1,,1,1,2,1,CAÑIHUA,2103,1,0,500,0,1,0,1,1,0,0, 
2025,21,PUNO,07,LAMPA,02,CABANILLA,38140,03,03,1,2,210742004,62.73591,1,,1,1,2,2,QUINUA,2111,1,0,500,0,1,0,1,1,0,0, 
2025,21,PUNO,07,LAMPA,02,CABANILLA,38140,03,03,1,2,210742004,62.73591,1,,1,1,2,3,PAPA NATIVA,2615,1,0,500,0,0,0,1,1,0,0, 
2025,21,PUNO,07,LAMPA,02,CABANILLA,38143,01,01,1,2,210742003,12.67144,1,,1,1,2,1,PAPA NATIVA,2615,1,0,500,0,1,0,1,1,0,0, 
2025,21,PUNO,07,LAMPA,02,CABANILLA,38143,01,01,1,2,210742003,12.67144,1,,1,1,1,1,HABA,2942,1,0,100,0,1,0,1,1,0,0, 
2025,21,PUNO,07,LAMPA,02,CABANILLA,38143,01,01,1,2,210742003,12.67144,1,,1,1,3,1,QUINUA,2111,1,1,000,0,1,0,1,1,0,0, 
2025,21,PUNO,07,LAMPA,02,CABANILLA,38143,01,01,1,2,210742003,12.67144,1,,1,1,1,2,QUINUA,2111,1,0,100,0,1,0,1,1,0,0, 
2025,21,PUNO,07,LAMPA,02,CABANILLA,38143,01,01,1,2,210742003,12.67144,1,,1,1,1,3,CAÑIHUA,2103,1,0,100,1,0,0,1,1,0,0, 
2025,21,PUNO,07,LAMPA,02,CABANILLA,38143,01,01,1,2,210742003,12.67144,1,,1,1,1,4,PAPA NATIVA,2615,1,0,100,1,0,0,1,1,0,0, 
2025,21,PUNO,07,LAMPA,02,CABANILLA,38143,01,01,1,2,210742003,12.67144,1,,1,1,1,5,PAPA AMARGA,2610,1,0,100,1,0,0,1,1,0,0, 
2025,21,PUNO,07,LAMPA,02,CABANILLA,38143,01,01,1,2,210742003,12.67144,1,,1,1,1,6,AVENA FORRAJERA,2701,1,0,500,1,0,0,1,1,0,0, 
2025,21,PUNO,07,LAMPA,02,CABANILLA,38144,02,02,1,2,210742003,.2875192,1,,1,1,2,1,HABA,2942,1,0,010,0,1,1,1,0,0,0, 
2025,21,PUNO,07,LAMPA,02,CABANILLA,38144,03,03,1,2,210742003,218.6474,1,,1,1,1,1,PAPA NATIVA,2615,1,0,050,0,1,1,1,1,0,0, 
2025,21,PUNO,07,LAMPA,02,CABANILLA,38144,05,05,1,2,210742003,32.01345,1,,1,1,1,1,PAPA NATIVA,2615,1,0,200,0,1,1,1,1,0,0, 
2025,21,PUNO,07,LAMPA,02,CABANILLA,38144,08,08,1,2,210742003,15.18492,1,,1,1,2,1,PAPA NATIVA,2615,1,0,100,0,1,1,1,1,0,0, 
2025,21,PUNO,07,LAMPA,02,CABANILLA,38144,12,12,1,2,210742003,.4265241,1,,1,0,3,1,QUINUA,2111,1,0,250,0,1,1,1,1,0,0, 
2025,21,PUNO,07,LAMPA,02,CABANILLA,38144,12,12,1,2,210742003,.4265241,1,,1,0,1,1,HABA,2942,1,0,221,0,1,1,1,1,0,0, 
2025,21,PUNO,07,LAMPA,02,CABANILLA,38144,12,12,1,2,210742003,.4265241,1,,1,0,3,2,PAPA NATIVA,2615,1,0,400,0,1,1,1,1,0,0, 
2025,21,PUNO,07,LAMPA,03,CALAPUJA,38146,01,01,1,2,210741003,.0153935,1,,1,1,2,1,CAÑIHUA,2103,1,1,000,0,0,1,1,1,0,0, 
2025,21,PUNO,07,LAMPA,03,CALAPUJA,38146,03,03,1,2,210741003,31.97381,1,,1,1,1,1,CAÑIHUA,2103,1,0,400,0,0,1,1,1,0,0, 
2025,21,PUNO,07,LAMPA,03,CALAPUJA,38146,04,04,1,2,210741003,232.0203,1,,1,1,1,1,QUINUA,2111,1,0,250,0,1,0,1,1,0,0, 
2025,21,PUNO,07,LAMPA,03,CALAPUJA,38148,01,01,1,2,210741003,71.17197,1,,1,1,1,1,QUINUA,2111,1,0,050,0,0,1,1,1,0,0, 
2025,21,PUNO,07,LAMPA,03,CALAPUJA,38148,03,03,1,2,210741003,34.99505,1,,1,1,3,1,QUINUA,2111,1,0,125,0,1,1,1,1,0,0, 
2025,21,PUNO,07,LAMPA,03,CALAPUJA,38148,03,03,1,2,210741003,34.99505,1,,1,1,3,2,CAÑIHUA,2103,1,0,125,0,1,1,1,1,0,0, 
2025,21,PUNO,07,LAMPA,03,CALAPUJA,38148,03,03,1,2,210741003,34.99505,1,,1,1,3,3,AVENA FORRAJERA,2701,1,0,250,0,1,1,1,1,0,0, 
2025,21,PUNO,07,LAMPA,03,CALAPUJA,38148,03,03,1,2,210741003,34.99505,1,,1,1,3,4,PAPA NATIVA,2615,1,0,225,0,1,1,1,1,0,0, 
2025,21,PUNO,07,LAMPA,03,CALAPUJA,38148,04,04,1,2,210741003,14.22614,1,,1,1,3,1,PAPA NATIVA,2615,1,0,100,0,0,1,1,0,0,0, 
2025,21,PUNO,07,LAMPA,03,CALAPUJA,38148,04,04,1,2,210741003,14.22614,1,,1,1,3,2,QUINUA,2111,1,0,125,0,1,1,1,0,0,0, 
2025,21,PUNO,07,LAMPA,03,CALAPUJA,38148,04,04,1,2,210741003,14.22614,1,,1,1,3,3,CAÑIHUA,2103,1,0,125,0,1,1,1,0,0,0, 
2025,21,PUNO,07,LAMPA,03,CALAPUJA,38148,05,05,1,2,210741003,4.59112,1,,1,1,3,1,PAPA NATIVA,2615,1,0,040,0,0,1,1,0,0,0, 
2025,21,PUNO,07,LAMPA,04,NICASIO,38150,01,01,1,2,210743002,142.5072,1,,1,1,3,1,CAÑIHUA,2103,1,0,500,0,0,0,1,1,0,0, 
2025,21,PUNO,07,LAMPA,04,NICASIO,38150,01,01,1,2,210743002,142.5072,1,,1,1,2,1,PAPA NATIVA,2615,1,0,500,0,1,0,1,1,0,0, 
2025,21,PUNO,07,LAMPA,04,NICASIO,38150,01,01,1,2,210743002,142.5072,1,,1,1,2,2,QUINUA,2111,1,0,500,0,1,0,1,1,0,0, 
2025,21,PUNO,07,LAMPA,04,NICASIO,38151,01,01,1,2,210742001,1.118252,1,,1,1,3,1,CAÑIHUA,2103,1,0,050,0,1,1,1,1,0,0, 
2025,21,PUNO,07,LAMPA,04,NICASIO,38151,01,01,1,2,210742001,1.118252,1,,1,1,5,1,AVENA FORRAJERA,2701,1,0,050,0,1,0,1,0,0,0, 
2025,21,PUNO,07,LAMPA,04,NICASIO,38151,02,02,1,2,210742001,5.007108,1,,1,1,4,1,OLLUCO,2609,1,0,010,0,0,0,1,1,0,0, 
2025,21,PUNO,07,LAMPA,04,NICASIO,38151,02,02,1,2,210742001,5.007108,1,,1,1,4,2,OCA,2608,1,0,010,0,0,0,1,1,0,0, 
2025,21,PUNO,07,LAMPA,04,NICASIO,38151,02,02,1,2,210742001,5.007108,1,,1,1,4,3,CAÑIHUA,2103,1,0,180,0,0,0,1,1,0,0, 
2025,21,PUNO,07,LAMPA,04,NICASIO,38151,02,02,1,2,210742001,5.007108,1,,1,1,4,4,QUINUA,2111,1,0,150,0,0,1,1,1,0,0, 
2025,21,PUNO,07,LAMPA,04,NICASIO,38151,03,03,1,2,210742001,1.254137,1,,1,1,5,1,QUINUA,2111,1,0,150,0,0,1,1,1,0,0, 
2025,21,PUNO,07,LAMPA,04,NICASIO,38151,03,03,1,2,210742001,1.254137,1,,1,1,6,1,QUINUA,2111,1,0,050,0,0,1,1,1,0,0, 
2025,21,PUNO,07,LAMPA,04,NICASIO,38151,03,03,1,2,210742001,1.254137,1,,1,1,6,2,CAÑIHUA,2103,1,0,050,0,0,1,1,1,0,0, 
2025,21,PUNO,07,LAMPA,04,NICASIO,38152,01,01,1,2,210741002,2.245079,1,,1,1,2,1,PAPA NATIVA,2615,1,0,100,0,0,0,1,1,0,0, 
2025,21,PUNO,07,LAMPA,04,NICASIO,38152,01,01,1,2,210741002,2.245079,1,,1,1,2,2,QUINUA,2111,1,0,250,0,0,0,1,1,0,0, 
2025,21,PUNO,07,LAMPA,04,NICASIO,38152,02,02,1,2,210741002,49.92044,1,,1,1,3,1,PAPA NATIVA,2615,1,0,100,0,1,0,1,1,0,0, 
2025,21,PUNO,07,LAMPA,04,NICASIO,38152,02,02,1,2,210741002,49.92044,1,,1,1,3,2,CAÑIHUA,2103,1,0,150,0,0,0,1,1,1,0, 
2025,21,PUNO,07,LAMPA,04,NICASIO,38152,02,02,1,2,210741002,49.92044,1,,1,1,3,3,QUINUA,2111,1,0,150,0,1,0,1,1,0,0, 
2025,21,PUNO,07,LAMPA,04,NICASIO,38153,01,01,1,2,210742002,146.1866,1,,1,1,2,1,AVENA FORRAJERA,2701,1,3,000,0,1,0,1,1,0,0, 
2025,21,PUNO,07,LAMPA,04,NICASIO,38153,01,01,1,2,210742002,146.1866,1,,1,1,2,2,PAPA NATIVA,2615,1,0,250,0,1,0,1,1,0,0, 
2025,21,PUNO,07,LAMPA,04,NICASIO,38153,01,01,1,2,210742002,146.1866,1,,1,1,2,3,QUINUA,2111,1,0,250,0,0,0,1,1,0,0, 
2025,21,PUNO,07,LAMPA,04,NICASIO,38153,01,01,1,2,210742002,146.1866,1,,1,1,2,4,CAÑIHUA,2103,1,0,250,0,0,0,1,1,0,0, 
2025,21,PUNO,07,LAMPA,04,NICASIO,38154,02,02,1,2,210742002,1.478702,1,,1,1,2,1,QUINUA,2111,1,0,500,0,1,1,1,1,0,0, 
2025,21,PUNO,07,LAMPA,04,NICASIO,38154,02,02,1,2,210742002,1.478702,1,,1,1,2,2,CAÑIHUA,2103,1,0,500,0,1,1,1,1,0,0, 
2025,21,PUNO,07,LAMPA,04,NICASIO,38155,05,05,1,2,210743001,.0001894,1,,1,1,4,1,QUINUA,2111,1,0,100,0,1,1,1,1,0,0, 
2025,21,PUNO,07,LAMPA,05,OCUVIRI,38156,01,01,1,2,210753004,.2903892,1,,1,1,5,1,PAPA AMARGA,2610,1,0,100,0,1,0,1,1,0,0, 
2025,21,PUNO,07,LAMPA,05,OCUVIRI,38156,01,01,1,2,210753004,.2903892,1,,1,1,5,2,CAÑIHUA,2103,1,0,050,0,1,0,1,1,0,0, 
2025,21,PUNO,07,LAMPA,05,OCUVIRI,38156,02,02,1,2,210753004,.0349088,1,,1,1,3,1,CAÑIHUA,2103,1,0,100,0,0,0,1,1,0,0, 
2025,21,PUNO,07,LAMPA,05,OCUVIRI,38157,01,01,1,2,210753003,.4422762,1,,1,1,1,1,PAPA NATIVA,2615,1,0,100,0,1,0,0,0,0,0, 
2025,21,PUNO,07,LAMPA,05,OCUVIRI,38157,01,01,1,2,210753003,.4422762,1,,1,1,1,2,ALFALFA,1401,3,2,000,0,1,0,0,0,0,0, 
2025,21,PUNO,07,LAMPA,05,OCUVIRI,38157,02,02,1,2,210753003,4.693169,1,,1,1,2,1,QUINUA,2111,1,0,050,0,0,0,1,1,0,0, 
2025,21,PUNO,07,LAMPA,08,PUCARA,38158,02,02,1,2,210741003,54.72363,1,,1,1,4,1,PAPA NATIVA,2615,1,0,200,0,1,0,1,0,0,0, 
2025,21,PUNO,07,LAMPA,08,PUCARA,38158,02,02,1,2,210741003,54.72363,1,,1,1,4,2,PAPA AMARGA,2610,1,0,100,0,1,0,1,0,0,0, 
2025,21,PUNO,07,LAMPA,08,PUCARA,38158,02,02,1,2,210741003,54.72363,1,,1,1,4,3,QUINUA,2111,1,0,100,0,1,0,1,0,0,0, 
2025,21,PUNO,07,LAMPA,08,PUCARA,38158,02,02,1,2,210741003,54.72363,1,,1,1,4,4,CAÑIHUA,2103,1,0,100,0,1,0,1,0,0,0, 
2025,21,PUNO,07,LAMPA,08,PUCARA,38158,03,03,1,2,210741003,1.426131,1,,1,1,2,1,QUINUA,2111,1,0,010,0,0,0,1,1,0,0, 
2025,21,PUNO,07,LAMPA,08,PUCARA,38158,03,03,1,2,210741003,1.426131,1,,1,1,3,1,ALFALFA,1401,3,2,000,0,1,0,0,0,0,0, 
2025,21,PUNO,07,LAMPA,08,PUCARA,38159,01,01,1,2,210741004,8.653373,1,,1,1,3,1,QUINUA,2111,1,0,100,0,0,1,1,0,0,0, 
2025,21,PUNO,07,LAMPA,08,PUCARA,38161,01,01,1,2,210741002,36.57788,1,,1,1,4,1,AVENA FORRAJERA,2701,1,2,000,0,1,0,1,0,0,0, 
2025,21,PUNO,07,LAMPA,08,PUCARA,38166,01,01,1,2,210741003,3.690749,1,,1,1,1,1,CAÑIHUA,2103,1,0,250,0,1,0,1,0,0,0, 
2025,21,PUNO,07,LAMPA,08,PUCARA,38166,01,01,1,2,210741003,3.690749,1,,1,1,1,2,AVENA FORRAJERA,2701,1,0,125,0,1,0,1,0,0,0, 
2025,21,PUNO,07,LAMPA,08,PUCARA,38166,02,02,1,2,210741003,2.836775,1,,1,1,2,1,AVENA FORRAJERA,2701,1,1,000,0,1,0,1,0,0,0, 
2025,21,PUNO,07,LAMPA,08,PUCARA,38166,02,02,1,2,210741003,2.836775,1,,1,1,1,1,AVENA FORRAJERA,2701,1,0,500,0,1,0,1,0,0,0, 
2025,21,PUNO,07,LAMPA,08,PUCARA,38166,03,03,1,2,210741003,34.52798,1,,1,1,1,1,QUINUA,2111,1,0,100,0,1,0,1,0,0,0, 
2025,21,PUNO,07,LAMPA,08,PUCARA,38166,03,03,1,2,210741003,34.52798,1,,1,1,1,2,PAPA NATIVA,2615,1,0,025,0,1,0,1,0,0,0, 
2025,21,PUNO,07,LAMPA,08,PUCARA,38166,04,04,1,2,210741003,.0946596,1,,1,1,2,1,AVENA FORRAJERA,2701,1,0,500,0,1,0,1,0,0,0, 
2025,21,PUNO,07,LAMPA,08,PUCARA,38166,04,04,1,2,210741003,.0946596,1,,1,1,1,1,AVENA FORRAJERA,2701,1,0,250,0,1,0,1,0,0,0, 
2025,21,PUNO,07,LAMPA,08,PUCARA,38168,03,03,1,2,210743003,172.1165,1,,1,1,1,1,QUINUA,2111,1,0,080,0,0,0,1,1,0,0, 
2025,21,PUNO,08,MELGAR,01,AYAVIRI,38171,01,01,1,2,210841004,.1604934,1,,1,1,2,1,CAÑIHUA,2103,1,0,250,0,0,0,1,1,0,0, 
2025,21,PUNO,08,MELGAR,01,AYAVIRI,38171,01,01,1,2,210841004,.1604934,1,,1,1,2,2,QUINUA,2111,1,0,250,0,0,0,1,1,0,0, 
2025,21,PUNO,08,MELGAR,01,AYAVIRI,38171,02,02,1,2,210841004,15.14101,1,,1,1,1,1,QUINUA,2111,1,0,500,0,0,0,1,1,0,0, 
2025,21,PUNO,08,MELGAR,01,AYAVIRI,38171,03,03,1,2,210841004,13.9476,1,,1,1,2,1,QUINUA,2111,1,0,100,0,0,0,1,1,0,0, 
2025,21,PUNO,08,MELGAR,01,AYAVIRI,38172,01,01,1,2,210841003,11.46505,1,,1,1,1,1,AVENA FORRAJERA,2701,1,10,000,0,1,0,1,0,0,0, 
2025,21,PUNO,08,MELGAR,01,AYAVIRI,38172,01,01,1,2,210841003,11.46505,1,,1,1,2,1,AVENA FORRAJERA,2701,1,3,000,0,1,0,1,0,0,0, 
2025,21,PUNO,08,MELGAR,01,AYAVIRI,38172,01,01,1,2,210841003,11.46505,1,,1,1,1,2,ALFALFA,1401,3,2,000,0,1,0,1,0,0,0, 
2025,21,PUNO,08,MELGAR,01,AYAVIRI,38172,02,02,1,2,210841003,62.33062,1,,1,1,1,1,AVENA FORRAJERA,2701,1,0,800,0,0,0,1,0,0,0, 
2025,21,PUNO,08,MELGAR,01,AYAVIRI,38172,02,02,1,2,210841003,62.33062,1,,1,1,2,1,PAPA NATIVA,2615,1,1,000,0,1,0,1,0,0,0, 
2025,21,PUNO,08,MELGAR,01,AYAVIRI,38172,02,02,1,2,210841003,62.33062,1,,1,1,1,2,ALFALFA,1401,3,1,300,0,0,0,1,0,0,0, 
2025,21,PUNO,08,MELGAR,01,AYAVIRI,38172,02,02,1,2,210841003,62.33062,1,,1,1,2,2,CAÑIHUA,2103,1,0,508,0,1,0,1,0,0,0, 
2025,21,PUNO,08,MELGAR,01,AYAVIRI,38172,02,02,1,2,210841003,62.33062,1,,1,1,2,3,QUINUA,2111,1,0,500,0,0,1,1,0,0,0, 
2025,21,PUNO,08,MELGAR,01,AYAVIRI,38172,02,02,1,2,210841003,62.33062,1,,1,1,2,4,AVENA FORRAJERA,2701,1,0,700,0,1,0,1,0,0,0, 
2025,21,PUNO,08,MELGAR,01,AYAVIRI,38174,01,01,1,2,210841003,3.005341,1,,1,1,1,1,AVENA FORRAJERA,2701,1,0,200,0,0,0,0,0,0,1, 
2025,21,PUNO,08,MELGAR,01,AYAVIRI,38174,01,01,1,2,210841003,3.005341,1,,1,1,2,1,AVENA FORRAJERA,2701,1,0,350,0,0,0,0,0,0,1, 
2025,21,PUNO,08,MELGAR,01,AYAVIRI,38174,01,01,1,2,210841003,3.005341,1,,1,1,3,1,AVENA FORRAJERA,2701,1,0,500,0,1,0,0,0,0,0, 
2025,21,PUNO,08,MELGAR,01,AYAVIRI,38174,01,01,1,2,210841003,3.005341,1,,1,1,4,1,AVENA FORRAJERA,2701,1,1,500,0,1,0,0,0,0,0, 
2025,21,PUNO,08,MELGAR,01,AYAVIRI,38174,01,01,1,2,210841003,3.005341,1,,1,1,4,2,PAPA NATIVA,2615,1,0,250,0,1,1,1,0,0,0, 
2025,21,PUNO,08,MELGAR,01,AYAVIRI,38174,03,03,1,2,210841003,5.336535,1,,1,1,4,1,ALFALFA,1401,3,1,500,0,1,0,1,0,0,0, 
2025,21,PUNO,08,MELGAR,01,AYAVIRI,38174,05,05,1,2,210841003,23.47378,1,,1,1,1,1,AVENA FORRAJERA,2701,1,0,150,0,1,0,0,0,0,0, 
2025,21,PUNO,08,MELGAR,01,AYAVIRI,38174,06,06,1,2,210841003,15.95668,1,,1,0,1,1,QUINUA,2111,1,0,050,0,0,0,1,0,0,0, 
2025,21,PUNO,08,MELGAR,01,AYAVIRI,38174,06,06,1,2,210841003,15.95668,1,,1,0,2,1,PAPA NATIVA,2615,1,0,250,0,1,0,1,0,0,0, 
2025,21,PUNO,08,MELGAR,01,AYAVIRI,38174,06,06,1,2,210841003,15.95668,1,,1,0,1,2,PAPA NATIVA,2615,1,0,050,0,0,0,1,0,0,0, 
2025,21,PUNO,08,MELGAR,01,AYAVIRI,38174,07,07,1,2,210841003,12.79236,1,,1,1,3,1,QUINUA,2111,1,0,250,0,0,1,1,0,0,0, 
2025,21,PUNO,08,MELGAR,01,AYAVIRI,38176,01,01,1,2,210842004,5.040765,1,,1,1,1,1,CAÑIHUA,2103,1,0,500,0,1,0,1,0,0,0, 
2025,21,PUNO,08,MELGAR,01,AYAVIRI,38176,01,01,1,2,210842004,5.040765,1,,1,1,1,2,PAPA NATIVA,2615,1,0,500,0,1,0,1,1,0,0, 
2025,21,PUNO,08,MELGAR,01,AYAVIRI,38176,02,02,1,2,210842004,26.8884,1,,1,1,1,1,CAÑIHUA,2103,1,0,250,0,1,0,0,1,0,0, 
2025,21,PUNO,08,MELGAR,01,AYAVIRI,38176,02,02,1,2,210842004,26.8884,1,,1,1,1,2,ALFALFA,1401,3,1,000,0,1,0,1,1,0,0, 
2025,21,PUNO,08,MELGAR,01,AYAVIRI,38176,03,03,1,2,210842004,21.86527,1,,1,1,1,1,PAPA NATIVA,2615,1,2,000,0,1,0,1,1,0,0, 
2025,21,PUNO,08,MELGAR,01,AYAVIRI,38176,03,03,1,2,210842004,21.86527,1,,1,1,2,1,AVENA FORRAJERA,2701,1,0,800,0,1,0,1,1,0,0, 
2025,21,PUNO,08,MELGAR,01,AYAVIRI,38176,03,03,1,2,210842004,21.86527,1,,1,1,1,2,QUINUA,2111,1,2,000,0,1,0,1,1,0,0, 
2025,21,PUNO,08,MELGAR,01,AYAVIRI,38178,01,01,1,2,210841003,6.409941,1,,1,1,2,1,AVENA FORRAJERA,2701,1,0,300,0,0,0,1,0,0,0, 
2025,21,PUNO,08,MELGAR,01,AYAVIRI,38178,02,02,1,2,210841003,14.30169,1,,1,1,2,1,CAÑIHUA,2103,1,0,500,0,0,0,1,0,1,0, 
2025,21,PUNO,08,MELGAR,01,AYAVIRI,38178,02,02,1,2,210841003,14.30169,1,,1,1,4,1,PAPA NATIVA,2615,1,1,000,0,0,0,1,0,0,0, 
2025,21,PUNO,08,MELGAR,01,AYAVIRI,38178,02,02,1,2,210841003,14.30169,1,,1,1,4,2,QUINUA,2111,1,0,500,0,0,0,1,0,1,0, 
2025,21,PUNO,08,MELGAR,01,AYAVIRI,38178,03,03,1,2,210841003,141.1655,1,,1,1,2,1,AVENA FORRAJERA,2701,1,0,700,0,1,0,1,0,0,0, 
2025,21,PUNO,08,MELGAR,01,AYAVIRI,38178,03,03,1,2,210841003,141.1655,1,,1,1,2,2,PAPA NATIVA,2615,1,0,105,0,0,0,1,0,0,0, 
2025,21,PUNO,08,MELGAR,01,AYAVIRI,38178,03,03,1,2,210841003,141.1655,1,,1,1,2,3,QUINUA,2111,1,0,125,0,0,1,1,0,0,0, 
2025,21,PUNO,08,MELGAR,01,AYAVIRI,38178,04,04,1,2,210841003,.5380562,1,,1,1,1,1,PAPA NATIVA,2615,1,0,100,0,1,0,1,0,0,0, 
2025,21,PUNO,08,MELGAR,01,AYAVIRI,38178,04,04,1,2,210841003,.5380562,1,,1,1,5,1,QUINUA,2111,1,0,500,0,0,1,1,0,0,0, 
2025,21,PUNO,08,MELGAR,01,AYAVIRI,38178,04,04,1,2,210841003,.5380562,1,,1,1,1,2,AVENA FORRAJERA,2701,1,0,200,0,1,0,0,0,0,0, 
2025,21,PUNO,08,MELGAR,01,AYAVIRI,38178,05,05,1,2,210841003,15.97816,1,,1,1,4,1,PAPA NATIVA,2615,1,0,280,0,0,0,1,0,0,0, 
2025,21,PUNO,08,MELGAR,01,AYAVIRI,38178,05,05,1,2,210841003,15.97816,1,,1,1,5,1,AVENA FORRAJERA,2701,1,3,000,0,1,0,1,0,0,0, 
2025,21,PUNO,08,MELGAR,02,ANTAUTA,38180,01,01,1,2,210852002,72.2169,1,,1,1,1,1,ALFALFA,1401,3,0,350,0,1,0,0,0,0,0, 
2025,21,PUNO,08,MELGAR,02,ANTAUTA,38180,01,01,1,2,210852002,72.2169,1,,1,1,3,1,QUINUA,2111,1,0,125,0,1,0,0,0,0,0, 
2025,21,PUNO,08,MELGAR,02,ANTAUTA,38180,01,01,1,2,210852002,72.2169,1,,1,1,3,2,AVENA FORRAJERA,2701,1,0,500,0,1,0,0,0,0,0, 
2025,21,PUNO,08,MELGAR,02,ANTAUTA,38180,01,01,1,2,210852002,72.2169,1,,1,1,3,3,CAÑIHUA,2103,1,0,125,0,1,0,0,0,0,0, 
2025,21,PUNO,08,MELGAR,02,ANTAUTA,38180,01,01,1,2,210852002,72.2169,1,,1,1,3,4,PAPA NATIVA,2615,1,0,125,0,1,0,0,0,0,0, 
2025,21,PUNO,08,MELGAR,02,ANTAUTA,38180,02,02,1,2,210852002,174.3182,1,,1,1,1,1,ALFALFA,1401,3,2,294,0,1,0,0,0,0,0, 
2025,21,PUNO,08,MELGAR,03,CUPI,38181,01,01,1,2,210841003,175.963,1,,1,1,6,1,PAPA NATIVA,2615,1,1,000,0,1,0,1,1,0,0, 
2025,21,PUNO,08,MELGAR,03,CUPI,38181,01,01,1,2,210841003,175.963,1,,1,1,3,1,AVENA FORRAJERA,2701,1,3,000,0,1,0,1,1,0,0, 
2025,21,PUNO,08,MELGAR,03,CUPI,38181,01,01,1,2,210841003,175.963,1,,1,1,3,2,ALFALFA,1401,3,2,000,0,1,0,1,1,0,0, 
2025,21,PUNO,08,MELGAR,03,CUPI,38181,01,01,1,2,210841003,175.963,1,,1,1,3,3,CEBADA FORRAJERA,2703,1,0,500,0,1,0,1,1,0,0, 
2025,21,PUNO,08,MELGAR,03,CUPI,38181,01,01,1,2,210841003,175.963,1,,1,1,3,4,PAPA NATIVA,2615,1,0,500,0,1,0,1,1,0,0, 
2025,21,PUNO,08,MELGAR,03,CUPI,38181,02,02,1,2,210841003,37.38186,1,,1,1,3,1,QUINUA,2111,1,0,200,0,1,0,1,1,0,0, 
2025,21,PUNO,08,MELGAR,03,CUPI,38181,02,02,1,2,210841003,37.38186,1,,1,1,3,2,PAPA NATIVA,2615,1,0,150,0,1,0,1,1,0,0, 
2025,21,PUNO,08,MELGAR,03,CUPI,38182,01,01,1,2,210852004,18.04651,1,,1,1,1,1,PAPA NATIVA,2615,1,0,200,0,0,0,1,1,0,0, 
2025,21,PUNO,08,MELGAR,03,CUPI,38182,01,01,1,2,210852004,18.04651,1,,1,1,1,2,QUINUA,2111,1,0,150,0,0,1,1,1,0,0, 
2025,21,PUNO,08,MELGAR,03,CUPI,38182,01,01,1,2,210852004,18.04651,1,,1,1,1,3,CAÑIHUA,2103,1,0,150,0,0,1,1,1,0,0, 
2025,21,PUNO,08,MELGAR,03,CUPI,38182,02,02,1,2,210852004,7.199525,1,,1,1,1,1,QUINUA,2111,1,0,150,0,0,0,1,1,0,0, 
2025,21,PUNO,08,MELGAR,03,CUPI,38182,02,02,1,2,210852004,7.199525,1,,1,1,1,2,CAÑIHUA,2103,1,0,100,0,0,0,1,1,0,0, 
2025,21,PUNO,08,MELGAR,03,CUPI,38182,02,02,1,2,210852004,7.199525,1,,1,1,1,3,PAPA NATIVA,2615,1,0,250,0,0,0,1,1,0,0, 
2025,21,PUNO,08,MELGAR,03,CUPI,38182,03,03,1,2,210852004,.0009085,1,,1,1,1,1,QUINUA,2111,1,0,100,0,0,0,1,1,0,0, 
2025,21,PUNO,08,MELGAR,03,CUPI,38182,03,03,1,2,210852004,.0009085,1,,1,1,1,2,RYE GRASS,1476,3,0,100,0,0,0,1,1,0,0, 
2025,21,PUNO,08,MELGAR,03,CUPI,38182,06,06,1,2,210852004,.2778568,1,,1,1,4,1,PAPA NATIVA,2615,1,1,000,0,1,0,1,1,0,0, 
2025,21,PUNO,08,MELGAR,03,CUPI,38182,06,06,1,2,210852004,.2778568,1,,1,1,4,2,MASHUA,2606,1,0,125,0,1,0,1,1,0,0, 
2025,21,PUNO,08,MELGAR,03,CUPI,38182,06,06,1,2,210852004,.2778568,1,,1,1,4,3,QUINUA,2111,1,0,500,0,1,1,1,1,0,0, 
2025,21,PUNO,08,MELGAR,03,CUPI,38182,06,06,1,2,210852004,.2778568,1,,1,1,4,4,CAÑIHUA,2103,1,0,500,0,1,1,1,1,0,0, 
2025,21,PUNO,08,MELGAR,04,LLALLI,38183,01,01,1,2,210843003,6.11602,1,,1,1,2,1,PAPA NATIVA,2615,1,0,150,0,0,0,1,1,0,0, 
2025,21,PUNO,08,MELGAR,04,LLALLI,38183,01,01,1,2,210843003,6.11602,1,,1,1,2,2,OLLUCO,2609,1,0,050,0,1,0,1,1,0,0, 
2025,21,PUNO,08,MELGAR,04,LLALLI,38183,01,01,1,2,210843003,6.11602,1,,1,1,2,3,OCA,2608,1,0,050,0,1,0,1,1,0,0, 
2025,21,PUNO,08,MELGAR,04,LLALLI,38183,01,01,1,2,210843003,6.11602,1,,1,1,2,4,CAÑIHUA,2103,1,0,050,0,1,0,1,1,0,0, 
2025,21,PUNO,08,MELGAR,04,LLALLI,38183,03,03,1,2,210843003,12.05331,1,,1,1,2,1,PAPA NATIVA,2615,1,0,020,0,0,0,1,1,0,0, 
2025,21,PUNO,08,MELGAR,04,LLALLI,38184,02,02,1,2,210843003,.1154506,1,,1,1,1,1,PAPA NATIVA,2615,1,0,020,0,0,0,1,1,0,0, 
2025,21,PUNO,08,MELGAR,04,LLALLI,38184,04,04,1,2,210843003,.2894964,1,,1,1,6,1,PAPA NATIVA,2615,1,0,250,0,0,0,1,1,0,0, 
2025,21,PUNO,08,MELGAR,04,LLALLI,38184,04,04,1,2,210843003,.2894964,1,,1,1,6,2,OCA,2608,1,0,100,0,1,0,1,1,0,0, 
2025,21,PUNO,08,MELGAR,04,LLALLI,38184,04,04,1,2,210843003,.2894964,1,,1,1,6,3,QUINUA,2111,1,0,250,0,1,0,1,1,0,0, 
2025,21,PUNO,08,MELGAR,04,LLALLI,38184,04,04,1,2,210843003,.2894964,1,,1,1,6,4,CAÑIHUA,2103,1,0,100,0,1,0,1,1,0,0, 
2025,21,PUNO,08,MELGAR,04,LLALLI,38186,01,01,1,2,210851003,4.470504,1,,1,1,3,1,QUINUA,2111,1,0,050,0,0,1,0,1,0,0, 
2025,21,PUNO,08,MELGAR,04,LLALLI,38186,02,02,1,2,210851003,11.36216,1,,1,1,3,1,QUINUA,2111,1,0,030,0,0,1,0,1,0,0, 
2025,21,PUNO,08,MELGAR,04,LLALLI,38187,03,03,1,2,210841003,4.774291,1,,1,1,6,1,QUINUA,2111,1,0,025,0,0,1,0,0,0,0, 
2025,21,PUNO,08,MELGAR,04,LLALLI,38188,01,01,1,2,210851004,.113612,1,,1,1,4,1,CAÑIHUA,2103,1,0,250,0,1,1,1,1,0,0, 
2025,21,PUNO,08,MELGAR,04,LLALLI,38188,02,02,1,2,210851004,.158469,1,,1,1,4,1,QUINUA,2111,1,0,070,0,0,1,1,1,0,0, 
2025,21,PUNO,08,MELGAR,04,LLALLI,38188,02,02,1,2,210851004,.158469,1,,1,1,4,2,CAÑIHUA,2103,1,0,070,0,0,1,1,1,0,0, 
2025,21,PUNO,08,MELGAR,04,LLALLI,38188,03,03,1,2,210851004,.205612,1,,1,1,3,1,PAPA HUAYRO,2614,1,0,100,0,0,0,1,0,0,0, 
2025,21,PUNO,08,MELGAR,05,MACARI,38191,01,01,1,2,210842003,16.68681,1,,1,1,3,1,PAPA NATIVA,2615,1,0,150,0,1,0,1,0,0,0, 
2025,21,PUNO,08,MELGAR,05,MACARI,38191,01,01,1,2,210842003,16.68681,1,,1,1,3,2,PAPA AMARGA,2610,1,0,050,0,1,0,1,0,0,0, 
2025,21,PUNO,08,MELGAR,05,MACARI,38191,01,01,1,2,210842003,16.68681,1,,1,1,3,3,AVENA FORRAJERA,2701,1,0,050,0,1,0,1,0,0,0, 
2025,21,PUNO,08,MELGAR,07,ORURILLO,38195,01,01,1,2,210843002,168.3124,1,,1,1,3,1,PAPA NATIVA,2615,1,0,500,0,0,1,1,1,0,0, 
2025,21,PUNO,08,MELGAR,07,ORURILLO,38197,01,01,1,2,210853002,252.7343,1,,1,1,3,1,PAPA NATIVA,2615,1,0,050,0,0,1,1,1,0,0, 
2025,21,PUNO,08,MELGAR,07,ORURILLO,38197,01,01,1,2,210853002,252.7343,1,,1,1,3,2,CEBADA GRANO,2104,1,0,080,0,0,0,1,1,0,0, 
2025,21,PUNO,08,MELGAR,07,ORURILLO,38197,01,01,1,2,210853002,252.7343,1,,1,1,3,3,AVENA FORRAJERA,2701,1,0,400,0,0,0,1,1,0,0, 
2025,21,PUNO,08,MELGAR,07,ORURILLO,38197,02,02,1,2,210853002,33.53124,1,,1,1,5,1,PAPA NATIVA,2615,1,0,250,0,0,1,1,1,0,0, 
2025,21,PUNO,08,MELGAR,07,ORURILLO,38197,02,02,1,2,210853002,33.53124,1,,1,1,5,2,AVENA FORRAJERA,2701,1,0,250,0,0,0,1,1,0,0, 
2025,21,PUNO,08,MELGAR,07,ORURILLO,38198,01,01,1,2,210841003,11.91043,1,,1,1,2,1,CAÑIHUA,2103,1,0,020,0,1,1,1,1,0,0, 
2025,21,PUNO,08,MELGAR,07,ORURILLO,38198,01,01,1,2,210841003,11.91043,1,,1,1,2,2,PAPA NATIVA,2615,1,0,180,0,1,1,1,1,0,0, 
2025,21,PUNO,08,MELGAR,07,ORURILLO,38198,01,01,1,2,210841003,11.91043,1,,1,1,2,3,PAPA AMARGA,2610,1,0,060,0,1,1,1,1,0,0, 
2025,21,PUNO,08,MELGAR,07,ORURILLO,38198,01,01,1,2,210841003,11.91043,1,,1,1,2,4,AVENA FORRAJERA,2701,1,0,080,0,1,0,1,1,0,0, 
2025,21,PUNO,08,MELGAR,07,ORURILLO,38198,02,02,1,2,210841003,11.9177,1,,1,1,1,1,AVENA FORRAJERA,2701,1,0,462,0,0,0,1,1,0,0, 
2025,21,PUNO,08,MELGAR,07,ORURILLO,38198,02,02,1,2,210841003,11.9177,1,,1,1,2,1,AVENA FORRAJERA,2701,1,0,500,0,0,0,1,1,0,0, 
2025,21,PUNO,08,MELGAR,07,ORURILLO,38198,02,02,1,2,210841003,11.9177,1,,1,1,2,2,CAÑIHUA,2103,1,0,050,0,0,1,1,1,0,0, 
2025,21,PUNO,08,MELGAR,07,ORURILLO,38198,02,02,1,2,210841003,11.9177,1,,1,1,2,3,PAPA NATIVA,2615,1,0,120,0,0,1,1,1,0,0, 
2025,21,PUNO,08,MELGAR,07,ORURILLO,38198,02,02,1,2,210841003,11.9177,1,,1,1,2,4,QUINUA,2111,1,0,050,0,0,1,1,1,0,0, 
2025,21,PUNO,08,MELGAR,07,ORURILLO,38198,03,03,1,2,210841003,13.25368,1,,1,1,1,1,AVENA FORRAJERA,2701,1,0,282,0,1,0,1,1,0,0, 
2025,21,PUNO,08,MELGAR,07,ORURILLO,38198,03,03,1,2,210841003,13.25368,1,,1,1,2,1,AVENA FORRAJERA,2701,1,0,250,0,1,0,1,1,0,0, 
2025,21,PUNO,08,MELGAR,07,ORURILLO,38198,03,03,1,2,210841003,13.25368,1,,1,1,2,2,PAPA NATIVA,2615,1,0,250,0,1,1,1,1,0,0, 
2025,21,PUNO,08,MELGAR,07,ORURILLO,38198,04,04,1,2,210841003,23.74241,1,,1,1,4,1,PAPA NATIVA,2615,1,0,030,0,1,1,1,0,0,0, 
2025,21,PUNO,08,MELGAR,07,ORURILLO,38198,04,04,1,2,210841003,23.74241,1,,1,1,3,1,PAPA NATIVA,2615,1,0,020,0,1,1,1,0,0,0, 
2025,21,PUNO,08,MELGAR,07,ORURILLO,38198,05,05,1,2,210841003,23.42225,1,,1,1,3,1,PAPA NATIVA,2615,1,0,030,0,1,1,1,1,0,0, 
2025,21,PUNO,08,MELGAR,07,ORURILLO,38198,05,05,1,2,210841003,23.42225,1,,1,1,2,1,AVENA FORRAJERA,2701,1,0,160,0,0,0,1,1,0,0, 
2025,21,PUNO,08,MELGAR,07,ORURILLO,38198,05,05,1,2,210841003,23.42225,1,,1,1,3,2,AVENA FORRAJERA,2701,1,0,180,0,1,0,1,1,0,0, 
2025,21,PUNO,08,MELGAR,07,ORURILLO,38198,05,05,1,2,210841003,23.42225,1,,1,1,2,2,PAPA NATIVA,2615,1,0,050,0,1,1,1,1,0,0, 
2025,21,PUNO,08,MELGAR,07,ORURILLO,38198,06,06,1,2,210841003,1.033812,1,,1,1,4,1,PAPA NATIVA,2615,1,0,250,0,0,1,1,1,0,0, 
2025,21,PUNO,08,MELGAR,07,ORURILLO,38198,06,06,1,2,210841003,1.033812,1,,1,1,1,1,AVENA FORRAJERA,2701,1,0,166,0,1,0,1,0,0,0, 
2025,21,PUNO,08,MELGAR,07,ORURILLO,38198,07,07,1,2,210841003,14.10935,1,,1,1,2,1,PAPA AMARGA,2610,1,0,090,0,1,1,1,1,0,0, 
2025,21,PUNO,08,MELGAR,07,ORURILLO,38198,08,08,1,2,210841003,21.60901,1,,1,1,1,1,AVENA FORRAJERA,2701,1,1,682,0,1,0,1,1,0,0, 
2025,21,PUNO,08,MELGAR,07,ORURILLO,38198,08,08,1,2,210841003,21.60901,1,,1,1,2,1,AVENA FORRAJERA,2701,1,0,200,0,1,0,1,1,0,0, 
2025,21,PUNO,08,MELGAR,07,ORURILLO,38199,01,01,1,2,210853003,96.32164,1,,1,1,6,1,ALFALFA,1401,3,0,500,0,1,0,0,0,0,0, 
2025,21,PUNO,08,MELGAR,07,ORURILLO,38199,01,01,1,2,210853003,96.32164,1,,1,1,4,1,ALFALFA,1401,3,1,000,0,1,0,0,0,0,0, 
2025,21,PUNO,08,MELGAR,07,ORURILLO,38200,02,02,1,2,210841003,24.89222,1,,1,1,2,1,PAPA NATIVA,2615,1,0,200,0,0,0,1,1,0,0, 
2025,21,PUNO,08,MELGAR,07,ORURILLO,38200,06,06,1,2,210841003,2.92654,1,,1,1,2,1,CAÑIHUA,2103,1,0,100,0,0,0,1,1,0,0, 
2025,21,PUNO,08,MELGAR,07,ORURILLO,38202,02,02,1,2,210843004,83.64664,1,,1,1,1,1,QUINUA,2111,1,0,025,0,1,0,1,1,0,0, 
2025,21,PUNO,08,MELGAR,07,ORURILLO,38202,02,02,1,2,210843004,83.64664,1,,1,1,1,2,OCA,2608,1,0,010,0,1,0,1,1,0,0, 
2025,21,PUNO,08,MELGAR,07,ORURILLO,38202,02,02,1,2,210843004,83.64664,1,,1,1,1,3,MASHUA,2606,1,0,010,0,1,0,1,1,0,0, 
2025,21,PUNO,08,MELGAR,07,ORURILLO,38202,02,02,1,2,210843004,83.64664,1,,1,1,1,4,CAÑIHUA,2103,1,0,020,0,1,0,1,1,0,0, 
2025,21,PUNO,08,MELGAR,07,ORURILLO,38202,03,03,1,2,210843004,16.67597,1,,1,1,1,1,CAÑIHUA,2103,1,0,128,0,1,0,1,1,0,0, 
2025,21,PUNO,08,MELGAR,07,ORURILLO,38202,03,03,1,2,210843004,16.67597,1,,1,1,4,1,CAÑIHUA,2103,1,0,250,0,1,0,1,1,0,0, 
2025,21,PUNO,08,MELGAR,07,ORURILLO,38203,01,01,1,2,210842002,183.28,1,,1,1,2,1,OCA,2608,1,0,010,0,1,0,1,1,0,0, 
2025,21,PUNO,08,MELGAR,07,ORURILLO,38203,01,01,1,2,210842002,183.28,1,,1,1,2,2,MASHUA,2606,1,0,010,0,1,0,1,1,0,0, 
2025,21,PUNO,08,MELGAR,07,ORURILLO,38203,01,01,1,2,210842002,183.28,1,,1,1,2,3,OLLUCO,2609,1,0,010,0,0,0,1,1,0,0, 
2025,21,PUNO,08,MELGAR,08,SANTA ROSA,38207,02,02,1,2,210843003,4.67916,1,,1,1,2,1,CAÑIHUA,2103,1,0,050,0,1,0,1,1,0,0, 
2025,21,PUNO,08,MELGAR,08,SANTA ROSA,38208,01,01,1,2,210853003,34.8891,1,,1,1,3,1,QUINUA,2111,1,1,000,0,0,0,1,1,0,0, 
2025,21,PUNO,08,MELGAR,08,SANTA ROSA,38208,01,01,1,2,210853003,34.8891,1,,1,1,3,2,CAÑIHUA,2103,1,1,000,0,1,0,1,1,0,0, 
2025,21,PUNO,08,MELGAR,08,SANTA ROSA,38209,01,01,1,2,210843004,121.4935,1,,1,1,2,1,QUINUA,2111,1,0,200,0,0,1,1,1,0,0, 
2025,21,PUNO,08,MELGAR,08,SANTA ROSA,38209,01,01,1,2,210843004,121.4935,1,,1,1,2,2,CAÑIHUA,2103,1,0,100,0,0,1,1,1,0,0, 
2025,21,PUNO,08,MELGAR,08,SANTA ROSA,38209,01,01,1,2,210843004,121.4935,1,,1,1,2,3,OLLUCO,2609,1,0,050,0,0,1,1,1,0,0, 
2025,21,PUNO,08,MELGAR,08,SANTA ROSA,38209,01,01,1,2,210843004,121.4935,1,,1,1,2,4,MASHUA,2606,1,0,050,0,0,1,1,1,0,0, 
2025,21,PUNO,08,MELGAR,08,SANTA ROSA,38209,01,01,1,2,210843004,121.4935,1,,1,1,2,5,PAPA NATIVA,2615,1,0,100,0,0,1,1,1,0,0, 
2025,21,PUNO,08,MELGAR,08,SANTA ROSA,38209,02,02,1,2,210843004,31.92566,1,,1,1,2,1,PAPA NATIVA,2615,1,0,300,0,0,1,1,1,0,0, 
2025,21,PUNO,08,MELGAR,08,SANTA ROSA,38209,02,02,1,2,210843004,31.92566,1,,1,1,2,2,QUINUA,2111,1,0,500,0,0,1,1,1,0,0, 
2025,21,PUNO,08,MELGAR,08,SANTA ROSA,38209,02,02,1,2,210843004,31.92566,1,,1,1,2,3,CAÑIHUA,2103,1,0,200,0,0,0,1,1,0,0, 
2025,21,PUNO,08,MELGAR,08,SANTA ROSA,38209,02,02,1,2,210843004,31.92566,1,,1,1,2,4,AVENA FORRAJERA,2701,1,4,000,0,1,0,1,1,0,0, 
2025,21,PUNO,08,MELGAR,08,SANTA ROSA,38210,01,01,1,2,210843003,321.133,1,,1,1,3,1,PAPA NATIVA,2615,1,0,200,0,1,0,1,1,0,0, 
2025,21,PUNO,08,MELGAR,08,SANTA ROSA,38210,02,02,1,2,210843003,7.049071,1,,1,1,2,1,CAÑIHUA,2103,1,0,005,0,1,0,1,0,0,0, 
2025,21,PUNO,08,MELGAR,09,UMACHIRI,38213,02,02,1,2,210842003,28.0707,1,,1,1,1,1,AVENA FORRAJERA,2701,1,2,000,0,0,1,1,0,0,0, 
2025,21,PUNO,08,MELGAR,09,UMACHIRI,38213,02,02,1,2,210842003,28.0707,1,,1,1,1,2,ALFALFA,1401,3,2,000,0,1,1,1,0,0,0, 
2025,21,PUNO,09,MOHO,01,MOHO,38216,01,01,1,2,210943003,27.16228,1,,1,1,3,1,HABA,2942,1,200,000,0,0,0,1,1,0,0, 
2025,21,PUNO,09,MOHO,01,MOHO,38216,01,01,1,2,210943003,27.16228,1,,1,1,6,1,HABA,2942,1,200,000,0,0,0,1,1,0,0, 
2025,21,PUNO,09,MOHO,01,MOHO,38216,02,02,1,2,210943003,73.80373,1,,1,1,4,1,HABA,2942,1,200,000,0,0,0,1,1,0,0, 
2025,21,PUNO,09,MOHO,01,MOHO,38216,02,02,1,2,210943003,73.80373,1,,1,1,10,1,CAÑIHUA,2103,1,300,000,0,0,0,1,1,0,0, 
2025,21,PUNO,09,MOHO,01,MOHO,38216,02,02,1,2,210943003,73.80373,1,,1,1,5,1,HABA,2942,1,300,000,0,0,0,1,1,0,0, 
2025,21,PUNO,09,MOHO,01,MOHO,38216,03,03,1,2,210943003,40.79627,1,,1,1,6,1,PAPA NATIVA,2615,1,200,000,0,1,0,1,1,0,0, 
2025,21,PUNO,09,MOHO,01,MOHO,38216,04,04,1,2,210943003,92.44993,1,,1,1,4,1,HABA,2942,1,500,000,0,1,0,1,1,0,0, 
2025,21,PUNO,09,MOHO,01,MOHO,38216,04,04,1,2,210943003,92.44993,1,,1,1,2,1,HABA,2942,1,80,000,0,1,0,1,1,0,0, 
2025,21,PUNO,09,MOHO,01,MOHO,38216,04,04,1,2,210943003,92.44993,1,,1,1,6,1,HABA,2942,1,200,000,0,1,0,1,1,0,0, 
2025,21,PUNO,09,MOHO,01,MOHO,38216,05,05,1,2,210943003,20.89426,1,,1,1,7,1,HABA,2942,1,300,000,0,0,0,1,1,0,0, 
2025,21,PUNO,09,MOHO,01,MOHO,38216,05,05,1,2,210943003,20.89426,1,,1,1,20,1,AVENA GRANO,2102,1,200,000,0,0,0,0,1,0,0, 
2025,21,PUNO,09,MOHO,01,MOHO,38216,05,05,1,2,210943003,20.89426,1,,1,1,17,1,HABA,2942,1,400,000,0,0,0,0,1,0,0, 
2025,21,PUNO,09,MOHO,01,MOHO,38216,05,05,1,2,210943003,20.89426,1,,1,1,13,1,HABA,2942,1,200,000,0,0,0,1,1,0,0, 
2025,21,PUNO,09,MOHO,01,MOHO,38216,05,05,1,2,210943003,20.89426,1,,1,1,18,1,CEBADA GRANO,2104,1,600,000,0,0,0,0,1,0,0, 
2025,21,PUNO,09,MOHO,01,MOHO,38216,07,07,1,2,210943003,47.48463,1,,1,1,7,1,HABA,2942,1,100,000,0,0,0,0,1,0,0, 
2025,21,PUNO,09,MOHO,01,MOHO,38216,08,08,1,2,210943003,21.46713,1,,1,1,12,1,HABA,2942,1,350,000,0,1,0,1,1,0,0, 
2025,21,PUNO,09,MOHO,01,MOHO,38216,08,08,1,2,210943003,21.46713,1,,1,1,14,1,HABA,2942,1,400,000,1,0,0,1,0,0,0, 
2025,21,PUNO,09,MOHO,01,MOHO,38216,08,08,1,2,210943003,21.46713,1,,1,1,13,1,HABA,2942,1,200,000,0,1,0,1,1,0,0, 
2025,21,PUNO,09,MOHO,01,MOHO,38216,09,09,1,2,210943003,24.30234,1,,1,1,5,1,HABA,2942,1,100,000,0,0,0,1,1,0,0, 
2025,21,PUNO,09,MOHO,01,MOHO,38216,09,09,1,2,210943003,24.30234,1,,1,1,3,1,HABA,2942,1,200,000,0,0,1,1,1,0,0, 
2025,21,PUNO,09,MOHO,01,MOHO,38216,10,10,1,2,210943003,212.6958,1,,1,1,7,1,QUINUA,2111,1,200,000,0,0,0,1,1,0,0, 
2025,21,PUNO,09,MOHO,01,MOHO,38216,10,10,1,2,210943003,212.6958,1,,1,1,4,1,HABA,2942,1,500,000,0,1,0,1,1,0,0, 
2025,21,PUNO,09,MOHO,01,MOHO,38216,10,10,1,2,210943003,212.6958,1,,1,1,3,1,PAPA NATIVA,2615,1,250,000,0,1,1,1,1,0,0, 
2025,21,PUNO,09,MOHO,01,MOHO,38216,10,10,1,2,210943003,212.6958,1,,1,1,3,2,PAPA BLANCA,2612,1,250,000,0,1,1,1,1,0,0, 
2025,21,PUNO,09,MOHO,01,MOHO,38216,10,10,1,2,210943003,212.6958,1,,1,1,7,2,OCA,2608,1,300,000,0,0,1,1,1,0,0, 
2025,21,PUNO,09,MOHO,01,MOHO,38217,04,04,1,2,210943003,22.22101,1,,1,1,6,1,PAPA NATIVA,2615,1,0,120,0,0,0,0,0,0,1, 
2025,21,PUNO,09,MOHO,01,MOHO,38217,05,05,1,2,210943003,5.705699,1,,1,1,2,1,HABA,2942,1,0,030,0,0,1,0,0,0,0, 
2025,21,PUNO,09,MOHO,01,MOHO,38218,02,02,1,2,210943003,.4092775,1,,1,1,12,1,QUINUA,2111,1,0,020,0,0,1,1,1,0,0, 
2025,21,PUNO,09,MOHO,01,MOHO,38218,03,03,1,2,210943003,165.5659,1,,1,1,23,1,QUINUA,2111,1,0,030,0,0,1,1,1,0,0, 
2025,21,PUNO,09,MOHO,01,MOHO,38218,03,03,1,2,210943003,165.5659,1,,1,1,24,1,CAÑIHUA,2103,1,0,020,0,0,1,1,1,0,0, 
2025,21,PUNO,09,MOHO,01,MOHO,38218,04,04,1,2,210943003,9.445659,1,,1,1,10,1,QUINUA,2111,1,0,020,0,0,1,1,1,0,0, 
2025,21,PUNO,09,MOHO,01,MOHO,38218,05,05,1,2,210943003,88.4218,1,,1,1,12,1,QUINUA,2111,1,0,020,0,0,1,1,1,0,0, 
2025,21,PUNO,09,MOHO,01,MOHO,38218,05,05,1,2,210943003,88.4218,1,,1,1,5,1,CAÑIHUA,2103,1,0,010,0,0,1,1,1,0,0, 
2025,21,PUNO,09,MOHO,01,MOHO,38219,01,01,1,2,210942003,576.8924,1,,1,1,4,1,CEBADA GRANO,2104,1,0,030,0,1,0,1,1,0,0, 
2025,21,PUNO,09,MOHO,01,MOHO,38219,01,01,1,2,210942003,576.8924,1,,1,1,6,1,HABA,2942,1,0,010,0,1,0,1,1,0,0, 
2025,21,PUNO,09,MOHO,01,MOHO,38219,01,01,1,2,210942003,576.8924,1,,1,1,5,1,AVENA FORRAJERA,2701,1,0,050,0,1,0,1,1,0,0, 
2025,21,PUNO,09,MOHO,01,MOHO,38219,03,03,1,2,210942003,358.103,1,,1,1,6,1,AVENA FORRAJERA,2701,1,0,030,0,1,0,1,1,0,0, 
2025,21,PUNO,09,MOHO,01,MOHO,38219,03,03,1,2,210942003,358.103,1,,1,1,4,1,HABA,2942,1,0,030,0,1,0,1,1,0,0, 
2025,21,PUNO,09,MOHO,01,MOHO,38219,03,03,1,2,210942003,358.103,1,,1,1,5,1,AVENA FORRAJERA,2701,1,0,030,0,1,0,1,1,0,0, 
2025,21,PUNO,09,MOHO,01,MOHO,38219,03,03,1,2,210942003,358.103,1,,1,1,8,1,MAIZ CHOCLO,2109,1,0,025,0,1,0,1,1,0,0, 
2025,21,PUNO,09,MOHO,01,MOHO,38219,03,03,1,2,210942003,358.103,1,,1,1,2,1,HABA,2942,1,0,005,0,1,0,1,1,0,0, 
2025,21,PUNO,09,MOHO,01,MOHO,38219,03,03,1,2,210942003,358.103,1,,1,1,3,1,HABA,2942,1,0,300,0,1,0,1,1,0,0, 
2025,21,PUNO,09,MOHO,01,MOHO,38219,03,03,1,2,210942003,358.103,1,,1,1,2,2,PAPA NATIVA,2615,1,0,010,0,1,0,1,1,0,0, 
2025,21,PUNO,09,MOHO,01,MOHO,38219,04,04,1,2,210942003,89.63755,1,,1,1,5,1,PAPA NATIVA,2615,1,0,008,0,1,0,1,1,0,0, 
2025,21,PUNO,09,MOHO,01,MOHO,38219,04,04,1,2,210942003,89.63755,1,,1,1,10,1,HABA,2942,1,0,050,0,1,0,1,1,0,0, 
2025,21,PUNO,09,MOHO,01,MOHO,38219,04,04,1,2,210942003,89.63755,1,,1,1,2,1,HABA,2942,1,0,010,0,1,0,1,1,0,0, 
2025,21,PUNO,09,MOHO,01,MOHO,38219,04,04,1,2,210942003,89.63755,1,,1,1,11,1,OCA,2608,1,0,030,0,1,0,1,1,0,0, 
2025,21,PUNO,09,MOHO,01,MOHO,38219,04,04,1,2,210942003,89.63755,1,,1,1,8,1,HABA,2942,1,0,030,0,1,0,1,1,0,0, 
2025,21,PUNO,09,MOHO,01,MOHO,38219,04,04,1,2,210942003,89.63755,1,,1,1,9,1,HABA,2942,1,0,020,0,1,0,1,1,0,0, 
2025,21,PUNO,09,MOHO,01,MOHO,38219,04,04,1,2,210942003,89.63755,1,,1,1,10,2,CEBADA GRANO,2104,1,0,050,0,1,0,1,1,0,0, 
2025,21,PUNO,09,MOHO,01,MOHO,38219,04,04,1,2,210942003,89.63755,1,,1,1,11,2,PAPA NATIVA,2615,1,0,030,0,1,0,1,1,0,0, 
2025,21,PUNO,09,MOHO,01,MOHO,38219,04,04,1,2,210942003,89.63755,1,,1,1,5,2,HABA,2942,1,0,007,0,1,0,1,1,0,0, 
2025,21,PUNO,09,MOHO,01,MOHO,38219,05,05,1,2,210942003,82.41093,1,,1,1,2,1,PAPA NATIVA,2615,1,0,020,0,1,0,1,1,0,0, 
2025,21,PUNO,09,MOHO,01,MOHO,38219,05,05,1,2,210942003,82.41093,1,,1,1,3,1,PAPA NATIVA,2615,1,0,020,0,1,0,1,1,0,0, 
2025,21,PUNO,09,MOHO,01,MOHO,38219,05,05,1,2,210942003,82.41093,1,,1,1,4,1,PAPA NATIVA,2615,1,0,020,0,1,0,1,1,0,0, 
2025,21,PUNO,09,MOHO,01,MOHO,38219,07,07,1,2,210942003,329.619,1,,1,1,9,1,MAIZ CHOCLO,2109,1,0,010,0,1,0,1,1,0,0, 
2025,21,PUNO,09,MOHO,01,MOHO,38219,07,07,1,2,210942003,329.619,1,,1,1,5,1,MAIZ CHOCLO,2109,1,0,010,0,1,0,1,1,0,0, 
2025,21,PUNO,09,MOHO,01,MOHO,38219,07,07,1,2,210942003,329.619,1,,1,1,3,1,HABA,2942,1,0,020,0,1,0,1,1,0,0, 
2025,21,PUNO,09,MOHO,01,MOHO,38219,07,07,1,2,210942003,329.619,1,,1,1,2,1,PAPA NATIVA,2615,1,0,010,0,1,0,1,1,0,0, 
2025,21,PUNO,09,MOHO,01,MOHO,38219,08,08,1,2,210942003,110.7157,1,,1,0,3,1,HABA,2942,1,0,010,0,1,0,1,1,0,0, 
2025,21,PUNO,09,MOHO,01,MOHO,38220,01,01,1,2,210942003,1006.294,1,,1,1,6,1,PAPA NATIVA,2615,1,0,060,0,1,0,0,1,0,0, 
2025,21,PUNO,09,MOHO,01,MOHO,38220,02,02,1,2,210942003,1074.424,1,,1,1,3,1,PAPA NATIVA,2615,1,0,030,0,1,0,1,1,0,0, 
2025,21,PUNO,09,MOHO,01,MOHO,38220,04,04,1,2,210942003,28.17354,1,,1,1,7,1,HABA,2942,1,0,020,1,1,0,0,0,0,0, 
2025,21,PUNO,09,MOHO,01,MOHO,38220,04,04,1,2,210942003,28.17354,1,,1,1,3,1,PAPA NATIVA,2615,1,0,050,1,1,0,1,0,0,0, 
2025,21,PUNO,09,MOHO,01,MOHO,38220,04,04,1,2,210942003,28.17354,1,,1,1,6,1,HABA,2942,1,0,020,0,1,1,0,0,0,0, 
2025,21,PUNO,09,MOHO,01,MOHO,38220,04,04,1,2,210942003,28.17354,1,,1,1,2,1,PAPA NATIVA,2615,1,0,250,1,1,1,0,0,0,0, 
2025,21,PUNO,09,MOHO,01,MOHO,38221,04,04,1,2,210943003,25.49041,1,,1,1,4,1,AVENA FORRAJERA,2701,1,0,500,0,1,0,1,1,0,1, 
2025,21,PUNO,09,MOHO,01,MOHO,38224,03,03,1,2,210943004,.1988871,1,,1,1,8,1,CAÑIHUA,2103,1,1000,000,0,1,0,1,1,0,0, 
2025,21,PUNO,09,MOHO,01,MOHO,38224,05,05,1,2,210943004,5.031915,1,,1,1,18,1,CAÑIHUA,2103,1,300,000,0,0,0,1,1,0,0, 
2025,21,PUNO,09,MOHO,01,MOHO,38224,05,05,1,2,210943004,5.031915,1,,1,1,21,1,CEBADA GRANO,2104,1,1500,000,0,0,0,1,1,0,0, 
2025,21,PUNO,09,MOHO,01,MOHO,38224,05,05,1,2,210943004,5.031915,1,,1,1,3,1,CEBADA GRANO,2104,1,500,000,0,0,0,1,1,0,0, 
2025,21,PUNO,09,MOHO,01,MOHO,38224,05,05,1,2,210943004,5.031915,1,,1,1,13,1,CAÑIHUA,2103,1,500,000,0,0,0,1,1,0,0, 
2025,21,PUNO,09,MOHO,01,MOHO,38224,06,06,1,2,210943004,11.34088,1,,1,1,6,1,CEBADA GRANO,2104,1,400,000,0,0,0,0,1,0,0, 
2025,21,PUNO,09,MOHO,01,MOHO,38224,06,06,1,2,210943004,11.34088,1,,1,1,7,1,CAÑIHUA,2103,1,200,000,0,0,0,0,1,0,0, 
2025,21,PUNO,09,MOHO,01,MOHO,38224,06,06,1,2,210943004,11.34088,1,,1,1,7,2,CEBADA GRANO,2104,1,800,000,0,0,0,0,1,0,0, 
2025,21,PUNO,09,MOHO,01,MOHO,38224,06,06,1,2,210943004,11.34088,1,,1,1,6,2,HABA,2942,1,100,000,0,0,0,0,1,0,0, 
2025,21,PUNO,09,MOHO,01,MOHO,38225,01,01,1,2,210943003,353.0968,1,,1,1,10,1,AVENA FORRAJERA,2701,1,0,050,0,1,0,0,0,0,0, 
2025,21,PUNO,09,MOHO,01,MOHO,38225,01,01,1,2,210943003,353.0968,1,,1,1,6,1,QUINUA,2111,1,0,010,0,1,1,0,0,0,0, 
2025,21,PUNO,09,MOHO,01,MOHO,38225,01,01,1,2,210943003,353.0968,1,,1,1,9,1,AVENA FORRAJERA,2701,1,0,050,0,1,0,0,0,0,0, 
2025,21,PUNO,09,MOHO,01,MOHO,38225,01,01,1,2,210943003,353.0968,1,,1,1,6,2,CEBADA GRANO,2104,1,0,030,0,1,1,0,0,0,0, 
2025,21,PUNO,09,MOHO,01,MOHO,38225,02,02,1,2,210943003,239.6881,1,,1,1,5,1,PAPA NATIVA,2615,1,0,020,0,1,0,0,0,0,0, 
2025,21,PUNO,09,MOHO,01,MOHO,38225,03,03,1,2,210943003,244.4538,1,,1,1,15,1,CEBADA GRANO,2104,1,0,080,0,0,1,1,1,0,0, 
2025,21,PUNO,09,MOHO,01,MOHO,38225,03,03,1,2,210943003,244.4538,1,,1,1,2,1,HABA,2942,1,0,030,0,1,0,0,0,0,0, 
2025,21,PUNO,09,MOHO,01,MOHO,38225,03,03,1,2,210943003,244.4538,1,,1,1,14,1,OLLUCO,2609,1,0,020,0,1,0,0,1,0,0, 
2025,21,PUNO,09,MOHO,01,MOHO,38225,03,03,1,2,210943003,244.4538,1,,1,1,8,1,PAPA NATIVA,2615,1,0,050,0,1,1,0,1,0,0, 
2025,21,PUNO,09,MOHO,01,MOHO,38225,03,03,1,2,210943003,244.4538,1,,1,1,11,1,PAPA AMARILLA,2611,1,0,100,0,1,1,0,1,0,0, 
2025,21,PUNO,09,MOHO,01,MOHO,38225,03,03,1,2,210943003,244.4538,1,,1,1,6,1,AVENA FORRAJERA,2701,1,0,150,0,1,0,0,0,0,0, 
2025,21,PUNO,09,MOHO,01,MOHO,38225,03,03,1,2,210943003,244.4538,1,,1,1,14,2,QUINUA,2111,1,0,020,0,1,0,0,1,0,0, 
2025,21,PUNO,09,MOHO,01,MOHO,38225,06,06,1,2,210943003,447.2101,1,,1,1,10,1,ALFALFA,1401,3,0,250,0,1,0,0,0,0,0, 
2025,21,PUNO,09,MOHO,01,MOHO,38225,06,06,1,2,210943003,447.2101,1,,1,1,9,1,CAÑIHUA,2103,1,0,100,0,1,0,0,0,0,0, 
2025,21,PUNO,09,MOHO,01,MOHO,38225,07,07,1,2,210943003,15.32997,1,,1,1,5,1,CAÑIHUA,2103,1,0,100,0,1,0,0,0,0,0, 
2025,21,PUNO,09,MOHO,01,MOHO,38226,01,01,1,2,210952003,88.60049,1,,1,1,3,1,QUINUA,2111,1,0,050,0,0,1,1,1,0,0, 
2025,21,PUNO,09,MOHO,01,MOHO,38227,01,01,1,2,210941001,.8018227,1,,1,1,10,1,QUINUA,2111,1,0,010,0,1,0,1,1,0,0, 
2025,21,PUNO,09,MOHO,01,MOHO,38227,01,01,1,2,210941001,.8018227,1,,1,1,3,1,HABA,2942,1,0,020,0,1,0,1,1,0,0, 
2025,21,PUNO,09,MOHO,01,MOHO,38227,01,01,1,2,210941001,.8018227,1,,1,1,4,1,PAPA NATIVA,2615,1,0,020,0,1,0,1,1,0,0, 
2025,21,PUNO,09,MOHO,01,MOHO,38227,01,01,1,2,210941001,.8018227,1,,1,1,6,1,OCA,2608,1,0,020,0,1,0,1,1,0,0, 
2025,21,PUNO,09,MOHO,01,MOHO,38227,01,01,1,2,210941001,.8018227,1,,1,1,5,1,PAPA NATIVA,2615,1,0,020,0,1,0,1,1,0,0, 
2025,21,PUNO,09,MOHO,01,MOHO,38227,02,02,1,2,210941001,.5586551,1,,1,0,4,1,OCA,2608,1,0,010,0,1,0,1,1,0,0, 
2025,21,PUNO,09,MOHO,01,MOHO,38227,02,02,1,2,210941001,.5586551,1,,1,0,10,1,HABA,2942,1,0,012,0,1,0,1,1,0,0, 
2025,21,PUNO,09,MOHO,01,MOHO,38227,02,02,1,2,210941001,.5586551,1,,1,0,7,1,CEBADA GRANO,2104,1,0,015,0,1,0,1,1,0,0, 
2025,21,PUNO,09,MOHO,01,MOHO,38227,02,02,1,2,210941001,.5586551,1,,1,0,8,1,CEBADA GRANO,2104,1,0,012,0,1,0,1,1,0,0, 
2025,21,PUNO,09,MOHO,01,MOHO,38227,05,05,1,2,210941001,1.009063,1,,1,1,2,1,HABA,2942,1,0,005,0,1,0,1,1,0,0, 
2025,21,PUNO,09,MOHO,01,MOHO,38227,05,05,1,2,210941001,1.009063,1,,1,1,3,1,HABA,2942,1,0,005,0,1,0,1,1,0,0, 
2025,21,PUNO,09,MOHO,01,MOHO,38227,05,05,1,2,210941001,1.009063,1,,1,1,7,1,CEBADA GRANO,2104,1,0,010,0,1,0,1,1,0,0, 
2025,21,PUNO,09,MOHO,01,MOHO,38227,05,05,1,2,210941001,1.009063,1,,1,1,5,1,OCA,2608,1,0,005,0,1,1,0,1,0,0, 
2025,21,PUNO,09,MOHO,01,MOHO,38228,02,02,1,2,210953003,399.5493,1,,1,1,4,1,HABA,2942,1,200,000,0,1,0,1,1,0,0, 
2025,21,PUNO,09,MOHO,01,MOHO,38228,02,02,1,2,210953003,399.5493,1,,1,1,5,1,HABA,2942,1,300,000,0,1,0,1,1,0,0, 
2025,21,PUNO,09,MOHO,01,MOHO,38230,04,04,1,2,210943003,39.83993,1,,1,1,6,1,HABA,2942,1,0,100,0,0,0,1,0,0,0, 
2025,21,PUNO,09,MOHO,01,MOHO,38231,01,01,1,2,210953003,11.98011,1,,1,1,6,1,CEBADA GRANO,2104,1,0,020,0,0,0,1,1,0,0, 
2025,21,PUNO,09,MOHO,01,MOHO,38231,01,01,1,2,210953003,11.98011,1,,1,1,9,1,HABA,2942,1,0,020,0,0,1,1,1,0,0, 
2025,21,PUNO,09,MOHO,01,MOHO,38231,01,01,1,2,210953003,11.98011,1,,1,1,5,1,PAPA NATIVA,2615,1,0,020,0,1,0,1,1,0,0, 
2025,21,PUNO,09,MOHO,01,MOHO,38231,02,02,1,2,210953003,12.61592,1,,1,1,2,1,OLLUCO,2609,1,0,020,0,0,1,1,1,0,0, 
2025,21,PUNO,09,MOHO,01,MOHO,38231,02,02,1,2,210953003,12.61592,1,,1,1,2,2,ALFALFA,1401,3,0,250,0,0,0,1,1,0,0, 
2025,21,PUNO,09,MOHO,01,MOHO,38231,02,02,1,2,210953003,12.61592,1,,1,1,2,3,CEBADA FORRAJERA,2703,1,0,030,0,0,0,1,1,0,0, 
2025,21,PUNO,09,MOHO,01,MOHO,38231,03,03,1,2,210953003,3.403544,1,,1,1,6,1,HABA,2942,1,0,030,0,0,1,1,1,0,0, 
2025,21,PUNO,09,MOHO,01,MOHO,38231,03,03,1,2,210953003,3.403544,1,,1,1,5,1,CEBADA GRANO,2104,1,0,030,0,0,1,1,1,0,0, 
2025,21,PUNO,09,MOHO,01,MOHO,38231,03,03,1,2,210953003,3.403544,1,,1,1,2,1,HABA,2942,1,0,020,0,0,1,1,1,0,0, 
2025,21,PUNO,09,MOHO,01,MOHO,38232,01,01,1,2,210942003,92.68984,1,,1,1,14,1,OCA,2608,1,0,010,0,1,0,1,1,0,0, 
2025,21,PUNO,09,MOHO,01,MOHO,38232,01,01,1,2,210942003,92.68984,1,,1,1,12,1,HABA,2942,1,0,010,0,1,0,1,1,0,0, 
2025,21,PUNO,09,MOHO,01,MOHO,38232,01,01,1,2,210942003,92.68984,1,,1,1,14,2,OLLUCO,2609,1,0,010,0,1,0,1,1,0,0, 
2025,21,PUNO,09,MOHO,01,MOHO,38232,03,03,1,2,210942003,858.9609,1,,1,1,5,1,PAPA NATIVA,2615,1,0,005,0,0,0,1,1,0,0, 
2025,21,PUNO,09,MOHO,01,MOHO,38232,03,03,1,2,210942003,858.9609,1,,1,1,7,1,PAPA NATIVA,2615,1,0,050,0,1,0,1,1,0,0, 
2025,21,PUNO,09,MOHO,01,MOHO,38232,03,03,1,2,210942003,858.9609,1,,1,1,9,1,HABA,2942,1,0,030,0,1,0,1,1,0,0, 
2025,21,PUNO,09,MOHO,01,MOHO,38232,03,03,1,2,210942003,858.9609,1,,1,1,10,1,HABA,2942,1,0,020,0,1,0,1,1,0,0, 
2025,21,PUNO,09,MOHO,01,MOHO,38232,03,03,1,2,210942003,858.9609,1,,1,1,9,2,PAPA NATIVA,2615,1,0,030,0,1,0,1,0,0,0, 
2025,21,PUNO,09,MOHO,01,MOHO,38232,04,04,1,2,210942003,53.5124,1,,1,1,2,1,HABA,2942,1,0,030,0,0,0,1,1,0,0, 
2025,21,PUNO,09,MOHO,01,MOHO,38232,05,05,1,2,210942003,88.39909,1,,1,1,5,1,PAPA NATIVA,2615,1,0,050,0,1,0,1,1,0,0, 
2025,21,PUNO,09,MOHO,01,MOHO,38232,05,05,1,2,210942003,88.39909,1,,1,1,4,1,PAPA NATIVA,2615,1,0,050,0,1,0,1,1,0,0, 
2025,21,PUNO,09,MOHO,01,MOHO,38232,06,06,1,2,210942003,128.0257,1,,1,0,6,1,PAPA NATIVA,2615,1,0,020,0,1,0,1,1,0,0, 
2025,21,PUNO,09,MOHO,01,MOHO,38232,06,06,1,2,210942003,128.0257,1,,1,0,7,1,PAPA NATIVA,2615,1,0,020,0,1,1,0,0,0,0, 
2025,21,PUNO,09,MOHO,01,MOHO,38235,01,01,1,2,210942001,529.8363,1,,1,0,6,1,CEBADA GRANO,2104,1,0,010,0,1,0,1,1,0,0, 
2025,21,PUNO,09,MOHO,01,MOHO,38235,01,01,1,2,210942001,529.8363,1,,1,0,5,1,HABA,2942,1,0,020,0,1,0,1,1,0,0, 
2025,21,PUNO,09,MOHO,01,MOHO,38235,02,02,1,2,210942001,16.66392,1,,1,0,8,1,OCA,2608,1,0,010,0,1,0,1,1,0,0, 
2025,21,PUNO,09,MOHO,01,MOHO,38235,03,03,1,2,210942001,13.71536,1,,1,1,9,1,HABA,2942,1,0,025,0,1,0,1,1,0,0, 
2025,21,PUNO,09,MOHO,01,MOHO,38235,03,03,1,2,210942001,13.71536,1,,1,1,5,1,HABA,2942,1,0,020,0,1,0,1,1,0,0, 
2025,21,PUNO,09,MOHO,01,MOHO,38235,03,03,1,2,210942001,13.71536,1,,1,1,6,1,OCA,2608,1,0,010,0,1,0,1,1,0,0, 
2025,21,PUNO,09,MOHO,01,MOHO,38235,03,03,1,2,210942001,13.71536,1,,1,1,4,1,PAPA NATIVA,2615,1,0,020,0,1,0,1,1,0,0, 
2025,21,PUNO,09,MOHO,01,MOHO,38235,03,03,1,2,210942001,13.71536,1,,1,1,3,1,PAPA NATIVA,2615,1,0,020,0,1,0,1,1,0,0, 
2025,21,PUNO,09,MOHO,01,MOHO,38235,03,03,1,2,210942001,13.71536,1,,1,1,2,1,CEBADA GRANO,2104,1,0,015,0,1,0,1,1,0,0, 
2025,21,PUNO,09,MOHO,01,MOHO,38235,03,03,1,2,210942001,13.71536,1,,1,1,8,1,HABA,2942,1,0,015,0,1,0,1,1,0,0, 
2025,21,PUNO,09,MOHO,03,HUAYRAPATA,38242,03,03,1,2,210953003,25.63908,1,,1,1,4,1,CAÑIHUA,2103,1,0,200,0,0,1,1,1,0,0, 
2025,21,PUNO,09,MOHO,03,HUAYRAPATA,38242,04,04,1,2,210953003,61.541,1,,1,1,2,1,CEBADA GRANO,2104,1,0,250,0,0,1,1,1,0,1, 
2025,21,PUNO,09,MOHO,03,HUAYRAPATA,38242,04,04,1,2,210953003,61.541,1,,1,1,2,2,QUINUA,2111,1,0,250,0,0,1,1,1,0,1, 
2025,21,PUNO,10,SAN ANTONIO DE PUTINA,01,PUTINA,38244,01,01,1,2,211053003,612.8787,1,,1,1,7,1,QUINUA,2111,1,0,250,0,0,0,1,1,0,0, 
2025,21,PUNO,10,SAN ANTONIO DE PUTINA,01,PUTINA,38244,01,01,1,2,211053003,612.8787,1,,1,1,7,2,AVENA FORRAJERA,2701,1,0,300,0,0,0,1,1,0,0, 
2025,21,PUNO,10,SAN ANTONIO DE PUTINA,01,PUTINA,38244,01,01,1,2,211053003,612.8787,1,,1,1,7,3,CEBADA GRANO,2104,1,0,150,0,0,0,1,1,0,0, 
2025,21,PUNO,10,SAN ANTONIO DE PUTINA,01,PUTINA,38244,02,02,1,2,211053003,38.83592,1,,1,1,3,1,QUINUA,2111,1,0,050,0,1,0,1,1,0,0, 
2025,21,PUNO,10,SAN ANTONIO DE PUTINA,01,PUTINA,38244,03,03,1,2,211053003,3.50485,1,,1,1,3,1,QUINUA,2111,1,0,250,0,0,0,1,1,0,0, 
2025,21,PUNO,10,SAN ANTONIO DE PUTINA,01,PUTINA,38244,03,03,1,2,211053003,3.50485,1,,1,1,1,1,ALFALFA,1401,3,0,380,0,0,0,1,1,0,0, 
2025,21,PUNO,10,SAN ANTONIO DE PUTINA,01,PUTINA,38244,04,04,1,2,211053003,30.37911,1,,1,1,4,1,CEBADA GRANO,2104,1,0,220,0,0,1,1,1,0,0, 
2025,21,PUNO,10,SAN ANTONIO DE PUTINA,01,PUTINA,38244,04,04,1,2,211053003,30.37911,1,,1,1,4,2,CAÑIHUA,2103,1,0,100,0,0,1,1,1,0,0, 
2025,21,PUNO,10,SAN ANTONIO DE PUTINA,01,PUTINA,38244,05,05,1,2,211053003,39.66803,1,,1,1,3,1,QUINUA,2111,1,0,250,0,0,0,1,1,0,0, 
2025,21,PUNO,10,SAN ANTONIO DE PUTINA,01,PUTINA,38244,05,05,1,2,211053003,39.66803,1,,1,1,3,2,CEBADA GRANO,2104,1,0,100,0,0,0,1,1,0,0, 
2025,21,PUNO,10,SAN ANTONIO DE PUTINA,01,PUTINA,38244,05,05,1,2,211053003,39.66803,1,,1,1,3,3,CAÑIHUA,2103,1,0,125,0,0,0,1,1,0,0, 
2025,21,PUNO,10,SAN ANTONIO DE PUTINA,01,PUTINA,38246,01,01,1,2,211052003,871.2057,1,,1,1,1,1,QUINUA,2111,1,0,100,0,0,1,1,1,0,0, 
2025,21,PUNO,10,SAN ANTONIO DE PUTINA,01,PUTINA,38246,02,02,1,2,211052003,89.79017,1,,1,1,2,1,CAÑIHUA,2103,1,0,150,0,0,0,1,1,0,0, 
2025,21,PUNO,10,SAN ANTONIO DE PUTINA,01,PUTINA,38246,02,02,1,2,211052003,89.79017,1,,1,1,2,2,QUINUA,2111,1,0,250,0,0,0,1,1,0,0, 
2025,21,PUNO,10,SAN ANTONIO DE PUTINA,01,PUTINA,38246,02,02,1,2,211052003,89.79017,1,,1,1,2,3,PAPA NATIVA,2615,1,0,150,0,0,0,1,1,0,0, 
2025,21,PUNO,10,SAN ANTONIO DE PUTINA,01,PUTINA,38248,01,01,1,2,211042004,18.12505,1,,1,0,2,1,QUINUA,2111,1,0,150,0,0,1,0,1,0,0, 
2025,21,PUNO,10,SAN ANTONIO DE PUTINA,01,PUTINA,38248,04,04,1,2,211042004,544.7247,1,,1,1,4,1,QUINUA,2111,1,0,100,0,0,1,1,0,1,0, 
2025,21,PUNO,10,SAN ANTONIO DE PUTINA,01,PUTINA,38248,05,05,1,2,211042004,553.367,1,,1,1,2,1,QUINUA,2111,1,0,100,0,0,1,1,1,1,0, 
2025,21,PUNO,10,SAN ANTONIO DE PUTINA,01,PUTINA,38248,06,06,1,2,211042004,308.2118,1,,1,1,2,1,QUINUA,2111,1,0,150,0,0,1,1,1,1,0, 
2025,21,PUNO,10,SAN ANTONIO DE PUTINA,01,PUTINA,38248,06,06,1,2,211042004,308.2118,1,,1,1,4,1,PAPA NATIVA,2615,1,0,100,0,0,1,1,1,1,0, 
2025,21,PUNO,10,SAN ANTONIO DE PUTINA,01,PUTINA,38248,06,06,1,2,211042004,308.2118,1,,1,1,4,2,QUINUA,2111,1,0,050,0,0,1,1,1,1,0, 
2025,21,PUNO,10,SAN ANTONIO DE PUTINA,01,PUTINA,38249,02,02,1,2,211043004,28.21211,1,,1,1,4,1,PAPA NATIVA,2615,1,0,250,0,1,0,1,1,0,0, 
2025,21,PUNO,10,SAN ANTONIO DE PUTINA,01,PUTINA,38249,02,02,1,2,211043004,28.21211,1,,1,1,7,1,QUINUA,2111,1,0,050,0,1,0,1,1,0,0, 
2025,21,PUNO,10,SAN ANTONIO DE PUTINA,01,PUTINA,38249,02,02,1,2,211043004,28.21211,1,,1,1,4,2,CAÑIHUA,2103,1,0,250,0,1,0,1,1,0,0, 
2025,21,PUNO,10,SAN ANTONIO DE PUTINA,01,PUTINA,38249,02,02,1,2,211043004,28.21211,1,,1,1,4,3,OCA,2608,1,0,020,0,1,0,1,1,0,0, 
2025,21,PUNO,10,SAN ANTONIO DE PUTINA,01,PUTINA,38249,02,02,1,2,211043004,28.21211,1,,1,1,4,4,OLLUCO,2609,1,0,020,0,1,0,1,1,0,0, 
2025,21,PUNO,10,SAN ANTONIO DE PUTINA,01,PUTINA,38249,03,03,1,2,211043004,52.3797,1,,1,1,7,1,QUINUA,2111,1,0,020,0,1,0,1,0,0,0, 
2025,21,PUNO,10,SAN ANTONIO DE PUTINA,01,PUTINA,38249,04,04,1,2,211043004,12.22951,1,,1,1,4,1,QUINUA,2111,1,0,040,0,0,0,1,1,0,0, 
2025,21,PUNO,10,SAN ANTONIO DE PUTINA,01,PUTINA,38249,05,05,1,2,211043004,11.72218,1,,1,1,3,1,PAPA NATIVA,2615,1,0,050,0,1,0,1,1,0,0, 
2025,21,PUNO,10,SAN ANTONIO DE PUTINA,01,PUTINA,38249,05,05,1,2,211043004,11.72218,1,,1,1,3,2,QUINUA,2111,1,0,100,0,1,0,1,1,0,0, 
2025,21,PUNO,10,SAN ANTONIO DE PUTINA,01,PUTINA,38249,06,06,1,2,211043004,3.173506,1,,1,1,4,1,QUINUA,2111,1,0,008,0,0,0,1,1,0,0, 
2025,21,PUNO,10,SAN ANTONIO DE PUTINA,01,PUTINA,38249,06,06,1,2,211043004,3.173506,1,,1,1,5,1,QUINUA,2111,1,0,008,0,0,0,1,1,0,0, 
2025,21,PUNO,10,SAN ANTONIO DE PUTINA,01,PUTINA,38249,07,07,1,2,211043004,3.083589,1,,1,1,2,1,QUINUA,2111,1,0,020,0,0,0,1,1,0,0, 
2025,21,PUNO,10,SAN ANTONIO DE PUTINA,01,PUTINA,38249,07,07,1,2,211043004,3.083589,1,,1,1,3,1,PAPA NATIVA,2615,1,0,075,0,1,0,1,0,0,0, 
2025,21,PUNO,10,SAN ANTONIO DE PUTINA,01,PUTINA,38249,07,07,1,2,211043004,3.083589,1,,1,1,3,2,CAÑIHUA,2103,1,0,050,0,1,0,1,0,0,0, 
2025,21,PUNO,10,SAN ANTONIO DE PUTINA,01,PUTINA,38250,07,07,1,2,211041004,83.25996,1,,1,1,6,1,QUINUA,2111,1,0,050,0,0,1,1,1,0,0, 
2025,21,PUNO,10,SAN ANTONIO DE PUTINA,03,PEDRO VILCA APAZA,38252,01,01,1,2,211053002,8.229328,1,,1,1,2,1,HABA,2942,1,0,010,0,0,0,1,1,0,0, 
2025,21,PUNO,10,SAN ANTONIO DE PUTINA,03,PEDRO VILCA APAZA,38252,01,01,1,2,211053002,8.229328,1,,1,1,2,2,PAPA NATIVA,2615,1,0,040,0,0,0,1,1,0,0, 
2025,21,PUNO,10,SAN ANTONIO DE PUTINA,03,PEDRO VILCA APAZA,38252,01,01,1,2,211053002,8.229328,1,,1,1,2,3,OCA,2608,1,0,010,0,0,0,1,1,0,0, 
2025,21,PUNO,10,SAN ANTONIO DE PUTINA,03,PEDRO VILCA APAZA,38252,01,01,1,2,211053002,8.229328,1,,1,1,2,4,AVENA FORRAJERA,2701,1,0,020,0,0,0,1,1,0,0, 
2025,21,PUNO,10,SAN ANTONIO DE PUTINA,03,PEDRO VILCA APAZA,38253,01,01,1,2,211043002,19.08407,1,,1,1,3,1,AVENA FORRAJERA,2701,1,1,000,0,1,0,1,0,0,0, 
2025,21,PUNO,10,SAN ANTONIO DE PUTINA,03,PEDRO VILCA APAZA,38253,03,03,1,2,211043002,24.3643,1,,1,1,1,1,PAPA NATIVA,2615,1,0,140,0,1,1,1,0,0,0, 
2025,21,PUNO,10,SAN ANTONIO DE PUTINA,03,PEDRO VILCA APAZA,38253,03,03,1,2,211043002,24.3643,1,,1,1,1,2,CAÑIHUA,2103,1,0,010,0,1,0,1,1,0,0, 
2025,21,PUNO,10,SAN ANTONIO DE PUTINA,04,QUILCAPUNCU,38254,02,02,1,2,211041003,300.9675,1,,1,1,4,1,QUINUA,2111,1,0,200,0,0,1,0,0,0,0, 
2025,21,PUNO,10,SAN ANTONIO DE PUTINA,04,QUILCAPUNCU,38254,03,03,1,2,211041003,50.04927,1,,1,1,1,1,AVENA FORRAJERA,2701,1,0,313,0,1,0,0,0,0,0, 
2025,21,PUNO,10,SAN ANTONIO DE PUTINA,04,QUILCAPUNCU,38254,04,04,1,2,211041003,76.9528,1,,1,1,8,1,QUINUA,2111,1,0,100,0,1,0,1,0,0,0, 
2025,21,PUNO,10,SAN ANTONIO DE PUTINA,04,QUILCAPUNCU,38255,04,04,1,2,211043003,33.35971,1,,1,1,3,1,OLLUCO,2609,1,0,010,0,1,0,0,0,0,0, 
2025,21,PUNO,10,SAN ANTONIO DE PUTINA,04,QUILCAPUNCU,38255,04,04,1,2,211043003,33.35971,1,,1,1,4,1,CAÑIHUA,2103,1,0,200,0,1,0,0,0,0,0, 
2025,21,PUNO,10,SAN ANTONIO DE PUTINA,04,QUILCAPUNCU,38255,05,05,1,2,211043003,34.40962,1,,1,1,3,1,OCA,2608,1,0,002,0,0,0,0,1,0,0, 
2025,21,PUNO,10,SAN ANTONIO DE PUTINA,04,QUILCAPUNCU,38258,03,03,1,2,211042003,106.5146,1,,1,1,6,1,QUINUA,2111,1,0,040,0,1,0,0,0,0,0, 
2025,21,PUNO,10,SAN ANTONIO DE PUTINA,04,QUILCAPUNCU,38258,03,03,1,2,211042003,106.5146,1,,1,1,5,1,QUINUA,2111,1,0,040,0,1,0,0,0,0,0, 
2025,21,PUNO,11,SAN ROMAN,01,JULIACA,38260,02,02,1,2,211142003,54.95509,1,,1,1,5,1,QUINUA,2111,1,0,010,0,0,1,1,1,0,0, 
2025,21,PUNO,11,SAN ROMAN,01,JULIACA,38260,02,02,1,2,211142003,54.95509,1,,1,1,5,2,CAÑIHUA,2103,1,0,050,0,0,1,1,1,0,0, 
2025,21,PUNO,11,SAN ROMAN,01,JULIACA,38261,03,03,1,2,211142004,3.222713,1,,1,1,5,1,QUINUA,2111,1,0,100,0,0,1,0,0,0,0, 
2025,21,PUNO,11,SAN ROMAN,01,JULIACA,38262,01,01,1,2,211142001,4.964495,1,,1,1,4,1,PAPA NATIVA,2615,1,0,200,0,0,0,1,1,0,0, 
2025,21,PUNO,11,SAN ROMAN,01,JULIACA,38262,01,01,1,2,211142001,4.964495,1,,1,1,4,2,QUINUA,2111,1,0,050,0,0,0,1,1,0,0, 
2025,21,PUNO,11,SAN ROMAN,01,JULIACA,38263,01,01,1,2,211143003,13.45915,1,,1,1,3,1,PAPA NATIVA,2615,1,0,500,0,0,0,1,1,0,0, 
2025,21,PUNO,11,SAN ROMAN,01,JULIACA,38263,01,01,1,2,211143003,13.45915,1,,1,1,2,1,PAPA NATIVA,2615,1,1,000,0,0,1,1,1,0,0, 
2025,21,PUNO,11,SAN ROMAN,01,JULIACA,38263,01,01,1,2,211143003,13.45915,1,,1,1,1,1,QUINUA,2111,1,0,500,0,0,0,1,1,0,0, 
2025,21,PUNO,11,SAN ROMAN,01,JULIACA,38263,01,01,1,2,211143003,13.45915,1,,1,1,1,2,CAÑIHUA,2103,1,0,500,0,0,0,1,1,0,0, 
2025,21,PUNO,11,SAN ROMAN,01,JULIACA,38263,01,01,1,2,211143003,13.45915,1,,1,1,2,2,OCA,2608,1,0,050,0,0,1,1,1,0,0, 
2025,21,PUNO,11,SAN ROMAN,01,JULIACA,38263,01,01,1,2,211143003,13.45915,1,,1,1,1,3,OLLUCO,2609,1,0,050,0,0,0,1,1,0,0, 
2025,21,PUNO,11,SAN ROMAN,01,JULIACA,38263,02,02,1,2,211143003,21.43965,1,,1,1,2,1,ALFALFA,1401,3,0,250,0,0,0,1,1,0,0, 
2025,21,PUNO,11,SAN ROMAN,01,JULIACA,38263,03,03,1,2,211143003,50.5186,1,,1,1,2,1,PAPA NATIVA,2615,1,0,100,0,0,0,1,1,0,0, 
2025,21,PUNO,11,SAN ROMAN,01,JULIACA,38263,04,04,1,2,211143003,41.00698,1,,1,1,2,1,QUINUA,2111,1,0,050,0,0,0,1,1,0,0, 
2025,21,PUNO,11,SAN ROMAN,01,JULIACA,38263,04,04,1,2,211143003,41.00698,1,,1,1,5,1,QUINUA,2111,1,0,100,0,0,0,1,1,0,0, 
2025,21,PUNO,11,SAN ROMAN,01,JULIACA,38263,04,04,1,2,211143003,41.00698,1,,1,1,5,2,OLLUCO,2609,1,0,010,0,0,0,1,1,0,0, 
2025,21,PUNO,11,SAN ROMAN,01,JULIACA,38263,06,06,1,2,211143003,28.66826,1,,1,1,3,1,PAPA NATIVA,2615,1,0,075,0,0,1,1,1,0,0, 
2025,21,PUNO,11,SAN ROMAN,01,JULIACA,38263,06,06,1,2,211143003,28.66826,1,,1,1,4,1,OCA,2608,1,0,045,0,0,1,1,1,0,0, 
2025,21,PUNO,11,SAN ROMAN,01,JULIACA,38263,06,06,1,2,211143003,28.66826,1,,1,1,1,1,QUINUA,2111,1,0,050,0,0,0,1,1,0,0, 
2025,21,PUNO,11,SAN ROMAN,01,JULIACA,38263,06,06,1,2,211143003,28.66826,1,,1,1,4,2,OLLUCO,2609,1,0,015,0,0,0,1,1,0,0, 
2025,21,PUNO,11,SAN ROMAN,01,JULIACA,38263,07,07,1,2,211143003,7.366743,1,,1,1,3,1,PAPA NATIVA,2615,1,0,250,0,0,1,1,1,0,0, 
2025,21,PUNO,11,SAN ROMAN,01,JULIACA,38263,07,07,1,2,211143003,7.366743,1,,1,1,5,1,OLLUCO,2609,1,0,025,0,0,1,1,1,0,0, 
2025,21,PUNO,11,SAN ROMAN,01,JULIACA,38263,07,07,1,2,211143003,7.366743,1,,1,1,3,2,CAÑIHUA,2103,1,0,100,0,0,0,1,1,0,0, 
2025,21,PUNO,11,SAN ROMAN,01,JULIACA,38264,01,01,1,2,211142003,129.2711,1,,1,1,4,1,HABA,2942,1,0,020,0,0,0,1,1,0,0, 
2025,21,PUNO,11,SAN ROMAN,01,JULIACA,38264,02,02,1,2,211142003,60.63485,1,,1,1,2,1,HABA,2942,1,0,020,0,0,1,1,1,0,0, 
2025,21,PUNO,11,SAN ROMAN,01,JULIACA,38265,02,02,1,2,211143002,48.94855,1,,1,1,1,1,QUINUA,2111,1,0,076,0,0,0,1,0,0,0, 
2025,21,PUNO,11,SAN ROMAN,01,JULIACA,38267,07,07,1,2,211143002,156.0148,1,,1,1,1,1,PAPA NATIVA,2615,1,0,020,0,1,0,0,0,0,0, 
2025,21,PUNO,11,SAN ROMAN,01,JULIACA,38267,07,07,1,2,211143002,156.0148,1,,1,1,2,1,AVENA FORRAJERA,2701,1,0,020,0,1,0,0,0,0,0, 
2025,21,PUNO,11,SAN ROMAN,01,JULIACA,38267,07,07,1,2,211143002,156.0148,1,,1,1,1,2,QUINUA,2111,1,0,010,0,1,0,0,0,0,0, 
2025,21,PUNO,11,SAN ROMAN,01,JULIACA,38268,03,03,1,2,211142002,39.26661,1,,1,1,2,1,PAPA NATIVA,2615,1,0,050,0,0,0,1,1,0,0, 
2025,21,PUNO,11,SAN ROMAN,01,JULIACA,38269,01,01,1,2,211142004,4.170418,1,,1,1,4,1,PAPA NATIVA,2615,1,0,100,0,0,0,1,1,0,0, 
2025,21,PUNO,11,SAN ROMAN,01,JULIACA,38269,01,01,1,2,211142004,4.170418,1,,1,1,2,1,PAPA NATIVA,2615,1,0,040,0,0,0,1,1,0,0, 
2025,21,PUNO,11,SAN ROMAN,01,JULIACA,38269,01,01,1,2,211142004,4.170418,1,,1,1,6,1,QUINUA,2111,1,0,030,0,0,0,1,1,0,0, 
2025,21,PUNO,11,SAN ROMAN,01,JULIACA,38269,10,10,1,2,211142004,182.306,1,,1,1,6,1,PAPA NATIVA,2615,1,0,050,0,1,0,1,1,0,0, 
2025,21,PUNO,11,SAN ROMAN,02,CABANA,38271,01,01,1,2,211142003,2.115597,1,,1,1,4,1,QUINUA,2111,1,0,250,0,0,0,1,1,0,0, 
2025,21,PUNO,11,SAN ROMAN,02,CABANA,38271,02,02,1,2,211142003,98.57627,1,,1,0,1,1,QUINUA,2111,1,0,500,0,0,0,0,1,0,0, 
2025,21,PUNO,11,SAN ROMAN,02,CABANA,38271,02,02,1,2,211142003,98.57627,1,,1,0,2,1,QUINUA,2111,1,0,100,0,0,0,1,1,0,0, 
2025,21,PUNO,11,SAN ROMAN,02,CABANA,38271,05,05,1,2,211142003,12.39394,1,,1,1,4,1,QUINUA,2111,1,1,000,0,1,1,1,0,0,0, 
2025,21,PUNO,11,SAN ROMAN,02,CABANA,38271,06,06,1,2,211142003,7.232747,1,,1,1,2,1,PAPA NATIVA,2615,1,0,100,0,0,0,1,1,0,0, 
2025,21,PUNO,11,SAN ROMAN,02,CABANA,38271,07,07,1,2,211142003,148.5038,1,,1,1,3,1,QUINUA,2111,1,0,100,0,0,1,1,1,0,0, 
2025,21,PUNO,11,SAN ROMAN,02,CABANA,38272,01,01,1,2,211141003,117.8163,1,,1,1,3,1,QUINUA,2111,1,1,000,0,1,0,1,1,0,0, 
2025,21,PUNO,11,SAN ROMAN,02,CABANA,38272,01,01,1,2,211141003,117.8163,1,,1,1,4,1,PAPA NATIVA,2615,1,0,050,0,1,0,1,1,0,0, 
2025,21,PUNO,11,SAN ROMAN,02,CABANA,38272,01,01,1,2,211141003,117.8163,1,,1,1,4,2,CAÑIHUA,2103,1,0,400,0,1,0,1,1,0,0, 
2025,21,PUNO,11,SAN ROMAN,02,CABANA,38272,01,01,1,2,211141003,117.8163,1,,1,1,3,2,CAÑIHUA,2103,1,1,000,0,1,0,1,1,0,0, 
2025,21,PUNO,11,SAN ROMAN,02,CABANA,38272,01,01,1,2,211141003,117.8163,1,,1,1,4,3,QUINUA,2111,1,0,050,0,1,0,1,1,0,0, 
2025,21,PUNO,11,SAN ROMAN,02,CABANA,38272,02,02,1,2,211141003,16.64731,1,,1,0,5,1,PAPA NATIVA,2615,1,0,100,0,1,0,1,1,0,0, 
2025,21,PUNO,11,SAN ROMAN,02,CABANA,38272,02,02,1,2,211141003,16.64731,1,,1,0,5,2,QUINUA,2111,1,0,100,0,1,0,1,1,0,0, 
2025,21,PUNO,11,SAN ROMAN,02,CABANA,38272,02,02,1,2,211141003,16.64731,1,,1,0,5,3,CAÑIHUA,2103,1,0,100,0,1,0,1,1,0,0, 
2025,21,PUNO,11,SAN ROMAN,02,CABANA,38272,02,02,1,2,211141003,16.64731,1,,1,0,5,4,PAPA AMARGA,2610,1,0,200,1,0,0,1,1,0,0, 
2025,21,PUNO,11,SAN ROMAN,02,CABANA,38272,03,03,1,2,211141003,5.86642,1,,1,1,2,1,PAPA NATIVA,2615,1,0,500,0,1,0,1,1,0,0, 
2025,21,PUNO,11,SAN ROMAN,02,CABANA,38272,03,03,1,2,211141003,5.86642,1,,1,1,4,1,PAPA NATIVA,2615,1,0,500,0,1,0,1,1,0,0, 
2025,21,PUNO,11,SAN ROMAN,02,CABANA,38272,03,03,1,2,211141003,5.86642,1,,1,1,1,1,QUINUA,2111,1,0,150,0,1,0,1,1,0,0, 
2025,21,PUNO,11,SAN ROMAN,02,CABANA,38272,03,03,1,2,211141003,5.86642,1,,1,1,4,2,QUINUA,2111,1,0,500,0,1,0,1,1,0,0, 
2025,21,PUNO,11,SAN ROMAN,02,CABANA,38272,03,03,1,2,211141003,5.86642,1,,1,1,1,2,CAÑIHUA,2103,1,0,150,0,1,0,1,1,0,0, 
2025,21,PUNO,11,SAN ROMAN,02,CABANA,38272,03,03,1,2,211141003,5.86642,1,,1,1,4,3,CAÑIHUA,2103,1,0,500,0,1,0,1,1,0,0, 
2025,21,PUNO,11,SAN ROMAN,02,CABANA,38272,04,04,1,2,211141003,91.61102,1,,1,1,3,1,PAPA NATIVA,2615,1,0,050,0,1,0,1,1,0,0, 
2025,21,PUNO,11,SAN ROMAN,02,CABANA,38272,04,04,1,2,211141003,91.61102,1,,1,1,3,2,QUINUA,2111,1,0,050,0,1,0,1,1,0,0, 
2025,21,PUNO,11,SAN ROMAN,02,CABANA,38272,04,04,1,2,211141003,91.61102,1,,1,1,3,3,CAÑIHUA,2103,1,0,050,0,1,0,1,1,0,0, 
2025,21,PUNO,11,SAN ROMAN,02,CABANA,38272,04,04,1,2,211141003,91.61102,1,,1,1,3,4,AVENA FORRAJERA,2701,1,0,050,0,1,0,1,1,0,0, 
2025,21,PUNO,11,SAN ROMAN,02,CABANA,38272,05,05,1,2,211141003,50.15141,1,,1,1,1,1,QUINUA,2111,1,0,050,0,0,0,0,0,1,0, 
2025,21,PUNO,11,SAN ROMAN,02,CABANA,38272,05,05,1,2,211141003,50.15141,1,,1,1,5,1,QUINUA,2111,1,0,100,0,1,0,1,1,0,0, 
2025,21,PUNO,11,SAN ROMAN,02,CABANA,38272,05,05,1,2,211141003,50.15141,1,,1,1,5,2,CAÑIHUA,2103,1,0,100,0,1,0,1,1,0,0, 
2025,21,PUNO,11,SAN ROMAN,02,CABANA,38272,05,05,1,2,211141003,50.15141,1,,1,1,5,3,PAPA NATIVA,2615,1,0,100,0,1,0,1,1,0,0, 
2025,21,PUNO,11,SAN ROMAN,02,CABANA,38272,05,05,1,2,211141003,50.15141,1,,1,1,5,4,PAPA AMARGA,2610,1,0,100,0,1,0,1,1,0,0, 
2025,21,PUNO,11,SAN ROMAN,02,CABANA,38272,05,05,1,2,211141003,50.15141,1,,1,1,5,5,CEBADA GRANO,2104,1,0,100,0,1,0,1,1,0,0, 
2025,21,PUNO,11,SAN ROMAN,02,CABANA,38272,06,06,1,2,211141003,85.31001,1,,1,1,1,1,PAPA NATIVA,2615,1,0,300,0,1,0,1,1,0,0, 
2025,21,PUNO,11,SAN ROMAN,02,CABANA,38272,06,06,1,2,211141003,85.31001,1,,1,1,2,1,PAPA NATIVA,2615,1,0,500,0,1,0,1,1,0,0, 
2025,21,PUNO,11,SAN ROMAN,02,CABANA,38272,06,06,1,2,211141003,85.31001,1,,1,1,1,2,PAPA AMARGA,2610,1,0,600,0,1,0,1,1,0,0, 
2025,21,PUNO,11,SAN ROMAN,02,CABANA,38272,07,07,1,2,211141003,52.37345,1,,1,0,2,1,CAÑIHUA,2103,1,0,300,0,1,0,1,1,0,0, 
2025,21,PUNO,11,SAN ROMAN,02,CABANA,38272,07,07,1,2,211141003,52.37345,1,,1,0,2,2,QUINUA,2111,1,0,300,0,1,0,1,1,0,0, 
2025,21,PUNO,11,SAN ROMAN,02,CABANA,38272,07,07,1,2,211141003,52.37345,1,,1,0,2,3,PAPA NATIVA,2615,1,0,400,0,1,0,1,1,0,0, 
2025,21,PUNO,11,SAN ROMAN,02,CABANA,38272,08,08,1,2,211141003,1.142135,1,,1,0,1,1,PAPA AMARGA,2610,1,0,250,0,1,0,1,1,0,0, 
2025,21,PUNO,11,SAN ROMAN,02,CABANA,38274,02,02,1,2,211142003,106.3065,1,,1,1,5,1,CAÑIHUA,2103,1,2,000,0,1,0,0,0,0,0, 
2025,21,PUNO,11,SAN ROMAN,02,CABANA,38275,01,01,1,2,211153003,3.362552,1,,1,1,5,1,HABA,2942,1,0,250,0,0,1,1,1,0,0, 
2025,21,PUNO,11,SAN ROMAN,03,CABANILLAS,38281,01,01,1,2,211152003,2.262994,1,,1,1,1,1,HABA,2942,1,0,100,0,1,0,1,1,0,0, 
2025,21,PUNO,11,SAN ROMAN,03,CABANILLAS,38281,01,01,1,2,211152003,2.262994,1,,1,1,2,1,QUINUA,2111,1,0,100,0,1,0,1,1,0,0, 
2025,21,PUNO,11,SAN ROMAN,03,CABANILLAS,38281,01,01,1,2,211152003,2.262994,1,,1,1,2,2,CAÑIHUA,2103,1,0,100,0,1,0,1,1,0,0, 
2025,21,PUNO,11,SAN ROMAN,03,CABANILLAS,38281,02,02,1,2,211152003,7.776501,1,,1,1,3,1,QUINUA,2111,1,0,200,0,1,0,1,1,0,0, 
2025,21,PUNO,11,SAN ROMAN,03,CABANILLAS,38281,02,02,1,2,211152003,7.776501,1,,1,1,1,1,QUINUA,2111,1,0,200,0,0,0,1,1,0,0, 
2025,21,PUNO,11,SAN ROMAN,03,CABANILLAS,38281,03,03,1,2,211152003,3.149899,1,,1,1,4,1,QUINUA,2111,1,0,100,0,1,0,1,1,0,0, 
2025,21,PUNO,11,SAN ROMAN,03,CABANILLAS,38281,03,03,1,2,211152003,3.149899,1,,1,1,1,1,QUINUA,2111,1,0,150,0,1,0,1,1,0,0, 
2025,21,PUNO,11,SAN ROMAN,03,CABANILLAS,38281,03,03,1,2,211152003,3.149899,1,,1,1,2,1,PAPA NATIVA,2615,1,0,200,0,1,0,1,1,0,0, 
2025,21,PUNO,11,SAN ROMAN,03,CABANILLAS,38281,03,03,1,2,211152003,3.149899,1,,1,1,4,2,CAÑIHUA,2103,1,0,100,0,1,0,1,1,0,0, 
2025,21,PUNO,11,SAN ROMAN,04,CARACOTO,38283,03,03,1,2,211142002,12.34756,1,,1,1,3,1,CAÑIHUA,2103,1,0,500,0,0,1,1,1,0,0, 
2025,21,PUNO,11,SAN ROMAN,04,CARACOTO,38290,01,01,1,2,211143001,2.96634,1,,1,1,1,1,QUINUA,2111,1,0,100,0,0,0,1,1,0,0, 
2025,21,PUNO,11,SAN ROMAN,04,CARACOTO,38290,01,01,1,2,211143001,2.96634,1,,1,1,3,1,QUINUA,2111,1,0,100,0,0,0,1,1,0,0, 
2025,21,PUNO,11,SAN ROMAN,04,CARACOTO,38290,01,01,1,2,211143001,2.96634,1,,1,1,4,1,PAPA NATIVA,2615,1,0,100,0,0,0,1,1,0,0, 
2025,21,PUNO,11,SAN ROMAN,04,CARACOTO,38290,01,01,1,2,211143001,2.96634,1,,1,1,1,2,HABA,2942,1,0,500,0,0,0,1,1,1,0, 
2025,21,PUNO,11,SAN ROMAN,04,CARACOTO,38291,01,01,1,2,211142003,79.8236,1,,1,1,2,1,QUINUA,2111,1,0,400,0,1,0,1,1,0,0, 
2025,21,PUNO,11,SAN ROMAN,04,CARACOTO,38291,01,01,1,2,211142003,79.8236,1,,1,1,2,2,CAÑIHUA,2103,1,0,350,0,1,0,1,1,0,0, 
2025,21,PUNO,11,SAN ROMAN,04,CARACOTO,38291,02,02,1,2,211142003,76.31973,1,,1,1,1,1,CAÑIHUA,2103,1,0,200,0,1,0,0,0,0,0, 
2025,21,PUNO,11,SAN ROMAN,05,SAN MIGUEL,38292,01,01,1,2,211143003,66.83121,1,,1,1,1,1,QUINUA,2111,1,0,200,0,0,0,1,1,0,0, 
2025,21,PUNO,11,SAN ROMAN,05,SAN MIGUEL,38292,01,01,1,2,211143003,66.83121,1,,1,1,1,2,CAÑIHUA,2103,1,0,150,0,0,0,1,1,0,0, 
2025,21,PUNO,11,SAN ROMAN,05,SAN MIGUEL,38292,02,02,1,2,211143003,31.34513,1,,1,1,1,1,CAÑIHUA,2103,1,0,100,0,0,0,1,1,0,0, 
2025,21,PUNO,11,SAN ROMAN,05,SAN MIGUEL,38292,03,03,1,2,211143003,24.73302,1,,1,1,2,1,CAÑIHUA,2103,1,0,100,0,0,0,1,1,0,0, 
2025,21,PUNO,11,SAN ROMAN,05,SAN MIGUEL,38292,04,04,1,2,211143003,26.60736,1,,1,1,2,1,CAÑIHUA,2103,1,0,100,0,0,0,1,1,0,0, 
2025,21,PUNO,11,SAN ROMAN,05,SAN MIGUEL,38293,01,01,1,2,211143003,19.53062,1,,1,1,2,1,CEBADA FORRAJERA,2703,1,0,200,0,0,0,1,1,0,0, 
2025,21,PUNO,12,SANDIA,03,LIMBANI,38299,02,02,1,2,211242002,21.0885,1,,1,1,1,1,HABA,2942,1,0,030,0,0,1,1,1,0,0, 
2025,21,PUNO,12,SANDIA,09,ALTO INAMBARI,38302,03,03,1,3,211273003,72.99577,1,,1,1,1,1,MAIZ AMILACEO,2108,1,0,075,0,0,1,0,0,0,0, 
2025,21,PUNO,12,SANDIA,10,SAN PEDRO DE PUTINA PUNCO,38310,02,02,1,3,211272003,152.372,1,,1,0,2,1,YUCA,2620,1,0,050,0,0,1,0,0,0,0, 
2025,21,PUNO,12,SANDIA,10,SAN PEDRO DE PUTINA PUNCO,38310,02,02,1,3,211272003,152.372,1,,1,0,2,2,PITUCA,2616,1,0,040,0,0,1,0,0,0,0, 
2025,21,PUNO,12,SANDIA,10,SAN PEDRO DE PUTINA PUNCO,38310,03,03,1,3,211272003,36.58793,1,,1,0,1,1,PITUCA,2616,1,0,030,0,0,1,0,0,0,0, 
2025,21,PUNO,12,SANDIA,10,SAN PEDRO DE PUTINA PUNCO,38310,03,03,1,3,211272003,36.58793,1,,1,0,1,2,YUCA,2620,1,0,035,0,0,1,0,0,0,0, 
2025,21,PUNO,12,SANDIA,10,SAN PEDRO DE PUTINA PUNCO,38310,03,03,1,3,211272003,36.58793,1,,1,0,1,3,SACHAPAPA,2617,1,0,030,0,0,1,0,0,0,0, 
2025,21,PUNO,12,SANDIA,10,SAN PEDRO DE PUTINA PUNCO,38310,04,04,1,3,211272003,160.8996,1,,1,0,1,1,YUCA,2620,1,0,100,0,0,1,0,0,0,0, 
2025,21,PUNO,12,SANDIA,10,SAN PEDRO DE PUTINA PUNCO,38310,04,04,1,3,211272003,160.8996,1,,1,0,1,2,MANI PARA FRUTA,2204,1,0,100,0,0,1,0,0,1,0, 
2025,21,PUNO,12,SANDIA,10,SAN PEDRO DE PUTINA PUNCO,38310,04,04,1,3,211272003,160.8996,1,,1,0,1,3,PITUCA,2616,1,0,120,0,0,1,0,0,1,0, 
2025,21,PUNO,13,YUNGUYO,01,YUNGUYO,38313,01,01,1,2,211341003,227.4116,1,,1,1,8,1,PAPA NATIVA,2615,1,0,060,0,1,0,0,0,0,0, 
2025,21,PUNO,13,YUNGUYO,01,YUNGUYO,38316,04,04,1,2,211341003,280.2112,1,,1,1,5,1,HABA,2942,1,0,040,0,0,1,1,0,0,0, 
2025,21,PUNO,13,YUNGUYO,01,YUNGUYO,38318,01,01,1,2,211343003,.606931,1,,1,1,4,1,TARHUI,2947,1,0,010,0,0,0,1,0,0,0, 
2025,21,PUNO,13,YUNGUYO,01,YUNGUYO,38318,04,04,1,2,211343003,15.75903,1,,1,1,2,1,PAPA NATIVA,2615,1,0,015,0,0,1,1,1,0,0, 
2025,21,PUNO,13,YUNGUYO,01,YUNGUYO,38318,06,06,1,2,211343003,75.07174,1,,1,1,2,1,PAPA NATIVA,2615,1,0,030,0,0,1,1,1,0,0, 
2025,21,PUNO,13,YUNGUYO,01,YUNGUYO,38321,02,02,1,2,211353003,8.173469,1,,1,1,4,1,PAPA NATIVA,2615,1,0,500,0,1,0,0,0,0,0, 
2025,21,PUNO,13,YUNGUYO,01,YUNGUYO,38321,03,03,1,2,211353003,12.07486,1,,1,1,3,1,PAPA NATIVA,2615,1,0,030,0,1,0,1,0,0,0, 
2025,21,PUNO,13,YUNGUYO,01,YUNGUYO,38322,03,03,1,2,211341003,122.8533,1,,1,1,3,1,HABA,2942,1,0,240,0,0,0,1,0,0,0, 
2025,21,PUNO,13,YUNGUYO,01,YUNGUYO,38322,04,04,1,2,211341003,70.22543,1,,1,1,4,1,AVENA FORRAJERA,2701,1,1500,000,0,1,0,1,0,0,0, 
2025,21,PUNO,13,YUNGUYO,02,ANAPIA,38324,01,01,1,2,211343002,81.47004,1,,1,1,3,1,HABA,2942,1,0,025,0,1,0,0,0,0,0, 
2025,21,PUNO,13,YUNGUYO,02,ANAPIA,38324,01,01,1,2,211343002,81.47004,1,,1,1,3,2,MAIZ CHOCLO,2109,1,0,025,0,1,0,0,0,0,0, 
2025,21,PUNO,13,YUNGUYO,02,ANAPIA,38324,09,09,1,2,211343002,34.88668,1,,1,1,2,1,MAIZ CHOCLO,2109,1,0,025,0,1,0,0,0,0,0, 
2025,21,PUNO,13,YUNGUYO,02,ANAPIA,38324,09,09,1,2,211343002,34.88668,1,,1,1,2,2,HABA,2942,1,0,025,0,1,0,0,0,0,0, 
2025,21,PUNO,13,YUNGUYO,02,ANAPIA,38324,10,10,1,2,211343002,1.222666,1,,1,1,3,1,TARHUI,2947,1,0,050,0,1,0,0,0,0,0, 
2025,21,PUNO,13,YUNGUYO,02,ANAPIA,38325,07,07,1,2,211342002,212.0503,1,,1,1,1,1,MAIZ CHOCLO,2109,1,0,050,0,1,0,1,0,0,0, 
2025,21,PUNO,13,YUNGUYO,02,ANAPIA,38325,07,07,1,2,211342002,212.0503,1,,1,1,1,2,HABA,2942,1,0,050,0,1,0,1,0,0,0, 
2025,21,PUNO,13,YUNGUYO,02,ANAPIA,38325,08,08,1,2,211342002,368.1321,1,,1,1,1,1,MAIZ CHOCLO,2109,1,0,100,0,1,0,0,0,0,0, 
2025,21,PUNO,13,YUNGUYO,02,ANAPIA,38325,08,08,1,2,211342002,368.1321,1,,1,1,1,2,HABA,2942,1,0,100,0,1,0,0,0,0,0, 
2025,21,PUNO,13,YUNGUYO,02,ANAPIA,38325,11,11,1,2,211342002,11.43062,1,,1,1,1,1,MAIZ CHOCLO,2109,1,0,050,0,1,0,0,0,0,0, 
2025,21,PUNO,13,YUNGUYO,02,ANAPIA,38325,11,11,1,2,211342002,11.43062,1,,1,1,1,2,HABA,2942,1,0,050,0,1,0,0,0,0,0, 
2025,21,PUNO,13,YUNGUYO,05,OLLARAYA,38328,01,01,1,2,211342001,3.676906,1,,1,0,2,1,PAPA NATIVA,2615,1,400,000,0,1,0,0,0,0,0, 
2025,21,PUNO,13,YUNGUYO,05,OLLARAYA,38330,02,02,1,2,211341001,5.933576,1,,1,1,6,1,PAPA NATIVA,2615,1,0,003,0,0,1,1,0,1,0, 
2025,21,PUNO,13,YUNGUYO,05,OLLARAYA,38330,02,02,1,2,211341001,5.933576,1,,1,1,1,1,PAPA NATIVA,2615,1,0,020,0,0,1,1,0,0,0, 
2025,21,PUNO,13,YUNGUYO,05,OLLARAYA,38330,02,02,1,2,211341001,5.933576,1,,1,1,13,1,PAPA NATIVA,2615,1,0,020,0,0,1,1,0,0,0, 
2025,21,PUNO,13,YUNGUYO,05,OLLARAYA,38330,02,02,1,2,211341001,5.933576,1,,1,1,4,1,PAPA NATIVA,2615,1,0,009,0,0,1,1,0,0,0, 
2025,21,PUNO,13,YUNGUYO,05,OLLARAYA,38330,11,11,1,2,211341001,22.32754,1,,1,1,13,1,PAPA NATIVA,2615,1,0,003,0,0,1,1,1,0,0, 
2025,21,PUNO,13,YUNGUYO,06,TINICACHI,38331,01,01,1,2,211342003,532.0067,1,,1,1,3,1,PAPA NATIVA,2615,1,0,020,0,1,0,0,0,0,0, 
2025,21,PUNO,13,YUNGUYO,06,TINICACHI,38331,01,01,1,2,211342003,532.0067,1,,1,1,3,2,OCA,2608,1,0,020,0,1,0,0,0,0,0, 
2025,21,PUNO,13,YUNGUYO,06,TINICACHI,38331,01,01,1,2,211342003,532.0067,1,,1,1,3,3,AVENA FORRAJERA,2701,1,0,020,0,1,0,0,0,0,0, 
2025,21,PUNO,13,YUNGUYO,06,TINICACHI,38331,01,01,1,2,211342003,532.0067,1,,1,1,3,4,HABA,2942,1,0,020,0,1,0,0,0,0,0, 
2025,21,PUNO,13,YUNGUYO,06,TINICACHI,38331,03,03,1,2,211342003,1669.287,1,,1,0,4,1,HABA,2942,1,0,010,0,1,0,1,0,0,0, 
2025,21,PUNO,13,YUNGUYO,06,TINICACHI,38331,03,03,1,2,211342003,1669.287,1,,1,0,4,2,MASHUA,2606,1,0,010,0,1,0,1,0,0,0, 
2025,21,PUNO,13,YUNGUYO,06,TINICACHI,38331,03,03,1,2,211342003,1669.287,1,,1,0,4,3,OCA,2608,1,0,005,0,1,0,1,0,0,0, 
2025,21,PUNO,13,YUNGUYO,06,TINICACHI,38331,03,03,1,2,211342003,1669.287,1,,1,0,4,4,MAIZ CHOCLO,2109,1,0,005,0,1,0,1,0,0,0, 
2025,21,PUNO,13,YUNGUYO,06,TINICACHI,38331,04,04,1,2,211342003,189.7036,1,,1,1,3,1,PAPA NATIVA,2615,1,0,010,0,1,0,1,0,0,0, 
2025,21,PUNO,13,YUNGUYO,06,TINICACHI,38331,04,04,1,2,211342003,189.7036,1,,1,1,3,2,OCA,2608,1,0,010,0,1,0,1,0,0,0, 
2025,21,PUNO,13,YUNGUYO,06,TINICACHI,38331,04,04,1,2,211342003,189.7036,1,,1,1,3,3,MAIZ CHOCLO,2109,1,0,010,0,1,0,1,0,0,0, 
2025,22,SAN MARTIN,01,MOYOBAMBA,01,MOYOBAMBA,38332,01,01,1,3,220182004,190.1025,1,,1,1,1,1,CAFE PERGAMINO,1203,2,1,500,0,0,1,0,0,0,0, 
2025,22,SAN MARTIN,01,MOYOBAMBA,01,MOYOBAMBA,38334,01,01,1,3,220183004,16.51221,1,,1,1,5,1,MAIZ AMARILLO DURO,2107,1,10,000,0,1,0,0,0,0,0, 
2025,22,SAN MARTIN,01,MOYOBAMBA,01,MOYOBAMBA,38334,08,08,1,3,220183004,22.81338,1,,1,1,2,1,ARROZ CASCARA,2101,1,1,000,0,1,0,0,0,0,0, 
2025,22,SAN MARTIN,01,MOYOBAMBA,01,MOYOBAMBA,38340,11,11,1,3,220181004,62.60232,1,,1,1,2,1,FRIJOL ASHPA,2904,1,1,000,0,0,1,0,0,0,0, 
2025,22,SAN MARTIN,01,MOYOBAMBA,01,MOYOBAMBA,38342,10,10,1,3,220181004,8.235262,1,,1,0,1,1,ARROZ CASCARA,2101,1,5,000,0,1,0,0,0,0,0, 
2025,22,SAN MARTIN,01,MOYOBAMBA,04,JEPELACIO,38356,04,04,1,3,220181004,520.8358,1,,1,1,1,1,CACAO,1202,3,0,673,0,0,1,0,0,0,0, 
2025,22,SAN MARTIN,01,MOYOBAMBA,05,SORITOR,38363,02,02,1,3,220171004,308.0707,1,,1,1,1,1,CAFE PERGAMINO,1203,2,0,500,0,0,1,0,0,0,0, 
2025,22,SAN MARTIN,01,MOYOBAMBA,05,SORITOR,38367,03,03,1,3,220172004,179.1396,1,,1,1,1,1,CAFE PERGAMINO,1203,2,0,001,1,0,0,0,0,0,0, 
2025,22,SAN MARTIN,01,MOYOBAMBA,05,SORITOR,38369,02,02,1,3,220171004,52.10506,1,,1,1,1,1,CAFE PERGAMINO,1203,2,0,100,1,0,0,0,0,0,0, 
2025,22,SAN MARTIN,01,MOYOBAMBA,05,SORITOR,38369,03,03,1,3,220171004,57.72425,1,,1,1,1,1,CAFE PERGAMINO,1203,2,0,500,0,0,1,0,0,0,0, 
2025,22,SAN MARTIN,01,MOYOBAMBA,06,YANTALO,38371,03,03,1,3,220183005,11.37687,1,,1,0,3,1,ARROZ CASCARA,2101,1,2,000,0,1,0,0,0,0,0, 
2025,22,SAN MARTIN,01,MOYOBAMBA,06,YANTALO,38371,05,05,1,3,220183005,4.0011,1,,1,0,1,1,ARROZ CASCARA,2101,1,10,000,0,1,0,0,0,0,0, 
2025,22,SAN MARTIN,01,MOYOBAMBA,06,YANTALO,38371,07,07,1,3,220183005,.5834126,1,,1,1,1,1,MAIZ AMARILLO DURO,2107,1,0,750,0,1,0,0,0,0,0, 
2025,22,SAN MARTIN,01,MOYOBAMBA,06,YANTALO,38371,07,07,1,3,220183005,.5834126,1,,1,1,1,2,MANI PARA FRUTA,2204,1,0,500,0,1,0,0,0,0,0, 
2025,22,SAN MARTIN,01,MOYOBAMBA,06,YANTALO,38371,10,10,1,3,220183005,1.703482,1,,1,1,1,1,ARROZ CASCARA,2101,1,10,000,0,1,0,0,0,0,0, 
2025,22,SAN MARTIN,01,MOYOBAMBA,06,YANTALO,38371,10,10,1,3,220183005,1.703482,1,,1,1,2,1,ARROZ CASCARA,2101,1,2,000,0,1,0,0,0,0,0, 
2025,22,SAN MARTIN,01,MOYOBAMBA,01,MOYOBAMBA,38372,02,02,1,3,220183003,95.18694,1,,1,0,1,1,MAIZ AMARILLO DURO,2107,1,0,250,0,0,0,0,0,1,0, 
2025,22,SAN MARTIN,02,BELLAVISTA,05,SAN PABLO,38402,01,01,1,3,220291005,12.23838,1,,1,0,1,1,MAIZ AMARILLO DURO,2107,1,3,000,0,0,0,0,0,1,0, 
2025,22,SAN MARTIN,02,BELLAVISTA,05,SAN PABLO,38405,01,01,1,3,220291005,8.608126,1,,1,0,1,1,MAIZ AMARILLO DURO,2107,1,2,000,0,0,0,0,0,1,0, 
2025,22,SAN MARTIN,02,BELLAVISTA,05,SAN PABLO,38405,02,02,1,3,220291005,17.14954,1,,1,0,1,1,MAIZ AMARILLO DURO,2107,1,3,000,0,0,0,0,0,1,0, 
2025,22,SAN MARTIN,02,BELLAVISTA,05,SAN PABLO,38405,04,04,1,3,220291005,3.565485,1,,1,0,1,1,MAIZ AMARILLO DURO,2107,1,3,000,0,0,0,0,0,1,0, 
2025,22,SAN MARTIN,02,BELLAVISTA,05,SAN PABLO,38406,03,03,1,3,220292005,5.12479,1,,1,0,1,1,MAIZ AMARILLO DURO,2107,1,2,000,0,0,0,0,0,1,0, 
2025,22,SAN MARTIN,03,EL DORADO,02,AGUA BLANCA,38419,02,02,1,3,220392005,1.02819,1,,1,1,1,1,MAIZ AMARILLO DURO,2107,1,3,000,0,0,0,0,0,1,0, 
2025,22,SAN MARTIN,03,EL DORADO,02,AGUA BLANCA,38419,06,06,1,3,220392005,3.023754,1,,1,1,1,1,MAIZ AMARILLO DURO,2107,1,5,000,0,0,0,0,0,1,0, 
2025,22,SAN MARTIN,03,EL DORADO,03,SAN MARTIN,38421,02,02,1,3,220382005,3.062,1,,1,1,1,1,YUCA,2620,1,0,500,0,0,1,0,0,0,0, 
2025,22,SAN MARTIN,03,EL DORADO,03,SAN MARTIN,38421,07,07,1,3,220382005,1.684362,1,,1,0,1,1,CACAO,1202,3,0,500,1,0,0,0,0,0,0, 
2025,22,SAN MARTIN,03,EL DORADO,03,SAN MARTIN,38421,09,09,1,3,220382005,10.03819,1,,1,0,1,1,ALMIZCLE VEGETAL,2804,1,0,500,0,0,1,0,0,0,0, 
2025,22,SAN MARTIN,03,EL DORADO,03,SAN MARTIN,38421,09,09,1,3,220382005,10.03819,1,,1,0,1,2,MAIZ AMARILLO DURO,2107,1,1,000,0,0,1,0,0,1,0, 
2025,22,SAN MARTIN,03,EL DORADO,03,SAN MARTIN,38425,01,01,1,3,220381005,91.82127,1,,1,1,2,1,FRIJOL HUASCA,2917,1,4,000,0,0,0,0,0,1,0, 
2025,22,SAN MARTIN,03,EL DORADO,03,SAN MARTIN,38425,03,03,1,3,220381005,55.20526,1,,1,0,1,1,MAIZ AMARILLO DURO,2107,1,1,000,0,0,0,0,0,0,1, 
2025,22,SAN MARTIN,03,EL DORADO,03,SAN MARTIN,38425,06,06,1,3,220381005,119.2235,1,,1,1,1,1,CACAO,1202,3,0,500,1,0,0,0,0,0,0, 
2025,22,SAN MARTIN,03,EL DORADO,03,SAN MARTIN,38426,01,01,1,3,220381004,98.59187,1,,1,1,1,1,CACAO,1202,3,2,000,0,0,1,0,0,0,0, 
2025,22,SAN MARTIN,03,EL DORADO,03,SAN MARTIN,38426,01,01,1,3,220381004,98.59187,1,,1,1,1,2,MAIZ AMARILLO DURO,2107,1,2,500,0,0,0,0,0,1,0, 
2025,22,SAN MARTIN,03,EL DORADO,03,SAN MARTIN,38426,02,02,1,3,220381004,664.2418,1,,1,1,1,1,CACAO,1202,3,2,000,0,0,1,0,0,0,0, 
2025,22,SAN MARTIN,03,EL DORADO,03,SAN MARTIN,38426,02,02,1,3,220381004,664.2418,1,,1,1,1,2,MAIZ AMARILLO DURO,2107,1,4,000,0,0,0,0,0,1,0, 
2025,22,SAN MARTIN,03,EL DORADO,04,SANTA ROSA,38430,01,01,1,3,220391005,17.86481,1,,1,1,1,1,PLATANO,1171,3,0,250,1,0,0,0,0,0,0, 
2025,22,SAN MARTIN,03,EL DORADO,04,SANTA ROSA,38430,06,06,1,3,220391005,58.40662,1,,1,1,1,1,MAIZ AMARILLO DURO,2107,1,0,500,0,0,1,0,0,0,0, 
2025,22,SAN MARTIN,03,EL DORADO,04,SANTA ROSA,38430,07,07,1,3,220391005,34.98561,1,,1,0,1,1,CACAO,1202,3,0,100,0,0,0,0,0,0,1, 
2025,22,SAN MARTIN,03,EL DORADO,04,SANTA ROSA,38430,08,08,1,3,220391005,75.2331,1,,1,1,2,1,MAIZ AMARILLO DURO,2107,1,0,500,0,0,1,0,0,1,0, 
2025,22,SAN MARTIN,03,EL DORADO,04,SANTA ROSA,38430,09,09,1,3,220391005,21.55626,1,,1,1,1,1,CACAO,1202,3,1,000,0,0,1,0,0,0,0, 
2025,22,SAN MARTIN,03,EL DORADO,04,SANTA ROSA,38431,01,01,1,3,220381004,131.4297,1,,1,1,1,1,CACAO,1202,3,0,150,1,0,0,0,0,0,0, 
2025,22,SAN MARTIN,03,EL DORADO,04,SANTA ROSA,38431,02,02,1,3,220381004,154.0239,1,,1,1,1,1,CACAO,1202,3,1,000,0,0,1,0,0,0,0, 
2025,22,SAN MARTIN,03,EL DORADO,04,SANTA ROSA,38433,01,01,1,3,220391004,574.3856,1,,1,1,1,1,MAIZ AMARILLO DURO,2107,1,1,000,0,0,0,0,0,1,0, 
2025,22,SAN MARTIN,03,EL DORADO,04,SANTA ROSA,38433,02,02,1,3,220391004,361.3991,1,,1,1,2,1,PASTO BRIZANTA,1408,3,1,000,1,0,0,0,0,0,0, 
2025,22,SAN MARTIN,03,EL DORADO,04,SANTA ROSA,38433,02,02,1,3,220391004,361.3991,1,,1,1,3,1,CACAO,1202,3,0,100,0,0,0,0,0,0,1, 
2025,22,SAN MARTIN,03,EL DORADO,04,SANTA ROSA,38433,02,02,1,3,220391004,361.3991,1,,1,1,3,2,MAIZ AMARILLO DURO,2107,1,1,000,0,0,0,0,0,1,0, 
2025,22,SAN MARTIN,04,HUALLAGA,05,SACANCHE,38453,03,03,1,3,220493005,.5946904,1,,1,1,1,1,YUCA,2620,1,0,100,0,0,0,0,0,1,0, 
2025,22,SAN MARTIN,04,HUALLAGA,05,SACANCHE,38453,09,09,1,3,220493005,.3151003,1,,1,0,1,1,NARANJO,1156,2,1,000,0,0,0,0,0,1,0, 
2025,22,SAN MARTIN,04,HUALLAGA,05,SACANCHE,38453,10,10,1,3,220493005,.3990674,1,,1,1,1,1,NARANJO,1156,2,0,300,0,0,0,0,0,1,0, 
2025,22,SAN MARTIN,04,HUALLAGA,06,TINGO DE SAPOSOA,38458,01,01,1,3,220493004,1.413838,1,,1,1,1,1,PASTO BRIZANTA,1408,3,10,000,0,0,0,0,0,1,0, 
2025,22,SAN MARTIN,04,HUALLAGA,06,TINGO DE SAPOSOA,38458,02,02,1,3,220493004,27.95031,1,,1,1,1,1,NARANJO,1156,2,0,500,0,1,0,0,0,0,0, 
2025,22,SAN MARTIN,04,HUALLAGA,06,TINGO DE SAPOSOA,38458,02,02,1,3,220493004,27.95031,1,,1,1,1,2,PLATANO,1171,3,3,000,1,1,0,0,0,0,0, 
2025,22,SAN MARTIN,05,LAMAS,05,CUÑUMBUQUI,38476,01,01,1,3,220591004,1.480298,1,,1,1,1,1,MAIZ AMARILLO DURO,2107,1,0,600,0,0,0,0,0,1,0, 
2025,22,SAN MARTIN,05,LAMAS,05,CUÑUMBUQUI,38477,01,01,1,3,220591004,119.2587,1,,1,0,1,1,PASTO BRIZANTA,1408,3,4,400,0,0,0,0,0,0,1, 
2025,22,SAN MARTIN,05,LAMAS,05,CUÑUMBUQUI,38477,01,01,1,3,220591004,119.2587,1,,1,0,2,1,PASTO BRIZANTA,1408,3,1,000,0,0,0,0,0,0,1, 
2025,22,SAN MARTIN,05,LAMAS,05,CUÑUMBUQUI,38477,02,02,1,3,220591004,66.99866,1,,1,0,1,1,PASTO BRIZANTA,1408,3,1,300,0,0,0,0,0,1,1, 
2025,22,SAN MARTIN,05,LAMAS,06,PINTO RECODO,38481,01,01,1,3,220581004,199.3577,1,,1,1,2,1,FRIJOL HUASCA,2917,1,0,500,0,0,0,0,0,1,0, 
2025,22,SAN MARTIN,05,LAMAS,10,TABALOSOS,38489,03,03,1,3,220571004,75.34457,1,,1,1,1,1,CACAO,1202,3,1,000,0,0,1,0,0,0,1, 
2025,22,SAN MARTIN,05,LAMAS,10,TABALOSOS,38497,06,06,1,3,220581004,164.1965,1,,1,1,2,1,PLATANO,1171,3,2,000,0,0,1,0,0,0,0, 
2025,22,SAN MARTIN,05,LAMAS,10,TABALOSOS,38497,06,06,1,3,220581004,164.1965,1,,1,1,3,1,CAFE PERGAMINO,1203,2,5,400,0,0,1,0,0,0,0, 
2025,22,SAN MARTIN,07,PICOTA,03,CASPISAPA,38535,05,05,1,3,220791005,.0315594,1,,1,0,1,1,MAIZ AMARILLO DURO,2107,1,0,607,0,0,0,0,0,1,0, 
2025,22,SAN MARTIN,07,PICOTA,07,SAN HILARION,38538,03,03,1,3,220791005,8.133278,1,,1,1,1,1,MAIZ AMARILLO DURO,2107,1,11,344,0,0,0,0,0,1,0, 
2025,22,SAN MARTIN,07,PICOTA,10,TRES UNIDOS,38555,03,03,1,3,220783004,149.395,1,,1,1,1,1,YUCA,2620,1,0,500,0,0,0,0,0,0,1, 
2025,22,SAN MARTIN,08,RIOJA,04,NUEVA CAJAMARCA,38572,07,07,1,3,220873005,1.472741,1,,1,1,1,1,CAFE PERGAMINO,1203,2,0,500,0,0,1,0,0,0,0, 
2025,22,SAN MARTIN,08,RIOJA,05,PARDO MIGUEL,38576,01,01,1,3,220882005,.0098412,1,,1,0,1,1,CAFE PERGAMINO,1203,2,2,000,0,0,1,0,0,0,0, 
2025,22,SAN MARTIN,08,RIOJA,05,PARDO MIGUEL,38576,08,08,1,3,220882005,.5264117,1,,1,1,1,1,PITAHAYA,1169,2,0,250,0,0,1,0,0,0,0, 
2025,22,SAN MARTIN,08,RIOJA,05,PARDO MIGUEL,38576,08,08,1,3,220882005,.5264117,1,,1,1,3,1,PAPAYA,1163,2,0,100,0,0,1,0,0,0,0, 
2025,22,SAN MARTIN,08,RIOJA,05,PARDO MIGUEL,38576,11,11,1,3,220882005,1.567834,1,,1,0,2,1,PIÑA,2208,1,2,000,0,0,0,0,0,0,1, 
2025,22,SAN MARTIN,08,RIOJA,05,PARDO MIGUEL,38576,11,11,1,3,220882005,1.567834,1,,1,0,1,1,CAFE PERGAMINO,1203,2,6,000,0,0,1,0,0,0,0, 
2025,22,SAN MARTIN,08,RIOJA,05,PARDO MIGUEL,38576,12,12,1,3,220882005,1.189589,1,,1,0,1,1,YUCA,2620,1,0,200,0,0,0,0,0,0,1, 
2025,22,SAN MARTIN,09,SAN MARTIN,02,ALBERTO LEVEAU,38587,02,02,1,3,220983005,13.81599,1,,1,1,1,1,YUCA,2620,1,1,000,0,0,0,0,0,0,1, 
2025,22,SAN MARTIN,09,SAN MARTIN,13,SAUCE,38601,03,03,1,3,220983004,169.6897,1,,1,1,1,1,PLATANO,1171,3,0,500,0,0,0,0,0,1,1, 
2025,22,SAN MARTIN,09,SAN MARTIN,14,SHAPAJA,38602,01,01,1,3,220991003,9.849992,1,,1,1,1,1,YUCA,2620,1,0,500,0,0,0,0,0,0,1, 
2025,23,TACNA,01,TACNA,01,TACNA,38648,01,01,1,1,230111003,.4799804,1,,1,1,1,1,OLIVO,1218,2,0,028,0,0,0,0,0,1,0, 
2025,23,TACNA,01,TACNA,01,TACNA,38648,03,03,1,1,230111003,.6258747,1,,1,0,1,1,OLIVO,1218,2,0,460,0,0,0,0,0,1,0, 
2025,23,TACNA,01,TACNA,01,TACNA,38648,03,03,1,1,230111003,.6258747,1,,1,0,1,2,NARANJO,1156,2,0,270,0,0,0,0,0,1,0, 
2025,23,TACNA,01,TACNA,01,TACNA,38648,03,03,1,1,230111003,.6258747,1,,1,0,1,3,PERAL,1166,2,0,020,0,0,0,0,0,1,0, 
2025,23,TACNA,01,TACNA,01,TACNA,38648,04,04,1,1,230111003,.8067067,1,,1,1,2,1,OLIVO,1218,2,0,318,0,0,1,0,0,0,0, 
2025,23,TACNA,01,TACNA,01,TACNA,38649,01,01,1,1,230111003,2.314919,1,,1,1,1,1,ARVEJA,2901,1,1,200,0,0,1,0,0,0,0, 
2025,23,TACNA,01,TACNA,01,TACNA,38654,07,07,1,1,230111004,.0983835,1,,1,0,1,1,VID,1192,2,0,100,0,0,1,0,0,0,0, 
2025,23,TACNA,01,TACNA,05,INCLAN,38668,02,02,1,1,230111003,.2798881,1,,1,0,1,1,MAIZ CHALA,2706,1,0,600,0,0,1,0,0,0,0, 
2025,23,TACNA,01,TACNA,05,INCLAN,38668,03,03,1,1,230111003,7.081999,1,,1,1,2,1,OLIVO,1218,2,2,800,0,0,1,0,0,1,0, 
2025,23,TACNA,01,TACNA,07,PALCA,38691,02,02,1,2,230141002,.7162685,1,,1,1,3,1,PAPA COLOR,2613,1,0,005,0,0,0,1,0,0,0, 
2025,23,TACNA,01,TACNA,07,PALCA,38691,04,04,1,2,230141002,1.761616,1,,1,1,2,1,PAPA COLOR,2613,1,0,010,1,1,0,0,0,0,0, 
2025,23,TACNA,01,TACNA,07,PALCA,38691,04,04,1,2,230141002,1.761616,1,,1,1,2,2,MAIZ AMILACEO,2108,1,0,010,1,1,0,0,0,0,0, 
2025,23,TACNA,01,TACNA,10,CORONEL GREGORIO ALBARRACIN LANCHIPA,38702,04,04,1,1,230111003,1.939359,1,,1,0,2,1,TARA,1225,2,0,250,0,0,1,0,0,1,0, 
2025,23,TACNA,01,TACNA,11,LA YARADA LOS PALOS,38704,06,06,1,1,230111004,38.59504,1,,1,0,2,1,PERAL,1166,2,0,500,0,0,1,0,0,0,0, 
2025,23,TACNA,01,TACNA,11,LA YARADA LOS PALOS,38704,06,06,1,1,230111004,38.59504,1,,1,0,1,1,OLIVO,1218,2,10,150,0,0,0,0,0,1,0, 
2025,23,TACNA,01,TACNA,11,LA YARADA LOS PALOS,38710,09,09,1,1,230111004,.2178317,1,,1,0,1,1,OLIVO,1218,2,5,000,0,0,0,0,0,1,0, 
2025,23,TACNA,01,TACNA,11,LA YARADA LOS PALOS,38710,12,12,1,1,230111004,2.695128,1,,1,0,1,1,GUAYABO,1134,2,0,006,0,0,1,0,0,0,0, 
2025,23,TACNA,01,TACNA,11,LA YARADA LOS PALOS,38710,12,12,1,1,230111004,2.695128,1,,1,0,1,2,GRANADO,1132,2,0,005,0,0,1,0,0,0,0, 
2025,23,TACNA,01,TACNA,11,LA YARADA LOS PALOS,38710,12,12,1,1,230111004,2.695128,1,,1,0,1,3,HIGUERA,1136,2,0,005,0,0,1,0,0,0,0, 
2025,23,TACNA,01,TACNA,11,LA YARADA LOS PALOS,38710,12,12,1,1,230111004,2.695128,1,,1,0,1,4,MANZANO,1149,2,0,003,0,0,1,0,0,0,0, 
2025,23,TACNA,01,TACNA,11,LA YARADA LOS PALOS,38710,12,12,1,1,230111004,2.695128,1,,1,0,1,5,PACAE,1159,2,0,016,0,0,1,0,0,0,0, 
2025,23,TACNA,01,TACNA,11,LA YARADA LOS PALOS,38712,07,07,1,1,230111004,.0890532,1,,1,1,1,1,HIGUERA,1136,2,0,008,0,0,1,0,0,0,0, 
2025,23,TACNA,01,TACNA,11,LA YARADA LOS PALOS,38712,07,07,1,1,230111004,.0890532,1,,1,1,1,2,PACAE,1159,2,0,002,0,0,1,0,0,0,0, 
2025,23,TACNA,01,TACNA,11,LA YARADA LOS PALOS,38712,07,07,1,1,230111004,.0890532,1,,1,1,1,3,GUAYABO,1134,2,0,002,0,0,1,0,0,0,0, 
2025,23,TACNA,01,TACNA,11,LA YARADA LOS PALOS,38712,07,07,1,1,230111004,.0890532,1,,1,1,1,4,MANZANO,1149,2,0,003,0,0,1,0,0,0,0, 
2025,23,TACNA,01,TACNA,11,LA YARADA LOS PALOS,38712,07,07,1,1,230111004,.0890532,1,,1,1,1,5,MEMBRILLERO,1153,2,0,001,0,0,1,0,0,0,0, 
2025,23,TACNA,01,TACNA,11,LA YARADA LOS PALOS,38720,03,03,1,1,230111004,5.267112,1,,1,0,1,1,OLIVO,1218,2,1,440,0,0,0,0,0,1,0, 
2025,23,TACNA,01,TACNA,11,LA YARADA LOS PALOS,38720,09,09,1,1,230111004,10.92465,1,,1,0,1,1,OLIVO,1218,2,1,494,0,0,0,0,0,1,0, 
2025,23,TACNA,01,TACNA,11,LA YARADA LOS PALOS,38720,09,09,1,1,230111004,10.92465,1,,1,0,2,1,OLIVO,1218,2,1,700,0,0,0,0,0,1,0, 
2025,23,TACNA,01,TACNA,11,LA YARADA LOS PALOS,38720,11,11,1,1,230111004,3.791426,1,,1,0,2,1,OLIVO,1218,2,1,300,0,0,0,0,0,1,0, 
2025,23,TACNA,01,TACNA,11,LA YARADA LOS PALOS,38720,11,11,1,1,230111004,3.791426,1,,1,0,1,1,OLIVO,1218,2,0,923,0,0,0,0,0,1,0, 
2025,23,TACNA,01,TACNA,11,LA YARADA LOS PALOS,38720,11,11,1,1,230111004,3.791426,1,,1,0,3,1,OLIVO,1218,2,2,200,0,0,0,0,0,1,0, 
2025,23,TACNA,01,TACNA,11,LA YARADA LOS PALOS,38726,04,04,1,1,230111004,1.488288,1,,1,0,2,1,OLIVO,1218,2,0,951,0,0,0,0,0,1,0, 
2025,23,TACNA,01,TACNA,11,LA YARADA LOS PALOS,38726,09,09,1,1,230111004,2.788132,1,,1,0,1,1,OLIVO,1218,2,0,072,0,0,0,0,0,1,0, 
2025,23,TACNA,01,TACNA,11,LA YARADA LOS PALOS,38733,03,03,1,1,230112003,37.28704,1,,1,1,1,1,VAINITA,2948,1,2,000,0,0,1,0,0,0,1, 
2025,23,TACNA,01,TACNA,11,LA YARADA LOS PALOS,38733,03,03,1,1,230112003,37.28704,1,,1,1,1,2,ZAPALLO ITALIANO,2349,1,1,000,0,0,1,0,0,0,1, 
2025,23,TACNA,01,TACNA,11,LA YARADA LOS PALOS,38733,06,06,1,1,230112003,6.441328,1,,1,1,2,1,OLIVO,1218,2,2,000,0,0,0,0,0,1,0, 
2025,23,TACNA,01,TACNA,11,LA YARADA LOS PALOS,38737,07,07,1,1,230111004,10.49573,1,,1,0,2,1,OLIVO,1218,2,6,000,0,0,0,0,0,1,0, 
2025,23,TACNA,01,TACNA,11,LA YARADA LOS PALOS,38742,02,02,1,1,230111004,4.411287,1,,1,0,1,1,OLIVO,1218,2,2,000,0,0,0,0,0,1,0, 
2025,23,TACNA,01,TACNA,11,LA YARADA LOS PALOS,38754,03,03,1,1,230111004,2.624873,1,,1,1,1,1,GUAYABO,1134,2,0,002,0,0,1,0,0,0,0, 
2025,23,TACNA,01,TACNA,11,LA YARADA LOS PALOS,38754,05,05,1,1,230111004,1.950625,1,,1,1,1,1,HIGUERA,1136,2,0,009,0,0,1,0,0,0,0, 
2025,23,TACNA,01,TACNA,11,LA YARADA LOS PALOS,38755,01,01,1,1,230111004,35.45391,1,,1,0,1,1,OLIVO,1218,2,2,836,0,0,0,0,0,1,0, 
2025,23,TACNA,01,TACNA,11,LA YARADA LOS PALOS,38756,06,06,1,1,230111004,6.317782,1,,1,0,1,1,PACAE,1159,2,0,004,0,0,1,0,0,0,0, 
2025,23,TACNA,01,TACNA,11,LA YARADA LOS PALOS,38768,11,11,1,1,230111004,24.33844,1,,1,0,2,1,OLIVO,1218,2,0,950,0,0,0,0,0,1,0, 
2025,23,TACNA,01,TACNA,11,LA YARADA LOS PALOS,38768,11,11,1,1,230111004,24.33844,1,,1,0,1,1,OLIVO,1218,2,1,500,0,0,0,0,0,1,0, 
2025,23,TACNA,01,TACNA,11,LA YARADA LOS PALOS,38768,11,11,1,1,230111004,24.33844,1,,1,0,3,1,OLIVO,1218,2,0,980,0,0,0,0,0,1,0, 
2025,23,TACNA,01,TACNA,11,LA YARADA LOS PALOS,38768,11,11,1,1,230111004,24.33844,1,,1,0,1,2,AJI,2302,1,0,400,0,0,1,0,0,0,0, 
2025,23,TACNA,01,TACNA,11,LA YARADA LOS PALOS,38774,14,14,1,1,230111004,22.58677,1,,1,0,1,1,OLIVO,1218,2,1,980,0,0,0,0,0,1,0, 
2025,23,TACNA,01,TACNA,11,LA YARADA LOS PALOS,38774,14,14,1,1,230111004,22.58677,1,,1,0,2,1,OLIVO,1218,2,2,600,0,0,0,0,0,1,0, 
2025,23,TACNA,01,TACNA,11,LA YARADA LOS PALOS,38784,07,07,1,1,230111004,4.588435,1,,1,1,1,1,GUAYABO,1134,2,0,003,0,0,1,0,0,0,0, 
2025,23,TACNA,02,CANDARAVE,01,CANDARAVE,38786,01,01,1,2,230241004,1.948244,1,,1,0,2,1,PAPA NATIVA,2615,1,0,310,0,0,1,1,0,0,0, 
2025,23,TACNA,02,CANDARAVE,01,CANDARAVE,38786,02,02,1,2,230241004,.0551498,1,,1,1,3,1,PAPA NATIVA,2615,1,1,000,0,0,1,1,0,0,0, 
2025,23,TACNA,02,CANDARAVE,01,CANDARAVE,38786,02,02,1,2,230241004,.0551498,1,,1,1,3,2,AVENA FORRAJERA,2701,1,0,500,0,0,0,1,0,0,0, 
2025,23,TACNA,02,CANDARAVE,01,CANDARAVE,38786,06,06,1,2,230241004,1.808512,1,,1,1,5,1,MAIZ AMILACEO,2108,1,0,300,0,0,0,1,0,0,0, 
2025,23,TACNA,02,CANDARAVE,01,CANDARAVE,38786,09,09,1,2,230241004,1.463432,1,,1,1,4,1,MAIZ AMILACEO,2108,1,0,300,0,0,0,1,0,0,0, 
2025,23,TACNA,02,CANDARAVE,01,CANDARAVE,38786,12,12,1,2,230241004,1.026917,1,,1,0,2,1,MAIZ AMILACEO,2108,1,0,030,0,0,0,1,0,0,0, 
2025,23,TACNA,02,CANDARAVE,06,QUILAHUANI,38821,04,04,1,2,230231003,10.6183,1,,1,1,4,1,HABA,2942,1,0,220,0,0,0,1,0,0,0, 
2025,23,TACNA,02,CANDARAVE,06,QUILAHUANI,38821,07,07,1,2,230231003,49.85487,1,,1,1,1,1,ALFALFA,1401,3,0,733,0,0,0,1,0,0,0, 
2025,23,TACNA,02,CANDARAVE,06,QUILAHUANI,38821,08,08,1,2,230231003,9.258677,1,,1,0,2,1,MAIZ AMILACEO,2108,1,0,110,0,0,0,1,0,0,0, 
2025,23,TACNA,02,CANDARAVE,06,QUILAHUANI,38821,08,08,1,2,230231003,9.258677,1,,1,0,2,2,PAPA BLANCA,2612,1,0,110,0,0,1,1,0,0,0, 
2025,23,TACNA,02,CANDARAVE,06,QUILAHUANI,38821,08,08,1,2,230231003,9.258677,1,,1,0,2,3,HABA,2942,1,0,110,0,0,0,1,0,0,0, 
2025,23,TACNA,02,CANDARAVE,06,QUILAHUANI,38822,03,03,1,2,230232002,2.681915,1,,1,1,3,1,HABA,2942,1,0,330,0,0,0,1,0,0,0, 
2025,23,TACNA,04,TARATA,02,HEROES ALBARRACIN,38858,06,06,1,2,230431003,35.28154,1,,1,1,2,1,MAIZ AMILACEO,2108,1,0,500,1,0,0,0,0,0,0, 
2025,23,TACNA,04,TARATA,02,HEROES ALBARRACIN,38858,09,09,1,2,230431003,19.22981,1,,1,0,10,1,TUNA FRUTA,1186,2,0,500,0,0,1,0,0,0,0, 
2025,23,TACNA,04,TARATA,06,SUSAPAYA,38870,01,01,1,2,230431003,94.42416,1,,1,1,5,1,TUNA FRUTA,1186,2,0,250,0,0,1,0,0,0,0, 
2025,23,TACNA,04,TARATA,06,SUSAPAYA,38870,01,01,1,2,230431003,94.42416,1,,1,1,4,1,TUNA FRUTA,1186,2,0,500,0,0,1,0,0,0,0, 
2025,23,TACNA,04,TARATA,07,TARUCACHI,38874,01,01,1,2,230431004,1579.198,1,,1,1,1,1,MAIZ AMILACEO,2108,1,0,500,0,0,1,0,0,1,0, 
2025,24,TUMBES,01,TUMBES,01,TUMBES,38889,01,01,1,1,240111004,2.818711,1,,1,0,3,1,ARROZ CASCARA,2101,1,1,000,0,1,0,0,0,0,0, 
2025,24,TUMBES,01,TUMBES,01,TUMBES,38895,01,01,1,1,240111003,1.31616,1,,1,0,1,1,PLATANO,1171,3,6,100,0,1,0,0,0,0,0, 
2025,24,TUMBES,01,TUMBES,02,CORRALES,38911,06,06,1,1,240111003,55.77892,1,,1,0,1,1,ARROZ CASCARA,2101,1,1,500,0,1,0,0,0,0,0, 
2025,24,TUMBES,01,TUMBES,02,CORRALES,38911,06,06,1,1,240111003,55.77892,1,,1,0,2,1,ARROZ CASCARA,2101,1,2,000,0,1,0,0,0,0,0, 
2025,24,TUMBES,01,TUMBES,02,CORRALES,38913,02,02,1,1,240111004,1.814948,1,,1,0,1,1,ARROZ CASCARA,2101,1,8,000,0,1,0,0,0,0,0, 
2025,24,TUMBES,01,TUMBES,04,PAMPAS DE HOSPITAL,38923,07,07,1,1,240113003,2.933852,1,,1,0,1,1,PLATANO,1171,3,1,000,1,1,0,0,0,0,0, 
2025,24,TUMBES,01,TUMBES,04,PAMPAS DE HOSPITAL,38931,01,01,1,1,240111003,40.12784,1,,1,0,1,1,PASTO ELEFANTE,1424,3,1,000,0,1,0,0,0,0,0, 
2025,24,TUMBES,01,TUMBES,04,PAMPAS DE HOSPITAL,38931,01,01,1,1,240111003,40.12784,1,,1,0,1,2,PLATANO,1171,3,1,000,0,1,0,0,0,0,0, 
2025,24,TUMBES,01,TUMBES,04,PAMPAS DE HOSPITAL,38936,03,03,1,1,240111003,9.880621,1,,1,0,1,1,MAIZ AMARILLO DURO,2107,1,0,200,0,0,0,0,0,1,0, 
2025,24,TUMBES,01,TUMBES,04,PAMPAS DE HOSPITAL,38936,04,04,1,1,240111003,17.06377,1,,1,0,1,1,MAIZ AMARILLO DURO,2107,1,1,000,0,0,0,0,0,1,0, 
2025,24,TUMBES,01,TUMBES,05,SAN JACINTO,38939,01,01,1,1,240111003,26.60618,1,,1,0,1,1,LIMON ACIDO,1140,3,0,353,0,1,0,0,0,0,0, 
2025,24,TUMBES,01,TUMBES,05,SAN JACINTO,38940,02,02,1,1,240111003,5.060936,1,,1,0,2,1,PLATANO,1171,3,1,000,0,1,0,0,0,0,0, 
2025,24,TUMBES,01,TUMBES,05,SAN JACINTO,38941,06,06,1,1,240111003,7.034846,1,,1,0,3,1,PLATANO,1171,3,0,210,0,1,0,0,0,0,0, 
2025,24,TUMBES,01,TUMBES,05,SAN JACINTO,38941,07,07,1,1,240111003,3.567199,1,,1,0,1,1,PLATANO,1171,3,0,200,0,1,0,0,0,0,0, 
2025,24,TUMBES,01,TUMBES,05,SAN JACINTO,38941,12,12,1,1,240111003,2.268101,1,,1,0,1,1,PLATANO,1171,3,0,200,0,1,0,0,0,0,0, 
2025,24,TUMBES,01,TUMBES,05,SAN JACINTO,38943,01,01,1,1,240111003,30.76491,1,,1,0,2,1,PLATANO,1171,3,0,300,0,1,0,0,0,0,0, 
2025,24,TUMBES,01,TUMBES,05,SAN JACINTO,38943,05,05,1,1,240111003,6.372447,1,,1,0,2,1,PLATANO,1171,3,0,400,0,1,0,0,0,0,0, 
2025,24,TUMBES,01,TUMBES,05,SAN JACINTO,38943,06,06,1,1,240111003,2.410586,1,,1,0,1,1,MAIZ AMARILLO DURO,2107,1,0,791,0,1,0,0,0,0,0, 
2025,24,TUMBES,01,TUMBES,05,SAN JACINTO,38947,01,01,1,1,240111003,50.18733,1,,1,0,1,1,PLATANO,1171,3,5,000,0,1,0,0,0,0,0, 
2025,24,TUMBES,01,TUMBES,06,SAN JUAN DE LA VIRGEN,38952,02,02,1,1,240111003,17.75814,1,,1,0,1,1,MELON,2206,1,1,000,0,1,0,0,0,0,0, 
2025,24,TUMBES,01,TUMBES,06,SAN JUAN DE LA VIRGEN,38953,01,01,1,1,240111003,11.8029,1,,1,0,1,1,PLATANO,1171,3,0,300,0,1,0,0,0,0,0, 
2025,24,TUMBES,01,TUMBES,06,SAN JUAN DE LA VIRGEN,38953,03,03,1,1,240111003,14.6179,1,,1,0,1,1,PLATANO,1171,3,0,400,0,1,0,0,0,0,0, 
2025,24,TUMBES,01,TUMBES,06,SAN JUAN DE LA VIRGEN,38953,03,03,1,1,240111003,14.6179,1,,1,0,1,2,MAIZ CHOCLO,2109,1,0,500,0,1,0,0,0,0,0, 
2025,24,TUMBES,02,CONTRALMIRANTE VILLAR,02,CASITAS,38966,03,03,1,1,240211003,199.5196,1,,1,1,2,1,YUCA,2620,1,0,500,0,0,0,0,0,1,0, 
2025,24,TUMBES,03,ZARUMILLA,02,AGUAS VERDES,38979,02,02,1,1,240313003,.090337,1,,1,0,1,1,ZAPALLO,2345,1,1,000,0,0,0,0,0,1,1, 
2025,24,TUMBES,03,ZARUMILLA,03,MATAPALO,38982,07,07,1,1,240311003,2.878628,1,,1,1,2,1,MAIZ AMARILLO DURO,2107,1,1,300,0,0,0,0,0,1,0, 
2025,24,TUMBES,03,ZARUMILLA,04,PAPAYAL,39005,01,01,1,1,240311003,11.93327,1,,1,0,2,1,PLATANO,1171,3,0,800,0,1,0,0,0,0,0, 
2025,24,TUMBES,03,ZARUMILLA,04,PAPAYAL,39014,01,01,1,1,240313002,92.29639,1,,1,0,1,1,MAIZ CHOCLO,2109,1,0,497,0,1,0,0,0,0,0, 
2025,25,UCAYALI,01,CORONEL PORTILLO,01,CALLERIA,39030,02,02,1,3,250193006,.4104731,1,,1,0,1,1,FRIJOL CAUPI,2911,1,0,300,0,1,0,0,0,0,0, 
2025,25,UCAYALI,01,CORONEL PORTILLO,01,CALLERIA,39032,01,01,1,3,250193006,10.17682,1,,1,1,1,1,MAIZ AMARILLO DURO,2107,1,0,500,0,1,0,0,0,0,0, 
2025,25,UCAYALI,01,CORONEL PORTILLO,01,CALLERIA,39032,01,01,1,3,250193006,10.17682,1,,1,1,1,2,PLATANO,1171,3,1,000,0,1,0,0,0,0,0, 
2025,25,UCAYALI,01,CORONEL PORTILLO,01,CALLERIA,39032,01,01,1,3,250193006,10.17682,1,,1,1,1,3,YUCA,2620,1,0,500,0,1,0,0,0,0,0, 
2025,25,UCAYALI,01,CORONEL PORTILLO,01,CALLERIA,39032,02,02,1,3,250193006,5.450434,1,,1,1,1,1,PLATANO,1171,3,2,000,0,1,0,0,0,0,0, 
2025,25,UCAYALI,01,CORONEL PORTILLO,01,CALLERIA,39032,03,03,1,3,250193006,5.528377,1,,1,1,2,1,CACAO,1202,3,0,500,0,1,0,0,0,0,0, 
2025,25,UCAYALI,01,CORONEL PORTILLO,01,CALLERIA,39032,03,03,1,3,250193006,5.528377,1,,1,1,1,1,PAPAYA,1163,2,0,250,0,1,0,0,0,0,0, 
2025,25,UCAYALI,01,CORONEL PORTILLO,01,CALLERIA,39032,03,03,1,3,250193006,5.528377,1,,1,1,1,2,PLATANO,1171,3,0,250,0,1,0,0,0,0,0, 
2025,25,UCAYALI,01,CORONEL PORTILLO,01,CALLERIA,39032,03,03,1,3,250193006,5.528377,1,,1,1,2,2,PLATANO,1171,3,0,500,0,1,0,0,0,0,0, 
2025,25,UCAYALI,01,CORONEL PORTILLO,01,CALLERIA,39032,03,03,1,3,250193006,5.528377,1,,1,1,1,3,CACAO,1202,3,0,250,0,1,0,0,0,0,0, 
2025,25,UCAYALI,01,CORONEL PORTILLO,01,CALLERIA,39032,04,04,1,3,250193006,.410101,1,,1,1,1,1,PLATANO,1171,3,1,000,0,1,0,0,0,0,0, 
2025,25,UCAYALI,01,CORONEL PORTILLO,01,CALLERIA,39032,05,05,1,3,250193006,19.57702,1,,1,1,1,1,PLATANO,1171,3,4,000,0,1,0,0,0,0,0, 
2025,25,UCAYALI,01,CORONEL PORTILLO,01,CALLERIA,39032,05,05,1,3,250193006,19.57702,1,,1,1,1,2,MAIZ AMARILLO DURO,2107,1,1,000,0,1,0,0,0,0,0, 
2025,25,UCAYALI,01,CORONEL PORTILLO,01,CALLERIA,39032,06,06,1,3,250193006,7.991342,1,,1,0,1,1,PLATANO,1171,3,5,000,0,1,0,0,0,0,0, 
2025,25,UCAYALI,01,CORONEL PORTILLO,01,CALLERIA,39032,07,07,1,3,250193006,3.093849,1,,1,1,1,1,PIJUAYO FRUTA,1167,2,0,100,0,1,0,0,0,0,0, 
2025,25,UCAYALI,01,CORONEL PORTILLO,01,CALLERIA,39032,07,07,1,3,250193006,3.093849,1,,1,1,1,2,MACAMBO,1144,3,0,018,0,1,0,0,0,0,0, 
2025,25,UCAYALI,01,CORONEL PORTILLO,01,CALLERIA,39032,09,09,1,3,250193006,3.985547,1,,1,1,1,1,PLATANO,1171,3,2,000,0,1,0,0,0,0,0, 
2025,25,UCAYALI,01,CORONEL PORTILLO,01,CALLERIA,39032,10,10,1,3,250193006,8.531246,1,,1,0,1,1,PLATANO,1171,3,1,500,0,1,0,0,0,0,0, 
2025,25,UCAYALI,01,CORONEL PORTILLO,01,CALLERIA,39032,11,11,1,3,250193006,2.405927,1,,1,1,1,1,PLATANO,1171,3,2,000,0,1,0,0,0,0,0, 
2025,25,UCAYALI,01,CORONEL PORTILLO,01,CALLERIA,39034,03,03,1,3,250193005,23.61484,1,,1,1,2,1,MAIZ AMARILLO DURO,2107,1,1,000,0,0,0,0,0,1,0, 
2025,25,UCAYALI,01,CORONEL PORTILLO,01,CALLERIA,39036,05,05,1,3,250193005,12.20529,1,,1,0,1,1,CAMU CAMU,1111,2,0,039,0,1,0,0,0,0,0, 
2025,25,UCAYALI,01,CORONEL PORTILLO,01,CALLERIA,39036,06,06,1,3,250193005,35.34805,1,,1,0,1,1,CAMU CAMU,1111,2,0,142,0,1,0,0,0,0,0, 
2025,25,UCAYALI,01,CORONEL PORTILLO,01,CALLERIA,39036,08,08,1,3,250193005,27.20181,1,,1,0,1,1,CAMU CAMU,1111,2,0,242,0,1,0,0,0,0,0, 
2025,25,UCAYALI,01,CORONEL PORTILLO,01,CALLERIA,39036,09,09,1,3,250193005,15.85699,1,,1,0,1,1,CAMU CAMU,1111,2,0,506,0,1,0,0,0,0,0, 
2025,25,UCAYALI,01,CORONEL PORTILLO,01,CALLERIA,39038,01,01,1,3,250193006,17.46587,1,,1,1,1,1,MAIZ AMARILLO DURO,2107,1,1,000,0,1,0,0,0,0,0, 
2025,25,UCAYALI,01,CORONEL PORTILLO,01,CALLERIA,39038,01,01,1,3,250193006,17.46587,1,,1,1,1,2,PLATANO,1171,3,0,500,0,1,0,0,0,0,0, 
2025,25,UCAYALI,01,CORONEL PORTILLO,03,IPARIA,39071,03,03,1,3,250193006,5.175231,1,,1,1,2,1,MAIZ AMARILLO DURO,2107,1,6,000,0,1,0,0,0,0,0, 
2025,25,UCAYALI,01,CORONEL PORTILLO,03,IPARIA,39072,01,01,1,3,250192004,.4581617,1,,1,1,2,1,ARROZ CASCARA,2101,1,1,000,0,0,1,0,0,0,0, 
2025,25,UCAYALI,01,CORONEL PORTILLO,03,IPARIA,39072,02,02,1,3,250192004,.2284163,1,,1,1,2,1,ARROZ CASCARA,2101,1,1,000,0,0,1,0,0,0,0, 
2025,25,UCAYALI,01,CORONEL PORTILLO,03,IPARIA,39073,02,02,1,3,250193006,.8491037,1,,1,1,3,1,MAIZ AMARILLO DURO,2107,1,0,750,0,1,0,0,0,0,0, 
2025,25,UCAYALI,01,CORONEL PORTILLO,03,IPARIA,39073,02,02,1,3,250193006,.8491037,1,,1,1,3,2,YUCA,2620,1,0,250,0,1,0,0,0,0,0, 
2025,25,UCAYALI,01,CORONEL PORTILLO,04,MASISEA,39076,01,01,1,3,250193005,9.426809,1,,1,1,1,1,PLATANO,1171,3,2,500,0,1,1,0,0,0,0, 
2025,25,UCAYALI,01,CORONEL PORTILLO,04,MASISEA,39076,01,01,1,3,250193005,9.426809,1,,1,1,2,1,PLATANO,1171,3,1,000,0,1,1,0,0,0,0, 
2025,25,UCAYALI,01,CORONEL PORTILLO,04,MASISEA,39076,02,02,1,3,250193005,4.124059,1,,1,1,2,1,PLATANO,1171,3,2,000,0,1,1,0,0,0,0, 
2025,25,UCAYALI,01,CORONEL PORTILLO,04,MASISEA,39076,03,03,1,3,250193005,19.11296,1,,1,0,2,1,PLATANO,1171,3,2,000,0,1,1,0,0,0,0, 
2025,25,UCAYALI,01,CORONEL PORTILLO,04,MASISEA,39077,01,01,1,3,250193005,4.126926,1,,1,1,1,1,CULANTRO,2321,1,1,000,0,1,0,0,0,0,0, 
2025,25,UCAYALI,01,CORONEL PORTILLO,04,MASISEA,39077,04,04,1,3,250193005,20.41891,1,,1,1,2,1,CULANTRO,2321,1,0,250,0,1,0,0,0,0,0, 
2025,25,UCAYALI,01,CORONEL PORTILLO,04,MASISEA,39077,07,07,1,3,250193005,10.84872,1,,1,1,1,1,FRIJOL PUCALLPINO,2931,1,0,250,0,1,0,0,0,0,0, 
2025,25,UCAYALI,01,CORONEL PORTILLO,04,MASISEA,39079,02,02,1,3,250193006,12.33171,1,,1,1,3,1,COCONA,1127,2,0,500,0,1,0,0,0,0,0, 
2025,25,UCAYALI,01,CORONEL PORTILLO,04,MASISEA,39079,02,02,1,3,250193006,12.33171,1,,1,1,3,2,PIJUAYO FRUTA,1167,2,0,500,0,1,0,0,0,0,0, 
2025,25,UCAYALI,01,CORONEL PORTILLO,04,MASISEA,39079,02,02,1,3,250193006,12.33171,1,,1,1,3,3,LIMON RUGOSO,1142,2,3,000,0,1,0,0,0,0,0, 
2025,25,UCAYALI,01,CORONEL PORTILLO,06,NUEVA REQUENA,39086,02,02,1,3,250193006,2.53832,1,,1,1,1,1,MANI PARA FRUTA,2204,1,0,500,0,1,0,0,0,0,0, 
2025,25,UCAYALI,01,CORONEL PORTILLO,06,NUEVA REQUENA,39086,04,04,1,3,250193006,4.114455,1,,1,1,1,1,PLATANO,1171,3,1,000,0,1,0,0,0,0,0, 
2025,25,UCAYALI,01,CORONEL PORTILLO,06,NUEVA REQUENA,39089,01,01,1,3,250191005,52.45942,1,,1,1,1,1,ARROZ CASCARA,2101,1,0,500,0,0,0,0,0,0,1, 
2025,25,UCAYALI,01,CORONEL PORTILLO,07,MANANTAY,39093,01,01,1,3,250193005,109.9231,1,,1,1,1,1,PLATANO,1171,3,1,000,0,1,0,0,0,0,0, 
2025,25,UCAYALI,01,CORONEL PORTILLO,07,MANANTAY,39093,01,01,1,3,250193005,109.9231,1,,1,1,1,2,YUCA,2620,1,0,150,0,1,0,0,0,0,0, 
2025,25,UCAYALI,01,CORONEL PORTILLO,07,MANANTAY,39093,01,01,1,3,250193005,109.9231,1,,1,1,1,3,MAIZ AMARILLO DURO,2107,1,0,150,0,1,0,0,0,0,0, 
2025,25,UCAYALI,01,CORONEL PORTILLO,07,MANANTAY,39093,03,03,1,3,250193005,79.06699,1,,1,1,2,1,MAIZ AMARILLO DURO,2107,1,2,000,0,1,0,0,0,0,0, 
2025,25,UCAYALI,01,CORONEL PORTILLO,07,MANANTAY,39093,05,05,1,3,250193005,10.65451,1,,1,1,1,1,PLATANO,1171,3,1,000,0,1,0,0,0,0,0, 
2025,25,UCAYALI,01,CORONEL PORTILLO,07,MANANTAY,39094,08,08,1,3,250192006,42.2053,1,,1,0,1,1,MAIZ AMARILLO DURO,2107,1,5,000,0,1,0,0,0,0,0, 
2025,25,UCAYALI,01,CORONEL PORTILLO,07,MANANTAY,39094,08,08,1,3,250192006,42.2053,1,,1,0,1,2,ARROZ CASCARA,2101,1,9,000,0,1,0,0,0,0,0, 
2025,25,UCAYALI,02,ATALAYA,01,RAIMONDI,39116,07,07,1,3,250292005,22.58994,1,,1,0,1,1,CACAO,1202,3,1,800,0,1,0,0,0,0,0, 
2025,25,UCAYALI,02,ATALAYA,01,RAIMONDI,39116,10,10,1,3,250292005,15.47796,1,,1,0,1,1,CACAO,1202,3,2,524,0,1,0,0,0,0,0, 
2025,25,UCAYALI,02,ATALAYA,01,RAIMONDI,39116,13,13,1,3,250292005,68.7684,1,,1,0,2,1,CACAO,1202,3,0,419,0,1,0,0,0,0,0, 
2025,25,UCAYALI,02,ATALAYA,01,RAIMONDI,39116,13,13,1,3,250292005,68.7684,1,,1,0,1,1,CACAO,1202,3,5,141,0,1,0,0,0,0,0, 
2025,25,UCAYALI,02,ATALAYA,03,TAHUANIA,39124,05,05,1,3,250293005,20.13828,1,,1,0,1,1,PLATANO,1171,3,0,500,0,1,0,0,0,0,0, 
2025,25,UCAYALI,03,PADRE ABAD,02,IRAZOLA,39154,01,01,1,3,250393005,12.44102,1,,1,0,1,1,CACAO,1202,3,2,395,1,0,0,0,0,0,0, 
2025,25,UCAYALI,03,PADRE ABAD,02,IRAZOLA,39154,01,01,1,3,250393005,12.44102,1,,1,0,2,1,CACAO,1202,3,5,000,1,0,0,0,0,0,0, 
2025,25,UCAYALI,03,PADRE ABAD,02,IRAZOLA,39154,01,01,1,3,250393005,12.44102,1,,1,0,1,2,PLATANO,1171,3,2,373,1,0,0,0,0,0,0, 
2025,25,UCAYALI,03,PADRE ABAD,02,IRAZOLA,39160,03,03,1,3,250391005,16.08111,1,,1,1,2,1,CACAO,1202,3,3,000,0,0,1,0,0,0,0, 
2025,25,UCAYALI,03,PADRE ABAD,02,IRAZOLA,39160,03,03,1,3,250391005,16.08111,1,,1,1,3,1,CACAO,1202,3,2,000,0,0,1,0,0,0,0, 
2025,25,UCAYALI,03,PADRE ABAD,02,IRAZOLA,39160,05,05,1,3,250391005,.8649841,1,,1,0,1,1,PLATANO,1171,3,0,230,0,0,1,0,0,0,0, 
2025,25,UCAYALI,03,PADRE ABAD,02,IRAZOLA,39160,06,06,1,3,250391005,35.11622,1,,1,1,1,1,CACAO,1202,3,6,968,0,1,0,0,0,0,0, 
2025,25,UCAYALI,03,PADRE ABAD,02,IRAZOLA,39161,01,01,1,3,250393005,27.26651,1,,1,1,1,1,CACAO,1202,3,2,555,1,0,1,0,0,0,0, 
2025,25,UCAYALI,03,PADRE ABAD,02,IRAZOLA,39172,01,01,1,3,250391005,6.32842,1,,1,1,1,1,CACAO,1202,3,4,785,1,1,0,0,0,0,0, 
2025,25,UCAYALI,03,PADRE ABAD,02,IRAZOLA,39172,02,02,1,3,250391005,53.9581,1,,1,1,1,1,CACAO,1202,3,2,000,1,0,1,0,0,0,0, 
2025,25,UCAYALI,03,PADRE ABAD,02,IRAZOLA,39172,08,08,1,3,250391005,25.87676,1,,1,0,1,1,CACAO,1202,3,4,640,0,0,1,0,0,0,0, 
2025,25,UCAYALI,03,PADRE ABAD,02,IRAZOLA,39175,01,01,1,3,250392005,82.29339,1,,1,1,1,1,CACAO,1202,3,10,283,0,1,1,0,0,0,0, 
2025,25,UCAYALI,03,PADRE ABAD,02,IRAZOLA,39175,01,01,1,3,250392005,82.29339,1,,1,1,1,2,PLATANO,1171,3,0,538,0,1,1,0,0,0,0, 
2025,25,UCAYALI,03,PADRE ABAD,02,IRAZOLA,39175,03,03,1,3,250392005,52.65104,1,,1,1,2,1,CACAO,1202,3,0,910,0,0,1,0,0,0,0, 
2025,25,UCAYALI,03,PADRE ABAD,02,IRAZOLA,39175,03,03,1,3,250392005,52.65104,1,,1,1,1,1,CACAO,1202,3,1,000,0,0,1,0,0,0,0, 
2025,25,UCAYALI,03,PADRE ABAD,03,CURIMANA,39185,09,09,1,3,250391005,2.004087,1,,1,0,1,1,PALMA ACEITERA,1221,3,4,800,0,0,1,0,0,0,0, 
2025,25,UCAYALI,03,PADRE ABAD,03,CURIMANA,39185,09,09,1,3,250391005,2.004087,1,,1,0,2,1,PALMA ACEITERA,1221,3,2,200,0,0,1,0,0,0,0, 
2025,25,UCAYALI,03,PADRE ABAD,04,NESHUYA,39201,04,04,1,3,250391005,62.39103,1,,1,0,1,1,ARROZ CASCARA,2101,1,4,000,0,1,0,0,0,0,0, 
2025,25,UCAYALI,03,PADRE ABAD,05,ALEXANDER VON HUMBOLDT,39207,03,03,1,3,250391005,96.95633,1,,1,1,1,1,CACAO,1202,3,8,000,0,0,1,0,0,0,1, 
2025,25,UCAYALI,03,PADRE ABAD,05,ALEXANDER VON HUMBOLDT,39207,03,03,1,3,250391005,96.95633,1,,1,1,1,2,PLATANO,1171,3,1,350,0,0,0,0,0,0,1, 
2025,04,AREQUIPA,01,AREQUIPA,13,POCSI,41575,06,06,1,2,040131003,2.723409,1,,1,1,3,1,MAIZ AMILACEO,2108,1,0,500,0,0,0,0,1,0,0, 
2025,04,AREQUIPA,01,AREQUIPA,13,POCSI,41575,17,17,1,2,040131003,.1036548,1,,1,1,8,1,MAIZ AMILACEO,2108,1,1,000,0,0,0,0,1,0,0, 
2025,06,CAJAMARCA,02,CAJABAMBA,02,CACHACHI,42680,02,02,1,2,060233003,6.837715,1,,1,1,4,1,PAPA BLANCA,2612,1,0,500,0,0,1,0,0,0,0, 
2025,08,CUSCO,01,CUSCO,04,SAN JERONIMO,43339,03,03,1,2,080132003,28.55378,1,,1,1,4,1,MAIZ CHOCLO,2109,1,3000,000,0,0,1,0,0,1,0, 
2025,08,CUSCO,01,CUSCO,04,SAN JERONIMO,43339,14,14,1,2,080132003,1.108248,1,,1,0,1,1,MAIZ AMILACEO,2108,1,75,000,0,0,1,1,0,1,0, 
2025,11,ICA,05,PISCO,06,SAN ANDRES,45069,05,05,1,1,110511004,166.5831,1,,1,1,2,1,ESPARRAGO,1211,2,2,000,0,0,1,0,0,0,0, 
2025,12,JUNIN,07,TARMA,07,PALCAMAYO,45499,01,01,1,2,120753004,19.69259,1,,1,1,3,1,ALFALFA,1401,3,1200,000,0,0,0,1,0,1,0, 
2025,12,JUNIN,07,TARMA,09,TAPO,45504,01,01,1,2,120732002,97.61797,1,,1,1,3,1,PAPA COLOR,2613,1,0,100,0,0,1,1,0,0,0, 
2025,12,JUNIN,07,TARMA,09,TAPO,45504,02,02,1,2,120732002,751.9456,1,,1,1,2,1,ARVEJA,2901,1,0,300,0,0,1,1,0,0,0, 
2025,13,LA LIBERTAD,08,PATAZ,12,TAURIJA,45764,01,01,1,2,130833003,187.6589,1,,1,1,4,1,MAIZ AMARILLO DURO,2107,1,0,100,0,0,1,0,0,0,0, 
2025,13,LA LIBERTAD,08,PATAZ,12,TAURIJA,45764,01,01,1,2,130833003,187.6589,1,,1,1,1,1,ARVEJA,2901,1,0,250,0,0,0,0,0,0,1, 
2025,13,LA LIBERTAD,08,PATAZ,12,TAURIJA,45764,01,01,1,2,130833003,187.6589,1,,1,1,2,1,HABA,2942,1,0,200,0,0,0,0,0,0,1, 
2025,13,LA LIBERTAD,08,PATAZ,12,TAURIJA,45764,01,01,1,2,130833003,187.6589,1,,1,1,1,2,LENTEJA,2944,1,0,100,0,0,0,0,0,0,1, 
2025,13,LA LIBERTAD,08,PATAZ,12,TAURIJA,45764,02,02,1,2,130833003,76.81833,1,,1,1,2,1,ARVEJA,2901,1,0,200,0,0,1,0,0,0,1, 
2025,15,LIMA,07,HUAROCHIRI,08,HUANZA,46452,03,03,1,2,150742003,.4368148,1,,1,1,3,1,MAIZ AMILACEO,2108,1,400,000,0,0,1,1,0,0,0, 
2025,15,LIMA,07,HUAROCHIRI,08,HUANZA,46452,03,03,1,2,150742003,.4368148,1,,1,1,5,1,MAIZ AMILACEO,2108,1,200,000,0,0,1,1,0,0,0, 
2025,15,LIMA,10,YAUYOS,04,AYAVIRI,46645,03,03,1,2,151033003,16.97021,1,,1,1,1,1,PAPA BLANCA,2612,1,0,100,0,0,0,1,0,0,0, 
2025,16,LORETO,01,MAYNAS,06,MAZAN,46722,03,03,1,3,160193006,15.29149,1,,1,1,3,1,YUCA,2620,1,0,250,0,1,0,0,0,0,0, 
2025,16,LORETO,01,MAYNAS,06,MAZAN,46722,03,03,1,3,160193006,15.29149,1,,1,1,3,2,PLATANO,1171,3,0,250,0,1,0,0,0,0,0, 
2025,18,MOQUEGUA,02,GENERAL SANCHEZ CERRO,10,UBINAS,47193,02,02,1,2,180241002,160.5218,1,,1,1,5,1,HABA,2942,1,0,250,0,0,1,1,0,0,0, 
2025,18,MOQUEGUA,02,GENERAL SANCHEZ CERRO,10,UBINAS,47193,02,02,1,2,180241002,160.5218,1,,1,1,5,2,MAIZ AMILACEO,2108,1,0,250,0,0,1,1,0,0,0, 
2025,18,MOQUEGUA,02,GENERAL SANCHEZ CERRO,10,UBINAS,47193,02,02,1,2,180241002,160.5218,1,,1,1,5,3,PAPA NATIVA,2615,1,0,250,0,0,1,1,0,0,0, 
2025,20,PIURA,06,SULLANA,05,MARCAVELICA,47781,06,06,1,1,200611005,.168293,1,,1,1,3,1,ARROZ CASCARA,2101,1,0,125,0,0,0,0,0,1,0, 
2025,20,PIURA,06,SULLANA,05,MARCAVELICA,47781,11,11,1,1,200611005,2.137548,1,,1,1,3,1,ARROZ CASCARA,2101,1,0,070,0,0,0,0,0,1,0, 
2025,21,PUNO,04,CHUCUITO,04,KELLUYO,47992,02,02,1,2,210442003,1.303901,1,,1,1,10,1,QUINUA,2111,1,0,250,0,0,1,1,1,0,0, 
2025,21,PUNO,04,CHUCUITO,04,KELLUYO,47992,06,06,1,2,210442003,113.0484,1,,1,1,4,1,QUINUA,2111,1,2,000,0,0,1,1,1,0,0, 
2025,21,PUNO,04,CHUCUITO,04,KELLUYO,47992,07,07,1,2,210442003,51.58022,1,,1,1,8,1,CAÑIHUA,2103,1,0,050,0,0,1,1,1,0,0, 
2025,21,PUNO,04,CHUCUITO,04,KELLUYO,47992,07,07,1,2,210442003,51.58022,1,,1,1,5,1,QUINUA,2111,1,0,200,0,0,1,1,1,0,0, 
2025,21,PUNO,11,SAN ROMAN,04,CARACOTO,48285,01,01,1,2,211141003,69.21635,1,,1,1,3,1,CAÑIHUA,2103,1,0,050,0,1,0,1,1,0,0, 
2025,21,PUNO,11,SAN ROMAN,04,CARACOTO,48285,01,01,1,2,211141003,69.21635,1,,1,1,1,1,CAÑIHUA,2103,1,0,800,0,1,1,1,0,0,0, 
2025,21,PUNO,11,SAN ROMAN,04,CARACOTO,48285,01,01,1,2,211141003,69.21635,1,,1,1,1,2,QUINUA,2111,1,0,250,0,1,1,0,1,1,0, 
2025,21,PUNO,11,SAN ROMAN,04,CARACOTO,48285,01,01,1,2,211141003,69.21635,1,,1,1,1,3,PAPA NATIVA,2615,1,0,450,0,0,0,1,1,1,0, 
2025,21,PUNO,11,SAN ROMAN,04,CARACOTO,48285,01,01,1,2,211141003,69.21635,1,,1,1,1,4,ARVEJA,2901,1,0,670,0,1,0,0,1,1,0, 
2025,21,PUNO,11,SAN ROMAN,04,CARACOTO,48285,02,02,1,2,211141003,23.55632,1,,1,1,1,1,CAÑIHUA,2103,1,0,100,0,0,1,1,0,0,0, 
2025,21,PUNO,11,SAN ROMAN,04,CARACOTO,48285,03,03,1,2,211141003,.2741143,1,,1,1,2,1,QUINUA,2111,1,0,070,0,0,1,1,1,0,0, 
2025,,,,,,,90024,01,01,1,1,,1,2,2,1,0,1,1,ARANDANO,1107,2,14,800,0,0,1,0,0,0,0, 
2025,,,,,,,90150,01,01,1,2,,1,2,5,1,1,6,1,ZANAHORIA,2344,1,2,500,0,1,0,0,0,0,0, 
2025,,,,,,,90150,01,01,1,2,,1,2,5,1,1,3,1,ZANAHORIA,2344,1,2,100,0,1,0,0,0,0,0, 
2025,,,,,,,90254,01,01,1,3,,1,2,8,1,1,1,1,MAIZ AMILACEO,2108,1,0,150,0,1,0,0,0,0,0, 
2025,,,,,,,90466,01,01,1,1,,1,2,2,1,0,2,1,OLIVO,1218,2,27,425,1,0,0,0,0,0,0, 
2025,,,,,,,90532,01,01,1,1,,1,2,2,1,0,3,1,PECANO,1165,2,5,500,0,0,1,0,0,0,0, 
2025,,,,,,,90915,01,01,1,1,,1,2,1,1,1,1,1,PAPA BLANCA,2612,1,0,064,0,0,1,0,0,0,0, 
2025,,,,,,,90916,01,01,1,1,,1,2,1,1,1,1,1,PITAHAYA,1169,2,0,002,0,0,1,0,0,0,0, 
2025,,,,,,,90916,01,01,1,1,,1,2,1,1,1,1,2,CHIRIMOYO,1121,2,0,003,0,0,1,0,0,0,0, 
2025,,,,,,,90916,01,01,1,1,,1,2,1,1,1,1,3,PACAE,1159,2,0,002,0,0,1,0,0,0,0, 
2025,,,,,,,90916,01,01,1,1,,1,2,1,1,1,1,4,GUANABANO,1133,2,0,002,0,0,1,0,0,0,0, 
2025,,,,,,,90916,01,01,1,1,,1,2,1,1,1,1,5,HIGUERA,1136,2,0,002,0,0,1,0,0,0,0, 
2025,,,,,,,90916,01,01,1,1,,1,2,1,1,1,1,6,CIRUELA AGRIA,1125,2,0,001,0,0,1,0,0,0,0, 
2025,,,,,,,90916,01,01,1,1,,1,2,1,1,1,1,7,LIMON ACIDO,1140,3,0,001,0,0,1,0,0,0,0, 
2025,,,,,,,90916,01,01,1,1,,1,2,1,1,1,1,8,SABILA,1311,2,0,001,0,0,1,0,0,0,0, 
2025,,,,,,,90971,01,01,1,1,,1,2,1,1,1,1,1,MANGO,1147,2,0,009,0,0,1,0,0,0,0, 
2025,,,,,,,90971,01,01,1,1,,1,2,1,1,1,1,2,HIGUERA,1136,2,0,003,0,0,1,0,0,0,0, 
2025,,,,,,,90975,01,01,1,1,,1,2,1,1,1,1,1,PLATANO,1171,3,0,027,0,0,1,0,0,0,0, 
2025,,,,,,,91009,01,01,1,1,,1,2,1,1,0,1,1,PECANO,1165,2,0,388,0,0,1,0,0,0,0, 
2025,,,,,,,91020,01,01,1,1,,1,2,5,1,1,1,1,MARACUYA,2205,1,0,020,0,0,1,0,0,0,0, 
2025,,,,,,,91020,01,01,1,1,,1,2,5,1,1,1,2,TUNA FRUTA,1186,2,0,021,0,0,1,0,0,0,0, 
2025,,,,,,,91020,01,01,1,1,,1,2,5,1,1,1,3,PAPAYA,1163,2,0,015,0,0,1,0,0,0,0, 
2025,,,,,,,91020,01,01,1,1,,1,2,5,1,1,1,4,PACAE,1159,2,0,020,0,0,1,0,0,0,0, 
2025,,,,,,,91227,01,01,1,1,,1,2,7,1,1,1,1,PITAHAYA,1169,2,4,600,0,0,1,0,0,0,0, 
2025,,,,,,,91227,01,01,1,1,,1,2,7,1,1,1,2,PALTO,1162,2,3,500,0,0,1,0,0,0,0, 
2025,,,,,,,91301,01,01,1,1,,1,2,5,1,1,1,1,PACAE,1159,2,0,002,0,0,1,0,0,0,0, 
2025,,,,,,,91307,01,01,1,1,,1,2,1,1,0,2,1,VID,1192,2,2,000,0,0,1,0,0,0,0, 
2025,,,,,,,91335,01,01,1,1,,1,2,1,1,1,3,1,ARROZ CASCARA,2101,1,23,885,0,0,0,0,0,1,0, 
2025,,,,,,,91335,01,01,1,1,,1,2,1,1,1,2,1,ARROZ CASCARA,2101,1,20,646,0,0,0,0,0,1,0, 
2025,,,,,,,91335,01,01,1,1,,1,2,1,1,1,1,1,MAIZ AMARILLO DURO,2107,1,4,000,0,0,0,0,0,1,0, 
2025,,,,,,,91364,01,01,1,1,,1,2,1,1,0,1,1,MANGO,1147,2,6,000,0,0,0,0,0,1,0, 
2025,,,,,,,91402,01,01,1,1,,1,2,2,1,0,1,1,PAPAYA,1163,2,0,509,0,1,1,0,0,0,0, 
2025,,,,,,,91427,01,01,1,1,,1,2,1,1,0,1,1,CACAO,1202,3,0,001,0,0,1,0,0,0,0, 
2025,,,,,,,91463,01,01,1,2,,1,2,2,1,1,1,1,AVENA FORRAJERA,2701,1,9,786,0,1,0,0,0,0,0, 
2025,,,,,,,91464,01,01,1,2,,1,2,2,1,1,1,1,AVENA FORRAJERA,2701,1,9,000,0,1,0,0,0,0,0, 
2025,,,,,,,91600,01,01,1,1,,1,2,2,1,0,2,1,ARANDANO,1107,2,8,000,1,0,0,0,0,0,0, 
2025,,,,,,,91618,01,01,1,1,,1,2,2,1,0,1,1,PALTO,1162,2,120,000,0,0,1,0,0,0,0, 
